Target,Feature,MeanAbsSHAP
res_u0,NumSpiroAtoms,0.026258084693923593
res_u0,NumRotatableBonds,0.024604453276715503
res_u0,BCUT2D_LOGPLOW,0.024215485468093902
res_u0,Ipc,0.020553886917070486
res_u0,BCUT2D_CHGLO,0.017850920348937507
res_u0,RingCount,0.013815979728009551
res_u0,FpDensityMorgan1,0.013735312416218221
res_u0,MorganFP_314,0.013146341298008337
res_u0,fr_ether,0.012332247094251216
res_u0,SlogP_VSA5,0.011780379929878109
res_u0,SlogP_VSA1,0.011297041304409504
res_u0,MorganFP_1325,0.011279470197856425
res_u0,fr_piperdine,0.01122502668108791
res_u0,NumAliphaticRings,0.010551319692051038
res_u0,NumAmideBonds,0.010481179988011718
res_u0,BertzCT,0.010431130821540137
res_u0,fr_amide,0.01037520789168775
res_u0,MolLogP,0.0103502022963512
res_u0,PEOE_VSA6,0.00934685047250241
res_u0,MorganFP_935,0.009301744740922003
res_u0,MorganFP_926,0.009207457278855144
res_u0,MaxEStateIndex,0.00912817060676025
res_u0,MorganFP_1380,0.009007052063010633
res_u0,VSA_EState6,0.008933433825000975
res_u0,MorganFP_1162,0.008850976264104247
res_u0,NumAliphaticCarbocycles,0.008818737993948162
res_u0,fr_oxime,0.008758467414416373
res_u0,EState_VSA8,0.008665770354913548
res_u0,PEOE_VSA4,0.00863160999957472
res_u0,Chi4n,0.00858926345898135
res_u0,AvgIpc,0.008402308764256305
res_u0,SlogP_VSA2,0.008373695446411148
res_u0,SlogP_VSA3,0.008292552070110105
res_u0,MorganFP_725,0.008165051768068225
res_u0,NumBridgeheadAtoms,0.008000136880888022
res_u0,Chi4v,0.007963127751687352
res_u0,fr_ester,0.007932842758018524
res_u0,MaxAbsEStateIndex,0.007928874701290623
res_u0,MorganFP_1923,0.007823344846023247
res_u0,fr_C_O_noCOO,0.00745292669069022
res_u0,fr_nitrile,0.007433130690827966
res_u0,MorganFP_790,0.0071394669581204655
res_u0,SlogP_VSA6,0.007083904819213786
res_u0,fr_C_O,0.007046390878502279
res_u0,qed,0.007033973995130509
res_u0,MorganFP_1384,0.0068759825816378
res_u0,MorganFP_80,0.006844577011652291
res_u0,VSA_EState5,0.006834572484548971
res_u0,NumSaturatedRings,0.006764742543251486
res_u0,MorganFP_1452,0.006740695395041257
res_u0,BCUT2D_CHGHI,0.006665249024998048
res_u0,NumSaturatedCarbocycles,0.006638098891358823
res_u0,MorganFP_1114,0.006634713865350932
res_u0,MorganFP_1224,0.006327884073834866
res_u0,MorganFP_1028,0.006187546742148697
res_u0,fr_aldehyde,0.006164837934076786
res_u0,MorganFP_1866,0.006139060898451135
res_u0,fr_bicyclic,0.006061255379812792
res_u0,BCUT2D_MWLOW,0.005993101243906495
res_u0,Kappa1,0.005937032457581594
res_u0,SMR_VSA2,0.00591002864157781
res_u0,MorganFP_623,0.00590697176521644
res_u0,PEOE_VSA2,0.005863977886736393
res_u0,MorganFP_1292,0.005822186646051705
res_u0,MorganFP_1691,0.005743394552497194
res_u0,SMR_VSA3,0.005678987405030057
res_u0,NumHAcceptors,0.005657254535006359
res_u0,PEOE_VSA7,0.005491624758877151
res_u0,fr_lactone,0.005308481912128627
res_u0,SMR_VSA6,0.005284081443023752
res_u0,EState_VSA2,0.005277047988245613
res_u0,MorganFP_441,0.005216971751651727
res_u0,fr_term_acetylene,0.005147591246757656
res_u0,Chi1n,0.005119697471370273
res_u0,SMR_VSA5,0.0051139141784833555
res_u0,Chi1v,0.005000930189042265
res_u0,MinAbsPartialCharge,0.00496802970763747
res_u0,PEOE_VSA3,0.0049541320004500445
res_u0,MorganFP_807,0.004935535593565874
res_u0,VSA_EState7,0.004910762954154052
res_u0,MorganFP_679,0.004737348539987579
res_u0,PEOE_VSA9,0.004610684532904997
res_u0,VSA_EState9,0.004550343237351626
res_u0,SMR_VSA10,0.0044819084939081225
res_u0,MorganFP_622,0.004465475713950582
res_u0,MaxPartialCharge,0.004420953930130054
res_u0,MorganFP_950,0.004331402375362814
res_u0,EState_VSA3,0.00432975531523698
res_u0,NumHeterocycles,0.004239316346858687
res_u0,MorganFP_1855,0.004231448828009889
res_u0,SMR_VSA1,0.004212826893199235
res_u0,MorganFP_695,0.004162902381038293
res_u0,MorganFP_1819,0.0041469087731093165
res_u0,MorganFP_1873,0.004138279869686812
res_u0,MorganFP_542,0.004121481283567846
res_u0,PEOE_VSA12,0.004090525810373947
res_u0,MorganFP_750,0.004045316674513742
res_u0,NumUnspecifiedAtomStereoCenters,0.003903914853256083
res_u0,PEOE_VSA5,0.0037940266367513685
res_u0,fr_Imine,0.003675666143419221
res_u0,SMR_VSA9,0.003659394421381876
res_u0,MorganFP_694,0.0036512946349103004
res_u0,MorganFP_1034,0.0036429953465703874
res_u0,BalabanJ,0.0034749715475245464
res_u0,Chi0,0.003474936006377902
res_u0,FractionCSP3,0.0034647240746235185
res_u0,LabuteASA,0.0034545748118894153
res_u0,EState_VSA1,0.0034294787214603274
res_u0,MorganFP_343,0.0034219195020850747
res_u0,NumAtomStereoCenters,0.0034189215108035853
res_u0,SMR_VSA7,0.0034177622850984335
res_u0,MorganFP_57,0.003349042505316902
res_u0,MorganFP_1060,0.0033150663359556346
res_u0,MorganFP_1542,0.003295682038413361
res_u0,fr_epoxide,0.0032934385302942244
res_u0,NOCount,0.0032561461947698263
res_u0,fr_morpholine,0.0032518277906929145
res_u0,NumAromaticHeterocycles,0.0032100335500435903
res_u0,MorganFP_585,0.003188895363709889
res_u0,NumAromaticRings,0.0031680200847331434
res_u0,fr_Ar_N,0.0031660494465613736
res_u0,MorganFP_1274,0.0031569733263459056
res_u0,MorganFP_1738,0.0030561570149147885
res_u0,MorganFP_1004,0.0030286592247430236
res_u0,MorganFP_248,0.003024132654070854
res_u0,MorganFP_1309,0.0029840950523503124
res_u0,VSA_EState2,0.002962140217798151
res_u0,MorganFP_1,0.0029434508739504964
res_u0,MorganFP_974,0.0029428169790189714
res_u0,MorganFP_802,0.0029366308586322703
res_u0,Chi2n,0.002896606254607377
res_u0,SlogP_VSA10,0.0028761635115370156
res_u0,MorganFP_472,0.0028604180940892546
res_u0,fr_NH1,0.00283686156058684
res_u0,MorganFP_1535,0.002775680809863843
res_u0,BCUT2D_MRLOW,0.0027627525550342398
res_u0,SlogP_VSA4,0.0027533286058401244
res_u0,MorganFP_915,0.0027229150340426713
res_u0,MorganFP_523,0.0027147631425759756
res_u0,MorganFP_489,0.0026764537944109178
res_u0,MorganFP_1238,0.002663212740095332
res_u0,SlogP_VSA11,0.002634801312116906
res_u0,BCUT2D_MRHI,0.002619340366203687
res_u0,SMR_VSA4,0.002611488538725098
res_u0,fr_amidine,0.0025618679842446
res_u0,Chi0n,0.0025079911711209206
res_u0,EState_VSA10,0.0024468490256113
res_u0,VSA_EState1,0.002422710629708945
res_u0,BCUT2D_LOGPHI,0.0024121591575731144
res_u0,MinEStateIndex,0.0023938910013478107
res_u0,PEOE_VSA8,0.0023868358252948385
res_u0,MorganFP_88,0.002354070487781428
res_u0,MorganFP_1750,0.0023273137609940023
res_u0,MorganFP_1722,0.0023267468160483988
res_u0,MorganFP_231,0.0023140136813162827
res_u0,MorganFP_674,0.002312546899775043
res_u0,MorganFP_455,0.0023086478843470106
res_u0,fr_methoxy,0.0022810093660373242
res_u0,NumSaturatedHeterocycles,0.0022803282849181415
res_u0,MorganFP_1440,0.002230876225978136
res_u0,MorganFP_1603,0.0022121245950693265
res_u0,NumHeteroatoms,0.0021816175962966326
res_u0,MorganFP_1164,0.0021771647622808813
res_u0,Chi0v,0.0021439618920339855
res_u0,fr_ketone_Topliss,0.002143183052481618
res_u0,MorganFP_713,0.002126887988648377
res_u0,Chi2v,0.0021135261249055474
res_u0,fr_allylic_oxid,0.0021111034486675636
res_u0,MorganFP_74,0.002103250723623205
res_u0,MorganFP_1575,0.00209354449424427
res_u0,MorganFP_380,0.0020582498721778393
res_u0,MorganFP_656,0.002044480125470727
res_u0,MorganFP_1446,0.0020225307000800966
res_u0,MorganFP_650,0.0019957238771310132
res_u0,FpDensityMorgan3,0.001961913568616183
res_u0,MorganFP_370,0.001957089229108533
res_u0,MorganFP_1306,0.0019519131497945637
res_u0,MorganFP_1980,0.0019491541483730543
res_u0,MorganFP_881,0.001943499029846862
res_u0,MorganFP_1128,0.0018865805723471568
res_u0,MorganFP_1257,0.0018847626976203173
res_u0,fr_Al_OH,0.00186629201535834
res_u0,MorganFP_1781,0.001864044003013987
res_u0,NumValenceElectrons,0.001850848148986188
res_u0,MorganFP_624,0.0018434504275210203
res_u0,MorganFP_403,0.0018230218064272776
res_u0,NumAliphaticHeterocycles,0.0018070594841353227
res_u0,fr_aryl_methyl,0.0017199429526226595
res_u0,MorganFP_145,0.001697926596229081
res_u0,MorganFP_242,0.0016929571371405814
res_u0,MorganFP_378,0.0016836694213307056
res_u0,EState_VSA6,0.0016732090219447856
res_u0,MorganFP_1088,0.001673149043112062
res_u0,MorganFP_1171,0.0016475664800964297
res_u0,BCUT2D_MWHI,0.0016135949580423131
res_u0,ExactMolWt,0.0015973610220607953
res_u0,MorganFP_1507,0.0015784188044490294
res_u0,PEOE_VSA13,0.0015713073033257387
res_u0,MorganFP_447,0.0015463047144003213
res_u0,HeavyAtomCount,0.0015232969464777852
res_u0,MorganFP_308,0.0015212934357696213
res_u0,MorganFP_611,0.0015137592411717548
res_u0,fr_pyridine,0.0014756990040186793
res_u0,fr_aniline,0.0014685974459862337
res_u0,MinPartialCharge,0.0014642076899658604
res_u0,MorganFP_301,0.0014365604548365809
res_u0,MorganFP_470,0.0014183196705707815
res_u0,MorganFP_1584,0.0014063641387328971
res_u0,MorganFP_294,0.001402547875070013
res_u0,MolMR,0.00140181920843861
res_u0,MorganFP_222,0.0013859300665790214
res_u0,fr_Ar_OH,0.0013826372342882678
res_u0,MorganFP_1057,0.0013778350470389285
res_u0,MorganFP_283,0.001360230454534758
res_u0,SlogP_VSA8,0.0013551323097854037
res_u0,MorganFP_305,0.0013452863164129668
res_u0,MorganFP_1089,0.001344334122026339
res_u0,MorganFP_1083,0.0013192805892211083
res_u0,MorganFP_1881,0.0013083291777875275
res_u0,fr_Ndealkylation2,0.0013027143981307744
res_u0,PEOE_VSA14,0.0013007520636665504
res_u0,fr_Nhpyrrole,0.0012699669313733467
res_u0,fr_ketone,0.0012670052553507957
res_u0,MorganFP_497,0.0012302119828818832
res_u0,MorganFP_369,0.0012099993709125557
res_u0,MorganFP_941,0.001188109719339991
res_u0,HeavyAtomMolWt,0.0011829849229047795
res_u0,MorganFP_787,0.0011827192918863146
res_u0,MorganFP_2000,0.0011805745787278282
res_u0,MorganFP_293,0.0011733730756823206
res_u0,fr_imidazole,0.0011571144913323224
res_u0,MinAbsEStateIndex,0.001156269637517653
res_u0,MorganFP_1256,0.0011517439966555684
res_u0,MolWt,0.0011486743268959002
res_u0,MorganFP_1159,0.001142375099414494
res_u0,TPSA,0.0011351253095849643
res_u0,fr_NH0,0.0011265866361154621
res_u0,EState_VSA4,0.0011202986564885578
res_u0,MorganFP_588,0.0011164243220464414
res_u0,MorganFP_884,0.001112385798507603
res_u0,MorganFP_1154,0.0011107839217729635
res_u0,VSA_EState8,0.0010996580194987473
res_u0,MorganFP_114,0.001096006994135678
res_u0,MorganFP_1915,0.001077864388236776
res_u0,EState_VSA9,0.0010747307875863044
res_u0,MorganFP_1369,0.001066278845188208
res_u0,MorganFP_1604,0.001064507328090258
res_u0,fr_Ndealkylation1,0.0010490580876212335
res_u0,MorganFP_841,0.0010367985327611677
res_u0,MorganFP_1063,0.0010363269794615917
res_u0,MorganFP_316,0.001036318530794233
res_u0,MorganFP_1791,0.0010361083009047434
res_u0,MorganFP_900,0.0010359323510783724
res_u0,MorganFP_492,0.0010317312623374165
res_u0,EState_VSA5,0.0010230379090003226
res_u0,MorganFP_1457,0.0010191561909741723
res_u0,SPS,0.0010100993154101162
res_u0,MorganFP_84,0.0010027051235665567
res_u0,MorganFP_1282,0.0009893572650034911
res_u0,MorganFP_2041,0.0009850859135331121
res_u0,MorganFP_1009,0.00097558868321903
res_u0,MorganFP_263,0.0009688499606199911
res_u0,MorganFP_1172,0.0009645550282932618
res_u0,PEOE_VSA10,0.0009638580736227595
res_u0,Kappa2,0.0009534255700663721
res_u0,MorganFP_1689,0.0009493683712207713
res_u0,MorganFP_1602,0.0009473304038401693
res_u0,fr_halogen,0.0009449050277471542
res_u0,VSA_EState3,0.000937461072696351
res_u0,MorganFP_1136,0.0009255273184826365
res_u0,MorganFP_238,0.0009233110627828864
res_u0,MorganFP_2035,0.0009187128535450028
res_u0,MorganFP_1523,0.0009100086431863019
res_u0,MorganFP_31,0.0009074334710967378
res_u0,MorganFP_602,0.0008938004990195623
res_u0,MorganFP_1431,0.0008860317698636209
res_u0,NumHDonors,0.0008853564592918559
res_u0,MorganFP_609,0.0008850452278056764
res_u0,MorganFP_849,0.0008788572445046157
res_u0,MorganFP_1019,0.000878737818705531
res_u0,MorganFP_431,0.0008730380777716959
res_u0,FpDensityMorgan2,0.0008662114461494639
res_u0,MorganFP_1349,0.0008654763884551358
res_u0,MorganFP_1810,0.0008623082919802982
res_u0,MorganFP_221,0.0008598714404051862
res_u0,MorganFP_712,0.0008583810547552276
res_u0,fr_NH2,0.0008420494018337195
res_u0,MorganFP_1487,0.0008392473119893111
res_u0,MorganFP_1745,0.0008289277221338125
res_u0,fr_priamide,0.000825341988762375
res_u0,Chi3n,0.0008207590674683161
res_u0,MorganFP_528,0.0008178069400310051
res_u0,MorganFP_550,0.0008097200560150668
res_u0,MorganFP_61,0.0008089549321302911
res_u0,Chi3v,0.000807792983415311
res_u0,MorganFP_598,0.0008026131846127101
res_u0,MorganFP_11,0.0008005984966584947
res_u0,MorganFP_393,0.000786805917021411
res_u0,MorganFP_1481,0.0007848046353028621
res_u0,HallKierAlpha,0.0007815654899106903
res_u0,MorganFP_1017,0.0007760652971846866
res_u0,MorganFP_854,0.0007757207337144792
res_u0,EState_VSA7,0.0007627703428701125
res_u0,MorganFP_739,0.0007603368116438106
res_u0,MorganFP_970,0.0007565710019480321
res_u0,MaxAbsPartialCharge,0.000740578693439602
res_u0,Chi1,0.0007400446024305154
res_u0,MorganFP_1407,0.0007331029851920903
res_u0,MorganFP_287,0.0007261785195441917
res_u0,MorganFP_1056,0.0007235541426634882
res_u0,MorganFP_297,0.0007214437773727696
res_u0,MorganFP_706,0.0007210303824831499
res_u0,fr_alkyl_carbamate,0.0007204086961501161
res_u0,VSA_EState4,0.0007201595523974902
res_u0,MorganFP_508,0.0007176251580822281
res_u0,MorganFP_590,0.0007163123632781208
res_u0,MorganFP_228,0.0007151424559851875
res_u0,MorganFP_1439,0.000714178588707
res_u0,MorganFP_1772,0.0007114283042901661
res_u0,MorganFP_1181,0.0007112003747024574
res_u0,MorganFP_699,0.0007095252494327724
res_u0,MorganFP_473,0.0007058932820218616
res_u0,MorganFP_1415,0.0007055195283319336
res_u0,MorganFP_918,0.0007033593776432099
res_u0,MorganFP_1747,0.0007022075762215536
res_u0,fr_ArN,0.0007020458634360694
res_u0,MorganFP_151,0.0006997939579596277
res_u0,MorganFP_1351,0.0006978789296117611
res_u0,MorganFP_924,0.000697857705745264
res_u0,MorganFP_361,0.0006971598453819752
res_u0,MorganFP_669,0.0006880559637584157
res_u0,MorganFP_1946,0.0006837680842891132
res_u0,MorganFP_220,0.0006811560849600937
res_u0,MorganFP_487,0.0006773909720941447
res_u0,MorganFP_1506,0.0006773261895868927
res_u0,MorganFP_504,0.0006768176387995481
res_u0,MorganFP_241,0.0006723235921235755
res_u0,MorganFP_1391,0.0006658884547450725
res_u0,MorganFP_62,0.0006658534943417181
res_u0,MorganFP_562,0.0006624241933168378
res_u0,MorganFP_997,0.0006618424655462149
res_u0,MorganFP_302,0.000660519871606084
res_u0,MorganFP_225,0.0006564573469331663
res_u0,MorganFP_2040,0.0006547535859155005
res_u0,MorganFP_1468,0.00065285300949472
res_u0,MorganFP_1909,0.0006525854413775959
res_u0,Phi,0.0006480504696963862
res_u0,MorganFP_1910,0.0006463681244758845
res_u0,MorganFP_956,0.0006454182212328306
res_u0,MorganFP_1811,0.0006441110645682784
res_u0,MorganFP_960,0.0006429372078855522
res_u0,NHOHCount,0.0006424567636433664
res_u0,MorganFP_140,0.0006411273628182244
res_u0,MorganFP_1839,0.000639907786535332
res_u0,MorganFP_398,0.000638886709970393
res_u0,fr_Ar_NH,0.0006373292556891101
res_u0,MorganFP_1879,0.0006317933840909972
res_u0,MorganFP_1147,0.0006308493903343333
res_u0,MorganFP_1141,0.0006285867341830453
res_u0,MorganFP_1005,0.0006251119161606766
res_u0,MorganFP_1677,0.0006213507248940004
res_u0,MorganFP_1236,0.0006203249448790303
res_u0,MorganFP_940,0.0006177679609827465
res_u0,MorganFP_56,0.0006131779162678868
res_u0,MorganFP_352,0.000611323490185896
res_u0,MorganFP_1549,0.0006098127566219774
res_u0,MorganFP_715,0.0006087206106749363
res_u0,MorganFP_1225,0.0006069706915295683
res_u0,MorganFP_972,0.0006016616162232822
res_u0,MorganFP_446,0.0005971745330170961
res_u0,MorganFP_91,0.0005944567765691317
res_u0,MorganFP_117,0.0005912802229286171
res_u0,MorganFP_1305,0.0005902249913779088
res_u0,MorganFP_1657,0.0005865838348618126
res_u0,MorganFP_1921,0.000580134863686908
res_u0,MorganFP_875,0.0005794200256932527
res_u0,MorganFP_1592,0.0005783640231820754
res_u0,MorganFP_1593,0.0005776490814459976
res_u0,MorganFP_392,0.0005775440373224683
res_u0,MorganFP_755,0.0005723903089790951
res_u0,MorganFP_617,0.000572226265729114
res_u0,MorganFP_775,0.0005689923415411613
res_u0,MorganFP_349,0.0005686227071637404
res_u0,MorganFP_313,0.0005677547857085301
res_u0,MorganFP_1152,0.000563811760799581
res_u0,fr_piperzine,0.0005608283173096424
res_u0,MorganFP_1385,0.0005555991806613747
res_u0,MorganFP_1917,0.0005532560079630002
res_u0,MorganFP_345,0.0005501088124001399
res_u0,MorganFP_1175,0.0005491642422857695
res_u0,MorganFP_1859,0.0005474822199321352
res_u0,MorganFP_1454,0.0005471621243050322
res_u0,MorganFP_1516,0.0005422345068946015
res_u0,MorganFP_176,0.0005406220151344314
res_u0,MorganFP_547,0.0005393858482782434
res_u0,MorganFP_879,0.0005391473995405249
res_u0,MorganFP_553,0.0005387129027403716
res_u0,MorganFP_1726,0.0005372647517651785
res_u0,MorganFP_434,0.0005369154278596398
res_u0,MorganFP_1786,0.0005360057086218149
res_u0,MorganFP_227,0.0005359488415169836
res_u0,MorganFP_515,0.0005341578056977597
res_u0,MorganFP_721,0.0005311459211188776
res_u0,MorganFP_1425,0.000524616886168701
res_u0,MorganFP_1134,0.0005232411814140505
res_u0,MorganFP_29,0.0005231267096969532
res_u0,MorganFP_413,0.000522111730359029
res_u0,MorganFP_1496,0.0005215956939500757
res_u0,MorganFP_264,0.0005212767195625929
res_u0,fr_benzene,0.0005194587686564773
res_u0,MorganFP_477,0.000517538759923923
res_u0,MorganFP_1675,0.0005154225373553345
res_u0,NumAromaticCarbocycles,0.0005045812628522981
res_u0,PEOE_VSA1,0.0005043603744279608
res_u0,MorganFP_1040,0.0005027700607060978
res_u0,MorganFP_2039,0.000499190555390669
res_u0,MorganFP_1170,0.0004991231064195745
res_u0,MorganFP_1629,0.0004964621600229293
res_u0,MorganFP_384,0.0004957187302206875
res_u0,MorganFP_867,0.0004949396983884071
res_u0,MorganFP_794,0.0004949346289213281
res_u0,MorganFP_1860,0.0004930800791792648
res_u0,MorganFP_1928,0.0004925612438264579
res_u0,MorganFP_529,0.0004925202331360197
res_u0,MorganFP_457,0.0004909153979533585
res_u0,MorganFP_247,0.00048169726080321594
res_u0,MorganFP_1070,0.0004807592581677227
res_u0,MorganFP_906,0.000480199224781245
res_u0,MorganFP_1281,0.00048019783497528577
res_u0,MorganFP_1598,0.00047805653024988716
res_u0,MorganFP_1480,0.0004732800008923732
res_u0,MorganFP_2006,0.00047143445153415085
res_u0,MorganFP_1104,0.00047081125735712705
res_u0,MorganFP_196,0.0004682967408807599
res_u0,MorganFP_1799,0.0004678736743808258
res_u0,MorganFP_614,0.0004646500273665879
res_u0,PEOE_VSA11,0.00046317771388271466
res_u0,MorganFP_1992,0.00046124210313428193
res_u0,MorganFP_1870,0.0004593084102089051
res_u0,MorganFP_1243,0.0004592138767184224
res_u0,MorganFP_1121,0.00045874710084171965
res_u0,MorganFP_2001,0.00045871660398552193
res_u0,MorganFP_716,0.00045327675623411777
res_u0,MorganFP_1233,0.00045133579822140746
res_u0,fr_Al_OH_noTert,0.00045123707951837133
res_u0,MorganFP_1664,0.00044496886519482357
res_u0,MorganFP_760,0.0004446321766299661
res_u0,MorganFP_1389,0.0004405357692012331
res_u0,MorganFP_1244,0.00043414019896954414
res_u0,MorganFP_844,0.0004341119564878113
res_u0,MorganFP_1043,0.0004338869591592811
res_u0,MorganFP_142,0.000431982485257322
res_u0,MorganFP_1933,0.0004315000278584193
res_u0,MorganFP_1226,0.0004307542237220332
res_u0,MorganFP_43,0.0004287721026104663
res_u0,fr_Al_COO,0.0004274129719124176
res_u0,fr_nitro,0.00042699707305291667
res_u0,MorganFP_916,0.00042691552924316057
res_u0,MorganFP_1685,0.00042591752509497384
res_u0,MorganFP_1216,0.0004250317713158438
res_u0,MorganFP_1648,0.0004244926179549111
res_u0,MorganFP_2030,0.00042431476568162907
res_u0,MorganFP_1894,0.0004242767709902182
res_u0,MorganFP_1731,0.0004237898938008584
res_u0,MorganFP_1718,0.00042261065868007107
res_u0,MorganFP_1386,0.0004215700898639625
res_u0,MorganFP_1356,0.0004206972408865113
res_u0,MorganFP_680,0.000419970206051687
res_u0,MorganFP_115,0.0004186029012741308
res_u0,MorganFP_1492,0.0004174199038825464
res_u0,MorganFP_689,0.0004131294225662714
res_u0,MorganFP_1583,0.0004103409516683314
res_u0,MorganFP_1105,0.00040755853675364053
res_u0,MorganFP_1885,0.00040670689310354647
res_u0,MorganFP_1944,0.0004064815163683306
res_u0,MorganFP_848,0.0004063773105081054
res_u0,MorganFP_932,0.0004062533791657188
res_u0,MorganFP_1069,0.00040606196708540664
res_u0,MorganFP_1974,0.0004033297137284535
res_u0,MorganFP_908,0.00040085434756474567
res_u0,MorganFP_135,0.0003988200032281384
res_u0,MorganFP_1375,0.0003985297043691389
res_u0,MorganFP_1536,0.0003967579326708801
res_u0,MorganFP_77,0.00039611581542658313
res_u0,MorganFP_1724,0.0003957109806360677
res_u0,MorganFP_1746,0.0003954050386018935
res_u0,MorganFP_468,0.0003943820000022242
res_u0,MorganFP_1976,0.00039365899289623487
res_u0,MorganFP_1442,0.00039316000213148074
res_u0,MorganFP_1888,0.00039155890584061125
res_u0,MorganFP_1518,0.00038898913103912493
res_u0,MorganFP_1485,0.0003888959645709633
res_u0,MorganFP_989,0.0003881106255139457
res_u0,MorganFP_362,0.0003880712871032301
res_u0,MorganFP_339,0.00037796544014418034
res_u0,MorganFP_1466,0.0003753479193946987
res_u0,MorganFP_1101,0.0003749672034489606
res_u0,MorganFP_438,0.0003699312198732514
res_u0,MorganFP_1755,0.0003690250996587565
res_u0,MorganFP_27,0.00036787068733247
res_u0,MorganFP_795,0.0003669306001102086
res_u0,MorganFP_1830,0.00036400586697345715
res_u0,MorganFP_23,0.0003638431007566396
res_u0,MorganFP_1893,0.0003632974518791343
res_u0,MorganFP_1599,0.0003615770871110726
res_u0,MorganFP_668,0.0003615512239048258
res_u0,MorganFP_13,0.0003608257582754355
res_u0,MorganFP_1455,0.0003606760731927352
res_u0,fr_COO2,0.00035902342798362953
res_u0,MorganFP_601,0.0003582931851851754
res_u0,MorganFP_651,0.00035822706225690126
res_u0,MorganFP_1823,0.0003556979277418577
res_u0,MorganFP_1219,0.0003554227628483204
res_u0,MorganFP_1486,0.00035457574970916995
res_u0,MorganFP_1099,0.00035092685229028576
res_u0,MorganFP_2007,0.0003508597505533544
res_u0,MorganFP_232,0.0003484470681237326
res_u0,MorganFP_1820,0.00034550185126136057
res_u0,fr_COO,0.00034423685565707275
res_u0,MorganFP_2045,0.00034176063296035864
res_u0,MorganFP_675,0.00034149949344646304
res_u0,MorganFP_1398,0.00034141524176084206
res_u0,MorganFP_1674,0.0003409859088133089
res_u0,MorganFP_654,0.00034043457563598167
res_u0,MorganFP_1350,0.0003381111761050306
res_u0,MorganFP_1686,0.0003381089913891628
res_u0,MorganFP_943,0.000338093047725863
res_u0,MorganFP_465,0.0003373936353709723
res_u0,MorganFP_108,0.00033729180619513954
res_u0,MorganFP_2047,0.0003372068299804596
res_u0,MorganFP_1261,0.0003356561485347811
res_u0,MorganFP_110,0.0003355326112059629
res_u0,MorganFP_995,0.000332258046077186
res_u0,MorganFP_5,0.00033068319853413186
res_u0,MorganFP_2016,0.00032994268749415845
res_u0,MorganFP_448,0.00032983048837013484
res_u0,MorganFP_1495,0.0003297065304359421
res_u0,MorganFP_2020,0.00032829491084703476
res_u0,MorganFP_1418,0.0003275741310509801
res_u0,MorganFP_801,0.0003271950130620098
res_u0,MorganFP_670,0.00032655173679097514
res_u0,MorganFP_480,0.00032605222283746117
res_u0,MorganFP_1280,0.0003242928180261515
res_u0,MorganFP_387,0.00032362726200449286
res_u0,MorganFP_1096,0.00032358871695396373
res_u0,fr_lactam,0.00032104239271382083
res_u0,MorganFP_1148,0.00032035767773049885
res_u0,MorganFP_1447,0.0003203241189403343
res_u0,MorganFP_351,0.0003197958450855367
res_u0,MorganFP_1413,0.00031882099309405023
res_u0,MorganFP_2036,0.0003174074589915108
res_u0,MorganFP_1960,0.0003173879477981245
res_u0,MorganFP_1071,0.000317296098373788
res_u0,MorganFP_593,0.0003167041339329444
res_u0,MorganFP_1638,0.00031539290175714997
res_u0,MorganFP_1479,0.00031322403866215607
res_u0,MorganFP_1540,0.0003126025918272717
res_u0,MorganFP_1363,0.00031248989212144805
res_u0,MorganFP_573,0.00031235647617722863
res_u0,MorganFP_1474,0.0003112264614319429
res_u0,MorganFP_1951,0.000310498643288156
res_u0,MorganFP_429,0.00030927694728598
res_u0,MorganFP_1634,0.0003087399650485167
res_u0,MorganFP_1512,0.00030771256852719377
res_u0,MorganFP_1862,0.0003064191539397143
res_u0,MorganFP_1942,0.00030637714541808234
res_u0,MorganFP_582,0.00030513208304023463
res_u0,MorganFP_407,0.00030496567080047043
res_u0,MorganFP_1145,0.0003040678455207626
res_u0,MorganFP_1240,0.00030290518619585785
res_u0,MorganFP_554,0.0003028941622742423
res_u0,MorganFP_193,0.00030242080631023784
res_u0,MorganFP_1035,0.00030152117302350233
res_u0,MorganFP_323,0.00030109409467340953
res_u0,MorganFP_1919,0.0002992208683504032
res_u0,MorganFP_1206,0.0002986983563896501
res_u0,MorganFP_644,0.0002986218162914156
res_u0,MorganFP_206,0.00029843857046216724
res_u0,MorganFP_1483,0.00029740611190209166
res_u0,MorganFP_154,0.00029619941378956585
res_u0,MorganFP_1682,0.00029537721525628056
res_u0,MorganFP_774,0.00029514300235678094
res_u0,MorganFP_1840,0.0002940396244829171
res_u0,MorganFP_1832,0.0002936012099889922
res_u0,MorganFP_212,0.0002917915522848489
res_u0,MorganFP_86,0.0002910019565370021
res_u0,MorganFP_433,0.0002892539261320053
res_u0,MorganFP_829,0.00028866752280737274
res_u0,MorganFP_1429,0.0002872018420312088
res_u0,MorganFP_1922,0.00028720140441438957
res_u0,MorganFP_251,0.00028695080203033284
res_u0,MorganFP_1249,0.00028693837434548184
res_u0,MorganFP_693,0.0002865355009707855
res_u0,MorganFP_1748,0.00028609295010573985
res_u0,MorganFP_1234,0.00028599581744128956
res_u0,MorganFP_1600,0.0002859631887231444
res_u0,MorganFP_353,0.00028584772299814176
res_u0,MorganFP_1842,0.00028526743951897516
res_u0,MorganFP_576,0.0002847513625310967
res_u0,MorganFP_1950,0.00028442377851752097
res_u0,MorganFP_1863,0.00028430632929848796
res_u0,MorganFP_555,0.0002841825913583307
res_u0,MorganFP_738,0.0002820318705817044
res_u0,MorganFP_594,0.0002819855757552432
res_u0,MorganFP_1241,0.0002809788223148644
res_u0,MorganFP_988,0.0002807878247986082
res_u0,MorganFP_482,0.0002793639452629577
res_u0,MorganFP_1699,0.0002791545947511622
res_u0,MorganFP_1026,0.0002781717991238111
res_u0,MorganFP_1333,0.00027669025094701285
res_u0,MorganFP_1288,0.0002759270088063204
res_u0,MorganFP_1260,0.00027509717236353027
res_u0,MorganFP_101,0.00027457431843549784
res_u0,MorganFP_1421,0.000273965706670424
res_u0,MorganFP_507,0.00027395319496281446
res_u0,MorganFP_909,0.0002738306963301511
res_u0,MorganFP_282,0.00027322755855794243
res_u0,MorganFP_486,0.0002728507558047113
res_u0,MorganFP_1972,0.00027167927042319207
res_u0,MorganFP_855,0.0002698559966247558
res_u0,MorganFP_723,0.00026974752194496433
res_u0,MorganFP_1825,0.00026956337532465114
res_u0,MorganFP_1754,0.00026925766431668306
res_u0,MorganFP_22,0.00026777251775820333
res_u0,MorganFP_987,0.0002674854555662023
res_u0,MorganFP_1902,0.0002667259138446525
res_u0,MorganFP_1665,0.00026599939565494424
res_u0,MorganFP_1626,0.0002652510739862919
res_u0,MorganFP_149,0.00026495862459978523
res_u0,MorganFP_1477,0.0002645966477502952
res_u0,MorganFP_152,0.0002645609334440451
res_u0,MorganFP_724,0.000264497526899504
res_u0,MorganFP_1730,0.0002641140830673976
res_u0,MorganFP_1493,0.00026354466919428885
res_u0,MorganFP_1611,0.0002631547377386596
res_u0,MorganFP_1854,0.0002627247365956009
res_u0,MorganFP_1783,0.0002624077703536614
res_u0,MorganFP_873,0.0002610128676151362
res_u0,MorganFP_1027,0.0002607253081368981
res_u0,MorganFP_1189,0.00026043945349374554
res_u0,MorganFP_862,0.00025920719704481597
res_u0,MorganFP_325,0.000258851520025928
res_u0,MorganFP_1847,0.0002585067320615053
res_u0,MorganFP_223,0.0002581487743539128
res_u0,MorganFP_1291,0.00025772104201678305
res_u0,MorganFP_1488,0.0002562990143778734
res_u0,MorganFP_172,0.00025606066431919315
res_u0,MorganFP_816,0.0002556748009155854
res_u0,MorganFP_1296,0.00025496359694625423
res_u0,MorganFP_1498,0.00025279008689994955
res_u0,MorganFP_878,0.0002506599782464036
res_u0,MorganFP_2013,0.00025054909709365346
res_u0,MorganFP_534,0.0002501671641402936
res_u0,MorganFP_1315,0.00024991675752096396
res_u0,MorganFP_522,0.00024848714265851866
res_u0,MorganFP_1510,0.00024802717071725056
res_u0,MorganFP_99,0.0002479631659515462
res_u0,MorganFP_1582,0.00024667789017792074
res_u0,MorganFP_1200,0.00024521678909513866
res_u0,MorganFP_1161,0.000244504812815876
res_u0,MorganFP_959,0.00024406785130850038
res_u0,MorganFP_1904,0.0002433660516544478
res_u0,MorganFP_911,0.00024247772699845883
res_u0,MorganFP_1627,0.00024245662599241768
res_u0,MorganFP_833,0.00024062711229271371
res_u0,MorganFP_658,0.0002404635583225172
res_u0,MorganFP_1861,0.00024040508520283766
res_u0,MorganFP_134,0.00024016554104628086
res_u0,MorganFP_1235,0.0002401407624124019
res_u0,MorganFP_965,0.00023976531217886077
res_u0,MorganFP_430,0.00023923925615963526
res_u0,MorganFP_1858,0.00023861294313155668
res_u0,MorganFP_890,0.00023861119337766467
res_u0,MorganFP_289,0.00023792901444539893
res_u0,MorganFP_410,0.0002379173689875529
res_u0,MorganFP_1366,0.00023788068362227933
res_u0,MorganFP_1232,0.00023784709197207122
res_u0,MorganFP_1617,0.00023759231743770214
res_u0,MorganFP_453,0.0002373356781208713
res_u0,MorganFP_239,0.00023708063713809223
res_u0,MorganFP_517,0.00023677836544811726
res_u0,MorganFP_1383,0.00023599092279437173
res_u0,MorganFP_608,0.00023593245125812245
res_u0,MorganFP_155,0.00023570169417115494
res_u0,fr_quatN,0.00023551823389561833
res_u0,MorganFP_627,0.0002353372238758311
res_u0,MorganFP_1312,0.00023452191916726228
res_u0,MorganFP_1379,0.00023451678127185005
res_u0,MorganFP_722,0.0002339217242988525
res_u0,MorganFP_613,0.0002335543899309016
res_u0,MorganFP_1265,0.0002330154324142768
res_u0,MorganFP_1539,0.00023229718717925608
res_u0,MorganFP_975,0.00023221547023421252
res_u0,MorganFP_1824,0.00023208404413210815
res_u0,MorganFP_1803,0.00023112312038028903
res_u0,MorganFP_268,0.0002310726544457111
res_u0,MorganFP_417,0.00023100419632828562
res_u0,MorganFP_853,0.00023092212110657328
res_u0,MorganFP_1231,0.0002308185574980257
res_u0,MorganFP_395,0.0002307001035895837
res_u0,MorganFP_1908,0.00023039391044540027
res_u0,MorganFP_1789,0.0002302627115714131
res_u0,MorganFP_1163,0.00022958690280756855
res_u0,MorganFP_1039,0.00022911743481449776
res_u0,MorganFP_2023,0.0002290341020784581
res_u0,MorganFP_1302,0.00022872643754297427
res_u0,MorganFP_834,0.0002285187767847674
res_u0,MorganFP_177,0.00022828317686798981
res_u0,MorganFP_638,0.00022802725772271516
res_u0,MorganFP_1680,0.00022774368697776027
res_u0,MorganFP_519,0.00022762810730432649
res_u0,MorganFP_1892,0.00022701280974185068
res_u0,MorganFP_300,0.00022698516817763447
res_u0,MorganFP_174,0.000226547596119417
res_u0,MorganFP_1580,0.00022581059854239526
res_u0,MorganFP_637,0.00022461386280940587
res_u0,MorganFP_1437,0.00022394211006030674
res_u0,MorganFP_1521,0.0002235590462912569
res_u0,MorganFP_1085,0.00022226446226019902
res_u0,MorganFP_1640,0.0002221205325988933
res_u0,MorganFP_16,0.00022156893870123895
res_u0,MorganFP_1601,0.00022112641491548856
res_u0,MorganFP_1432,0.0002210245472888346
res_u0,MorganFP_1948,0.00021960187889635564
res_u0,MorganFP_366,0.00021942703739675552
res_u0,MorganFP_130,0.00021939747472490012
res_u0,MorganFP_2026,0.0002192526457438362
res_u0,MorganFP_1411,0.00021920822811807739
res_u0,MorganFP_798,0.00021902466418464428
res_u0,MorganFP_1687,0.00021852591385732013
res_u0,MorganFP_461,0.00021806831215246802
res_u0,MorganFP_1061,0.00021777307006959744
res_u0,MorganFP_931,0.0002171325034214533
res_u0,MorganFP_1138,0.00021649304871243657
res_u0,MorganFP_751,0.0002164445971639175
res_u0,MorganFP_799,0.00021637399131941494
res_u0,MorganFP_167,0.00021615909724641825
res_u0,MorganFP_1531,0.00021556942445749883
res_u0,MorganFP_1911,0.00021547991594707128
res_u0,MorganFP_1011,0.0002147351930275363
res_u0,MorganFP_1077,0.00021472579615510766
res_u0,MorganFP_1294,0.0002144849295673339
res_u0,MorganFP_789,0.00021418163152520718
res_u0,MorganFP_797,0.0002140361633064458
res_u0,MorganFP_415,0.0002138368504652135
res_u0,MorganFP_1399,0.0002136262159673379
res_u0,MorganFP_1590,0.00021267534838452206
res_u0,MorganFP_866,0.000212426170166097
res_u0,MorganFP_147,0.00021230361189941504
res_u0,MorganFP_1193,0.00021227605924320869
res_u0,MorganFP_533,0.00021192901517042627
res_u0,MorganFP_120,0.00021132573438080725
res_u0,MorganFP_1187,0.00021117152847727994
res_u0,MorganFP_894,0.00021051333177229026
res_u0,MorganFP_985,0.00021049174480412702
res_u0,MorganFP_1684,0.00021013676541042515
res_u0,MorganFP_545,0.00021011062884256405
res_u0,MorganFP_1135,0.00020991683790327897
res_u0,MorganFP_98,0.00020990860973506642
res_u0,MorganFP_1129,0.00020970685045290337
res_u0,MorganFP_740,0.0002092684633684314
res_u0,MorganFP_69,0.00020905851382485707
res_u0,MorganFP_388,0.00020872126901451792
res_u0,MorganFP_158,0.00020846601498487871
res_u0,MorganFP_1762,0.00020834943214481427
res_u0,MorganFP_1156,0.00020807415635499637
res_u0,MorganFP_391,0.00020788932226027156
res_u0,MorganFP_1586,0.00020751300313959575
res_u0,MorganFP_1765,0.0002074229156318097
res_u0,MorganFP_201,0.0002074161496486795
res_u0,MorganFP_1701,0.0002074050758528756
res_u0,MorganFP_1941,0.00020723311797590327
res_u0,MorganFP_60,0.00020696560036316213
res_u0,MorganFP_1055,0.00020687799650659144
res_u0,MorganFP_1354,0.0002068267252410152
res_u0,MorganFP_1126,0.00020650993409799412
res_u0,MorganFP_469,0.00020636163723975186
res_u0,MorganFP_552,0.00020608330658016883
res_u0,MorganFP_643,0.0002049257984253927
res_u0,fr_guanido,0.00020490470403456128
res_u0,MorganFP_418,0.0002048974615856025
res_u0,MorganFP_358,0.00020470755503265535
res_u0,MorganFP_1899,0.0002046222126689372
res_u0,MorganFP_1967,0.00020436954947786036
res_u0,MorganFP_720,0.00020405847143592837
res_u0,MorganFP_1044,0.00020323915452580366
res_u0,MorganFP_1982,0.0002030940636038192
res_u0,MorganFP_1494,0.00020299676683822553
res_u0,MorganFP_1108,0.00020284350161220034
res_u0,MorganFP_1734,0.00020270988871561713
res_u0,MorganFP_2018,0.00020270831265474954
res_u0,MorganFP_850,0.00020268377392718406
res_u0,MorganFP_1054,0.00020186998459575988
res_u0,MorganFP_1509,0.0002018460041755361
res_u0,MorganFP_2022,0.0002017717726121191
res_u0,MorganFP_2044,0.00020058024678291984
res_u0,MorganFP_1388,0.00020043782481047855
res_u0,MorganFP_1818,0.00020024300044198284
res_u0,MorganFP_581,0.00019937797958846204
res_u0,MorganFP_426,0.00019887519969938693
res_u0,MorganFP_1248,0.00019876158041090265
res_u0,MorganFP_311,0.00019864685306862385
res_u0,MorganFP_569,0.00019808624458300984
res_u0,MorganFP_571,0.00019705750118359332
res_u0,MorganFP_2021,0.00019680520018846437
res_u0,MorganFP_907,0.00019660483363065495
res_u0,MorganFP_826,0.00019619170917923155
res_u0,MorganFP_1550,0.00019571219920959493
res_u0,MorganFP_942,0.00019504330263475823
res_u0,MorganFP_397,0.00019504027168574113
res_u0,MorganFP_1202,0.00019500934499046708
res_u0,MorganFP_320,0.00019484763933238014
res_u0,MorganFP_1484,0.0001943328514098539
res_u0,MorganFP_226,0.00019429932111870584
res_u0,MorganFP_998,0.00019420153212809055
res_u0,MorganFP_359,0.0001936538273818087
res_u0,MorganFP_821,0.00019357169176587163
res_u0,MorganFP_502,0.00019349368629188745
res_u0,MorganFP_1656,0.00019294671068314527
res_u0,MorganFP_1961,0.0001928601140033379
res_u0,MorganFP_1221,0.00019280819198161226
res_u0,MorganFP_1607,0.00019279714676500247
res_u0,MorganFP_1185,0.00019276895860767242
res_u0,MorganFP_1355,0.00019186109533802666
res_u0,MorganFP_501,0.0001914076025441318
res_u0,MorganFP_1836,0.0001911321354454003
res_u0,MorganFP_187,0.00019095825065399197
res_u0,MorganFP_213,0.0001907823030342115
res_u0,MorganFP_1613,0.0001896898927354087
res_u0,MorganFP_1790,0.0001892062689952212
res_u0,fr_urea,0.00018827636463765885
res_u0,MorganFP_1538,0.0001882400069880532
res_u0,MorganFP_210,0.0001874999358904006
res_u0,MorganFP_895,0.0001871300394286579
res_u0,MorganFP_1335,0.00018685776025154156
res_u0,MorganFP_710,0.00018683347858376465
res_u0,MorganFP_676,0.000186812784191261
res_u0,MorganFP_401,0.0001853422770727775
res_u0,MorganFP_1304,0.00018474033852407956
res_u0,MorganFP_1594,0.00018455144390463828
res_u0,MorganFP_683,0.00018358501151597296
res_u0,MorganFP_1880,0.00018339864961910735
res_u0,MorganFP_102,0.00018311107164845452
res_u0,MorganFP_828,0.00018293902544881525
res_u0,MorganFP_897,0.000182771117946686
res_u0,MorganFP_1660,0.00018267349859911518
res_u0,MorganFP_1978,0.0001825102083320118
res_u0,MorganFP_1719,0.00018208323467115405
res_u0,MorganFP_858,0.00018201678857383285
res_u0,MorganFP_1016,0.0001818234446218483
res_u0,MorganFP_655,0.00018172054304929476
res_u0,MorganFP_494,0.00018119956290320262
res_u0,MorganFP_1889,0.00018117309011381622
res_u0,MorganFP_464,0.0001804120513770613
res_u0,fr_oxazole,0.00017950236434262479
res_u0,MorganFP_957,0.0001794962091450003
res_u0,MorganFP_372,0.00017898778470352284
res_u0,MorganFP_1957,0.00017866145725929528
res_u0,MorganFP_106,0.00017863723719460723
res_u0,MorganFP_583,0.0001785019804354988
res_u0,MorganFP_1097,0.0001782767493208155
res_u0,MorganFP_386,0.00017756073912460123
res_u0,MorganFP_764,0.00017749674463266274
res_u0,MorganFP_399,0.0001762879485686426
res_u0,MorganFP_1733,0.00017614366428824724
res_u0,MorganFP_1727,0.00017604917433800438
res_u0,MorganFP_761,0.00017536348037720017
res_u0,MorganFP_896,0.00017522098366137584
res_u0,MorganFP_584,0.00017510564409023034
res_u0,MorganFP_846,0.0001750995949269054
res_u0,MorganFP_2046,0.00017493807825121621
res_u0,MorganFP_747,0.00017472271484119517
res_u0,MorganFP_1620,0.0001744222604663719
res_u0,MorganFP_1456,0.00017435426806517283
res_u0,MorganFP_2011,0.00017433357590516607
res_u0,MorganFP_0,0.00017377862868113425
res_u0,MorganFP_901,0.00017373126399616013
res_u0,MorganFP_1404,0.00017345488297519296
res_u0,MorganFP_340,0.0001731877160445876
res_u0,MorganFP_129,0.00017278777853826455
res_u0,MorganFP_1987,0.00017256954659012537
res_u0,MorganFP_1963,0.00017232060764433755
res_u0,MorganFP_125,0.00017216969232504198
res_u0,MorganFP_496,0.00017201238871484748
res_u0,MorganFP_488,0.00017182098784905976
res_u0,MorganFP_281,0.00017129827784299323
res_u0,MorganFP_1651,0.00017042876604551793
res_u0,MorganFP_1020,0.00017028433213388893
res_u0,MorganFP_1927,0.00016997582434385094
res_u0,MorganFP_1906,0.0001691382362805598
res_u0,MorganFP_1230,0.000168915580014243
res_u0,MorganFP_286,0.000168807317096082
res_u0,MorganFP_218,0.00016876300710589475
res_u0,MorganFP_321,0.00016873810142715228
res_u0,MorganFP_1491,0.00016857916099797876
res_u0,MorganFP_937,0.00016833176527802606
res_u0,MorganFP_1787,0.00016779671381490858
res_u0,MorganFP_823,0.00016727649697745051
res_u0,MorganFP_1564,0.000167128332947982
res_u0,MorganFP_246,0.0001670791801473115
res_u0,MorganFP_681,0.00016707084688459873
res_u0,MorganFP_273,0.00016702630362124183
res_u0,MorganFP_82,0.00016670075243606418
res_u0,MorganFP_1736,0.00016662521827402087
res_u0,MorganFP_1993,0.00016627756473235422
res_u0,MorganFP_1192,0.00016570875656907446
res_u0,MorganFP_234,0.00016552792790389503
res_u0,MorganFP_250,0.00016541370540232948
res_u0,MorganFP_2008,0.00016498862801020664
res_u0,MorganFP_383,0.00016487239344860428
res_u0,MorganFP_168,0.0001646445015469391
res_u0,MorganFP_888,0.0001644678685784129
res_u0,MorganFP_421,0.0001644228780328376
res_u0,MorganFP_1029,0.000164389597225437
res_u0,MorganFP_1802,0.0001643685004529516
res_u0,MorganFP_1999,0.00016418121757055815
res_u0,MorganFP_1435,0.00016393105934731978
res_u0,MorganFP_1107,0.000163317368504444
res_u0,MorganFP_1541,0.00016308799979742616
res_u0,MorganFP_1358,0.0001628810922586581
res_u0,MorganFP_1845,0.00016283413790085888
res_u0,MorganFP_1250,0.00016268840251450455
res_u0,MorganFP_435,0.00016256496091511963
res_u0,MorganFP_824,0.0001623493406578973
res_u0,MorganFP_1463,0.00016227924730208087
res_u0,MorganFP_2029,0.00016194133569752013
res_u0,MorganFP_1303,0.00016179277575849936
res_u0,MorganFP_1595,0.00016151597310818034
res_u0,MorganFP_306,0.00016142732673324645
res_u0,MorganFP_1711,0.0001611144375638105
res_u0,MorganFP_899,0.00016064845699685293
res_u0,MorganFP_1461,0.00016058703714513456
res_u0,MorganFP_868,0.0001602424117809278
res_u0,MorganFP_2012,0.00016017375319444228
res_u0,MorganFP_1424,0.00015977063179889228
res_u0,MorganFP_1416,0.00015906559003269648
res_u0,MorganFP_777,0.00015887563742769117
res_u0,MorganFP_458,0.00015878429985610864
res_u0,MorganFP_1003,0.0001585875389860121
res_u0,MorganFP_1945,0.00015809062508378703
res_u0,MorganFP_1608,0.00015751813903546008
res_u0,MorganFP_1453,0.00015714020911709525
res_u0,MorganFP_1342,0.00015702875265560578
res_u0,MorganFP_1459,0.00015688447389766225
res_u0,MorganFP_1323,0.00015622762654260214
res_u0,MorganFP_1091,0.00015583870737589933
res_u0,MorganFP_181,0.0001556909998303979
res_u0,MorganFP_1737,0.0001555834319024143
res_u0,MorganFP_1227,0.00015556968791599957
res_u0,MorganFP_440,0.00015555413266429242
res_u0,MorganFP_2024,0.0001555204989995218
res_u0,MorganFP_1931,0.00015534016630272163
res_u0,MorganFP_595,0.00015526336382140472
res_u0,MorganFP_983,0.00015516129907337017
res_u0,MorganFP_10,0.00015503071900172926
res_u0,MorganFP_1552,0.00015481492972821797
res_u0,MorganFP_589,0.00015472946486806905
res_u0,MorganFP_691,0.00015469814320545082
res_u0,MorganFP_819,0.00015448830526349866
res_u0,MorganFP_566,0.0001542525756130999
res_u0,MorganFP_818,0.00015390648070751921
res_u0,MorganFP_711,0.0001536393347660123
res_u0,MorganFP_1198,0.00015331616113212475
res_u0,MorganFP_204,0.00015327583501015596
res_u0,MorganFP_1529,0.00015311802976657418
res_u0,MorganFP_991,0.00015288529223460046
res_u0,MorganFP_1989,0.00015264898210716636
res_u0,MorganFP_1952,0.00015264037176873302
res_u0,MorganFP_1971,0.0001525383004808163
res_u0,MorganFP_96,0.0001522856869766258
res_u0,MorganFP_1782,0.0001520115857403539
res_u0,MorganFP_1953,0.00015147826660017927
res_u0,MorganFP_150,0.00015128485982859275
res_u0,MorganFP_813,0.00015127763003622974
res_u0,MorganFP_1760,0.00015125528604955109
res_u0,MorganFP_1763,0.00015089542017159374
res_u0,MorganFP_1218,0.0001507558454395621
res_u0,MorganFP_1343,0.00015071979894650767
res_u0,MorganFP_684,0.00015038888126809268
res_u0,MorganFP_1943,0.0001500453383050626
res_u0,MorganFP_1299,0.00014933433883672364
res_u0,MorganFP_1273,0.00014930304884910585
res_u0,MorganFP_1084,0.00014923572478406298
res_u0,MorganFP_1093,0.000148626100901339
res_u0,MorganFP_541,0.00014852496427920415
res_u0,MorganFP_1743,0.00014820600085920432
res_u0,MorganFP_271,0.000148035535334202
res_u0,MorganFP_1362,0.00014762987608224874
res_u0,MorganFP_284,0.000147496310270526
res_u0,MorganFP_171,0.0001467107346401235
res_u0,MorganFP_847,0.00014666236272000788
res_u0,MorganFP_1300,0.00014608352917548474
res_u0,MorganFP_143,0.0001458948217946272
res_u0,MorganFP_1365,0.0001457381049790456
res_u0,MorganFP_1408,0.00014560749697277496
res_u0,MorganFP_1809,0.00014533957109443918
res_u0,MorganFP_1732,0.0001448758238506116
res_u0,MorganFP_1150,0.00014455641855956003
res_u0,MorganFP_1570,0.00014450199374971363
res_u0,MorganFP_607,0.0001438234013139663
res_u0,MorganFP_762,0.00014354627615534808
res_u0,MorganFP_1450,0.00014345308008887513
res_u0,MorganFP_1308,0.00014336574925818014
res_u0,MorganFP_1008,0.0001431331299251042
res_u0,MorganFP_1213,0.00014280669710495887
res_u0,MorganFP_445,0.00014231372109247786
res_u0,MorganFP_191,0.000142243227422739
res_u0,MorganFP_194,0.00014219442598732712
res_u0,MorganFP_1642,0.0001421798652226016
res_u0,MorganFP_753,0.00014175805882866754
res_u0,MorganFP_280,0.00014168037183295113
res_u0,MorganFP_1022,0.00014166585823272194
res_u0,MorganFP_355,0.00014165898895889483
res_u0,MorganFP_75,0.00014148549161836855
res_u0,MorganFP_471,0.00014113120220309838
res_u0,MorganFP_990,0.0001408517806458107
res_u0,MorganFP_1670,0.00014070420895916414
res_u0,MorganFP_55,0.00014062987086199997
res_u0,MorganFP_368,0.00013858638588177996
res_u0,MorganFP_892,0.00013854249220293012
res_u0,MorganFP_733,0.00013850757887888675
res_u0,MorganFP_1828,0.000137621988193132
res_u0,MorganFP_1681,0.0001374531121531426
res_u0,MorganFP_2034,0.0001373960649725632
res_u0,MorganFP_1021,0.00013737954944372178
res_u0,MorganFP_34,0.00013706164446767487
res_u0,MorganFP_1087,0.00013701334601239523
res_u0,MorganFP_1301,0.0001368657051300346
res_u0,MorganFP_692,0.00013670529578911327
res_u0,MorganFP_85,0.00013651756490577326
res_u0,MorganFP_1573,0.00013644200964367314
res_u0,MorganFP_203,0.0001360801998049226
res_u0,MorganFP_781,0.0001355925569929468
res_u0,MorganFP_478,0.00013547887501266586
res_u0,MorganFP_612,0.0001354242274877038
res_u0,MorganFP_1872,0.00013514596228151275
res_u0,MorganFP_324,0.00013513280210668198
res_u0,MorganFP_618,0.00013499900672377408
res_u0,MorganFP_414,0.0001349771590851603
res_u0,MorganFP_642,0.00013391064267028697
res_u0,MorganFP_1983,0.00013385268552673323
res_u0,MorganFP_476,0.00013359646509148248
res_u0,MorganFP_1013,0.0001335651407470948
res_u0,MorganFP_672,0.00013341558060722748
res_u0,MorganFP_1448,0.00013320173330519226
res_u0,MorganFP_474,0.00013309160265063724
res_u0,MorganFP_1430,0.00013290291170721958
res_u0,MorganFP_200,0.0001326811772005385
res_u0,MorganFP_606,0.00013262320934882154
res_u0,MorganFP_543,0.00013259128561938027
res_u0,MorganFP_1806,0.00013249231142253848
res_u0,MorganFP_784,0.00013231637287248077
res_u0,MorganFP_46,0.0001322735000017019
res_u0,MorganFP_1322,0.00013176471067799866
res_u0,MorganFP_1618,0.00013170910869392304
res_u0,MorganFP_885,0.0001313098373208277
res_u0,fr_tetrazole,0.00013127264249942529
res_u0,MorganFP_953,0.0001312522050550342
res_u0,fr_unbrch_alkane,0.00013050666374647335
res_u0,MorganFP_269,0.00012977513621081015
res_u0,MorganFP_437,0.00012962373476580068
res_u0,MorganFP_1612,0.00012962300538765702
res_u0,MorganFP_1671,0.00012947545875213252
res_u0,MorganFP_1102,0.00012946994609336926
res_u0,MorganFP_514,0.00012944209172673028
res_u0,MorganFP_765,0.00012938002416424156
res_u0,MorganFP_1195,0.00012862031898563941
res_u0,MorganFP_773,0.00012855738055986876
res_u0,fr_alkyl_halide,0.0001284809594435501
res_u0,MorganFP_1160,0.00012841456709429623
res_u0,MorganFP_83,0.0001282003649885155
res_u0,MorganFP_334,0.00012813133526742604
res_u0,MorganFP_575,0.00012806697832974122
res_u0,MorganFP_400,0.00012787484159514407
res_u0,MorganFP_864,0.0001277614707618113
res_u0,MorganFP_1655,0.00012771863436501007
res_u0,MorganFP_1182,0.00012771192871957737
res_u0,MorganFP_272,0.0001275069374460145
res_u0,MorganFP_1520,0.00012712052551609076
res_u0,MorganFP_1695,0.0001270672055287747
res_u0,MorganFP_1704,0.00012703692381035126
res_u0,MorganFP_1471,0.00012695841843036248
res_u0,MorganFP_332,0.0001268571301504231
res_u0,MorganFP_1556,0.00012630352327516902
res_u0,MorganFP_766,0.00012618667736501266
res_u0,MorganFP_1201,0.00012584546963280375
res_u0,MorganFP_757,0.00012560871817004227
res_u0,MorganFP_2005,0.00012555712916432072
res_u0,MorganFP_1585,0.00012552505982176053
res_u0,MorganFP_1166,0.00012533175483440574
res_u0,MorganFP_26,0.00012512341621318513
res_u0,MorganFP_898,0.0001250090705062803
res_u0,MorganFP_199,0.0001248735011337203
res_u0,MorganFP_1278,0.00012471820139688816
res_u0,MorganFP_1930,0.00012434797246378083
res_u0,MorganFP_1991,0.00012429596866093108
res_u0,MorganFP_390,0.00012418063954535796
res_u0,MorganFP_981,0.0001241665846654527
res_u0,MorganFP_1266,0.00012416193233391048
res_u0,MorganFP_1222,0.0001238766387104988
res_u0,MorganFP_1641,0.0001237779137773032
res_u0,MorganFP_2028,0.00012364672597957947
res_u0,MorganFP_1886,0.00012339498942401405
res_u0,MorganFP_103,0.00012285832454698585
res_u0,MorganFP_119,0.00012274495687418608
res_u0,MorganFP_1934,0.00012261617017793468
res_u0,MorganFP_839,0.00012258354340573518
res_u0,MorganFP_1186,0.00012257910693202234
res_u0,MorganFP_249,0.00012253977086979263
res_u0,MorganFP_905,0.0001225333757711553
res_u0,MorganFP_744,0.0001221677060730144
res_u0,MorganFP_536,0.00012178729847073554
res_u0,MorganFP_6,0.00012177685702613416
res_u0,MorganFP_2017,0.0001215953711828206
res_u0,MorganFP_1697,0.00012090778489687182
res_u0,MorganFP_127,0.00012062536644225475
res_u0,MorganFP_290,0.00012061290578556338
res_u0,MorganFP_902,0.00012055134027986015
res_u0,MorganFP_425,0.00012010165864191436
res_u0,MorganFP_859,0.00011933063613837192
res_u0,MorganFP_837,0.00011925084742256331
res_u0,MorganFP_1835,0.00011908902669294718
res_u0,MorganFP_475,0.00011895603833750101
res_u0,MorganFP_1637,0.00011864539394576923
res_u0,MorganFP_1562,0.00011811498368027173
res_u0,MorganFP_767,0.00011810699198440488
res_u0,MorganFP_993,0.00011795789728819273
res_u0,MorganFP_1223,0.00011742933471535366
res_u0,MorganFP_1554,0.0001174140546070248
res_u0,MorganFP_1023,0.00011739010678695649
res_u0,MorganFP_1622,0.00011732608937109746
res_u0,MorganFP_1996,0.00011730272321626956
res_u0,MorganFP_1616,0.0001172685772520765
res_u0,MorganFP_1133,0.00011718745522018281
res_u0,MorganFP_163,0.00011713275908800825
res_u0,MorganFP_2003,0.00011712027555461191
res_u0,MorganFP_1210,0.00011711036496399175
res_u0,MorganFP_1112,0.00011676478332026363
res_u0,MorganFP_1856,0.00011675424589702743
res_u0,MorganFP_2033,0.00011670366421094514
res_u0,MorganFP_1844,0.00011663852129458973
res_u0,MorganFP_673,0.00011633594165238037
res_u0,MorganFP_182,0.00011617174555976818
res_u0,MorganFP_1149,0.000116013209933314
res_u0,MorganFP_1635,0.00011557797719781604
res_u0,MorganFP_1262,0.00011536996869872951
res_u0,MorganFP_1990,0.0001152534973352033
res_u0,MorganFP_809,0.00011506215001281817
res_u0,MorganFP_1662,0.00011496331900343648
res_u0,MorganFP_214,0.00011495108789858932
res_u0,MorganFP_37,0.00011489882021669473
res_u0,MorganFP_1066,0.00011488433453888546
res_u0,MorganFP_1723,0.00011486807705298929
res_u0,MorganFP_1623,0.00011480260678757758
res_u0,MorganFP_39,0.00011476257806185686
res_u0,MorganFP_1406,0.00011456015114345063
res_u0,MorganFP_1331,0.00011441910027964574
res_u0,MorganFP_1812,0.00011407877478995942
res_u0,MorganFP_217,0.0001139773316681385
res_u0,MorganFP_1338,0.00011386401474994301
res_u0,MorganFP_525,0.00011356992024298051
res_u0,MorganFP_224,0.0001132786069138092
res_u0,MorganFP_479,0.00011325430321309681
res_u0,MorganFP_1907,0.0001132327570619509
res_u0,MorganFP_1209,0.00011309819932830578
res_u0,MorganFP_2,0.00011293648570870118
res_u0,MorganFP_1557,0.00011289148734681476
res_u0,MorganFP_586,0.0001127132078114137
res_u0,MorganFP_1405,0.00011225586156101918
res_u0,MorganFP_3,0.00011220660992358943
res_u0,MorganFP_1692,0.00011204508356479437
res_u0,MorganFP_1242,0.00011189943325130969
res_u0,MorganFP_1937,0.0001116951511660833
res_u0,MorganFP_1275,0.00011136623253131006
res_u0,MorganFP_1146,0.00011133879370478894
res_u0,MorganFP_1168,0.00011124069510131562
res_u0,MorganFP_1794,0.00011093829485272977
res_u0,MorganFP_1739,0.00011077872406122146
res_u0,MorganFP_1577,0.0001106938355730307
res_u0,MorganFP_717,0.00011069149748838924
res_u0,MorganFP_1851,0.00011048499660313382
res_u0,MorganFP_978,0.00011046846223439388
res_u0,MorganFP_1663,0.00011045625342671883
res_u0,MorganFP_48,0.00010987283968560746
res_u0,MorganFP_275,0.00010935236955310756
res_u0,MorganFP_1710,0.00010857616236509671
res_u0,MorganFP_1729,0.00010841665233056119
res_u0,MorganFP_962,0.0001080859491513877
res_u0,MorganFP_1073,0.00010794351554770287
res_u0,MorganFP_505,0.00010782329976865413
res_u0,MorganFP_1167,0.00010747840312472334
res_u0,MorganFP_1036,0.00010742443427443504
res_u0,MorganFP_54,0.00010725882349481708
res_u0,MorganFP_1912,0.00010653457405715017
res_u0,MorganFP_1508,0.00010653250823065719
res_u0,MorganFP_1867,0.00010641405091450906
res_u0,MorganFP_73,0.00010640915206268176
res_u0,MorganFP_1499,0.0001062704649002626
res_u0,MorganFP_1205,0.00010626696808945723
res_u0,MorganFP_67,0.00010617603563161992
res_u0,MorganFP_947,0.00010611578266696143
res_u0,MorganFP_244,0.00010592531078401635
res_u0,MorganFP_65,0.00010587619832949713
res_u0,MorganFP_261,0.00010578656904715444
res_u0,MorganFP_112,0.00010558157068908258
res_u0,MorganFP_1939,0.00010548530162517977
res_u0,MorganFP_840,0.00010539929547466897
res_u0,MorganFP_1157,0.0001052398143085611
res_u0,MorganFP_442,0.00010499223418020165
res_u0,MorganFP_428,0.0001048961804077635
res_u0,MorganFP_527,0.00010458437616269434
res_u0,MorganFP_1883,0.00010458138634106718
res_u0,MorganFP_886,0.00010452592559218488
res_u0,MorganFP_701,0.00010440731996857267
res_u0,MorganFP_1511,0.0001043855205351747
res_u0,MorganFP_1876,0.0001040907656588388
res_u0,MorganFP_330,0.00010402618079297099
res_u0,MorganFP_95,0.00010358204760018452
res_u0,MorganFP_556,0.0001033827280068067
res_u0,MorganFP_992,0.0001032691441137672
res_u0,MorganFP_296,0.00010301823911396468
res_u0,MorganFP_2010,0.0001029750201249584
res_u0,MorganFP_629,0.00010288546329411474
res_u0,MorganFP_1853,0.00010266848498440595
res_u0,MorganFP_50,0.00010221106559038162
res_u0,MorganFP_1884,0.00010208836762177498
res_u0,MorganFP_237,0.00010182457504893705
res_u0,MorganFP_322,0.00010170102398009462
res_u0,MorganFP_1796,0.00010162883157317993
res_u0,MorganFP_808,0.00010161287853406975
res_u0,MorganFP_1119,0.00010160677087890235
res_u0,MorganFP_1207,0.00010153885763338621
res_u0,MorganFP_769,0.00010153238144756217
res_u0,MorganFP_126,0.00010131871288314188
res_u0,MorganFP_335,0.00010085535621982444
res_u0,MorganFP_17,0.00010079407499036109
res_u0,MorganFP_1916,0.00010075631020305975
res_u0,MorganFP_189,0.00010072101726836991
res_u0,MorganFP_318,0.00010070344982077018
res_u0,MorganFP_914,0.00010066201505722461
res_u0,MorganFP_882,0.00010054674558341503
res_u0,MorganFP_1373,0.00010051701620312769
res_u0,MorganFP_240,0.00010042450417870441
res_u0,MorganFP_2025,0.0001003323888317027
res_u0,MorganFP_621,0.00010012146897497586
res_u0,MorganFP_1566,9.984313275344902e-05
res_u0,MorganFP_1643,9.960180799303142e-05
res_u0,MorganFP_205,9.910167785218959e-05
res_u0,MorganFP_385,9.903603492421098e-05
res_u0,MorganFP_1667,9.881658051745035e-05
res_u0,MorganFP_1589,9.865830547002474e-05
res_u0,MorganFP_1124,9.843167942737097e-05
res_u0,MorganFP_312,9.840713017990765e-05
res_u0,MorganFP_1848,9.824305829147306e-05
res_u0,MorganFP_1125,9.815378472703173e-05
res_u0,MorganFP_1713,9.813611059144023e-05
res_u0,MorganFP_719,9.802901574997236e-05
res_u0,MorganFP_1970,9.781720231310942e-05
res_u0,MorganFP_1462,9.753955349426491e-05
res_u0,MorganFP_633,9.753198176622391e-05
res_u0,MorganFP_804,9.730260656283463e-05
res_u0,MorganFP_1882,9.730127819955215e-05
res_u0,MorganFP_338,9.664897478488398e-05
res_u0,MorganFP_1090,9.651864506304264e-05
res_u0,MorganFP_63,9.642224303577506e-05
res_u0,MorganFP_521,9.628464691471094e-05
res_u0,MorganFP_137,9.620011713155918e-05
res_u0,MorganFP_1143,9.619424236427675e-05
res_u0,MorganFP_24,9.572765169696851e-05
res_u0,fr_imide,9.520918240093579e-05
res_u0,MorganFP_21,9.487781631042935e-05
res_u0,MorganFP_758,9.481774300752477e-05
res_u0,MorganFP_1072,9.476303712160572e-05
res_u0,MorganFP_1574,9.465037350685179e-05
res_u0,MorganFP_1524,9.459770629610231e-05
res_u0,MorganFP_337,9.447443562631453e-05
res_u0,MorganFP_2009,9.440648198291513e-05
res_u0,MorganFP_1307,9.428573103739523e-05
res_u0,MorganFP_1047,9.407978986406107e-05
res_u0,MorganFP_1905,9.407474439688457e-05
res_u0,MorganFP_1793,9.405512030252794e-05
res_u0,MorganFP_111,9.392516722206778e-05
res_u0,MorganFP_1045,9.385600159105856e-05
res_u0,MorganFP_1068,9.347954192764973e-05
res_u0,MorganFP_1473,9.332140543253331e-05
res_u0,MorganFP_592,9.312843315741759e-05
res_u0,MorganFP_1808,9.277481692652146e-05
res_u0,MorganFP_139,9.276156630225074e-05
res_u0,MorganFP_164,9.275316926633082e-05
res_u0,MorganFP_1804,9.249985081260092e-05
res_u0,MorganFP_1758,9.236790694012598e-05
res_u0,MorganFP_291,9.233119370103893e-05
res_u0,MorganFP_1298,9.206346053149162e-05
res_u0,MorganFP_141,9.205369607991542e-05
res_u0,MorganFP_1925,9.198675712754323e-05
res_u0,MorganFP_600,9.181935316138379e-05
res_u0,MorganFP_686,9.174462708199371e-05
res_u0,MorganFP_1394,9.151302694959185e-05
res_u0,MorganFP_1400,9.14805866777897e-05
res_u0,MorganFP_1130,9.14268744659239e-05
res_u0,MorganFP_298,9.134983272347341e-05
res_u0,MorganFP_1058,9.119836317995577e-05
res_u0,MorganFP_734,9.111509001104423e-05
res_u0,MorganFP_409,9.102406278944387e-05
res_u0,MorganFP_1709,9.086891656625085e-05
res_u0,MorganFP_1887,9.075990944188561e-05
res_u0,MorganFP_68,9.067010360854511e-05
res_u0,MorganFP_365,9.064632802932237e-05
res_u0,MorganFP_1837,9.035539168608508e-05
res_u0,MorganFP_2031,9.034536071339972e-05
res_u0,MorganFP_815,9.032712148155042e-05
res_u0,MorganFP_1031,9.017080075028616e-05
res_u0,MorganFP_1553,9.001233331053982e-05
res_u0,MorganFP_1968,8.984734121506932e-05
res_u0,MorganFP_1628,8.969969127338117e-05
res_u0,MorganFP_1327,8.968812144395599e-05
res_u0,MorganFP_1283,8.962246600216873e-05
res_u0,MorganFP_524,8.961743255451183e-05
res_u0,MorganFP_1247,8.959645948342398e-05
res_u0,MorganFP_743,8.957699794144958e-05
res_u0,MorganFP_564,8.954409126977225e-05
res_u0,MorganFP_1445,8.951737360558099e-05
res_u0,MorganFP_1436,8.94900836589727e-05
res_u0,MorganFP_1253,8.91973202106442e-05
res_u0,MorganFP_259,8.910441912121314e-05
res_u0,MorganFP_1075,8.897322198767377e-05
res_u0,MorganFP_857,8.882938122994944e-05
res_u0,MorganFP_1966,8.863886282171052e-05
res_u0,MorganFP_1252,8.825933136134267e-05
res_u0,MorganFP_913,8.82117397688944e-05
res_u0,MorganFP_652,8.810249387500158e-05
res_u0,MorganFP_1120,8.788469779295837e-05
res_u0,MorganFP_1295,8.787331536325383e-05
res_u0,MorganFP_1544,8.778580208328889e-05
res_u0,MorganFP_1208,8.766434670021539e-05
res_u0,MorganFP_1766,8.75702648911556e-05
res_u0,MorganFP_1476,8.747651775716748e-05
res_u0,MorganFP_869,8.717720651785044e-05
res_u0,MorganFP_1712,8.693638063370912e-05
res_u0,MorganFP_1517,8.685886489288919e-05
res_u0,MorganFP_968,8.665692573413253e-05
res_u0,MorganFP_162,8.664974048038876e-05
res_u0,MorganFP_1875,8.661094068862507e-05
res_u0,MorganFP_1615,8.634923871048272e-05
res_u0,MorganFP_1482,8.622519865167533e-05
res_u0,MorganFP_1115,8.601697478346182e-05
res_u0,MorganFP_1151,8.599166531849178e-05
res_u0,MorganFP_78,8.59641410158929e-05
res_u0,MorganFP_1700,8.579546965393093e-05
res_u0,MorganFP_929,8.55646107192598e-05
res_u0,MorganFP_1204,8.553848292672229e-05
res_u0,MorganFP_1264,8.5530555075231e-05
res_u0,MorganFP_1212,8.545077068924912e-05
res_u0,MorganFP_1576,8.529633580815244e-05
res_u0,MorganFP_81,8.528015685624269e-05
res_u0,MorganFP_1321,8.518446322705131e-05
res_u0,MorganFP_1376,8.501398965540829e-05
res_u0,MorganFP_1779,8.497464455767556e-05
res_u0,MorganFP_745,8.484796764676616e-05
res_u0,MorganFP_1353,8.464787218292714e-05
res_u0,MorganFP_1831,8.452450038166859e-05
res_u0,MorganFP_105,8.449318158636742e-05
res_u0,MorganFP_92,8.448388754703729e-05
res_u0,MorganFP_1717,8.443173457271768e-05
res_u0,MorganFP_1814,8.43708522153832e-05
res_u0,MorganFP_806,8.425482693490949e-05
res_u0,MorganFP_2027,8.417991858533469e-05
res_u0,MorganFP_490,8.393764011506732e-05
res_u0,MorganFP_1979,8.393123613421948e-05
res_u0,MorganFP_1920,8.381256100346946e-05
res_u0,MorganFP_1458,8.380416245426403e-05
res_u0,MorganFP_1409,8.369222284275679e-05
res_u0,MorganFP_2004,8.364009486223267e-05
res_u0,MorganFP_537,8.361933200942673e-05
res_u0,MorganFP_1673,8.358086682528665e-05
res_u0,MorganFP_319,8.357093089188083e-05
res_u0,MorganFP_1610,8.349696039541498e-05
res_u0,MorganFP_544,8.345795753818664e-05
res_u0,MorganFP_1348,8.333709023546376e-05
res_u0,MorganFP_2038,8.324591584968744e-05
res_u0,MorganFP_1032,8.291763413998865e-05
res_u0,MorganFP_503,8.280990422008471e-05
res_u0,MorganFP_891,8.279248710459797e-05
res_u0,MorganFP_1759,8.270085966643137e-05
res_u0,MorganFP_1290,8.25968947756337e-05
res_u0,MorganFP_1609,8.25379638904451e-05
res_u0,MorganFP_1390,8.217403719754657e-05
res_u0,MorganFP_1816,8.19144807270149e-05
res_u0,MorganFP_1259,8.177465762324231e-05
res_u0,MorganFP_1558,8.166396672731935e-05
res_u0,MorganFP_1279,8.14824378285266e-05
res_u0,MorganFP_1025,8.142304537146572e-05
res_u0,MorganFP_1896,8.13562086615658e-05
res_u0,MorganFP_1705,8.129725323438208e-05
res_u0,MorganFP_208,8.129321829187574e-05
res_u0,MorganFP_285,8.110772705504133e-05
res_u0,MorganFP_1644,8.096685380951385e-05
res_u0,MorganFP_1591,8.072168594634377e-05
res_u0,MorganFP_1470,8.069489846308997e-05
res_u0,MorganFP_276,8.059888062632581e-05
res_u0,MorganFP_1891,8.059542893226634e-05
res_u0,MorganFP_666,8.043668807391668e-05
res_u0,MorganFP_260,8.037686810960665e-05
res_u0,MorganFP_243,8.03240056947061e-05
res_u0,MorganFP_1018,8.00480523515148e-05
res_u0,MorganFP_254,7.994182985920872e-05
res_u0,MorganFP_1929,7.977698890454121e-05
res_u0,MorganFP_180,7.965098992681874e-05
res_u0,MorganFP_90,7.933073301592586e-05
res_u0,MorganFP_1900,7.930530895237098e-05
res_u0,MorganFP_235,7.921752431098028e-05
res_u0,MorganFP_922,7.916622653652894e-05
res_u0,MorganFP_1316,7.90173868185775e-05
res_u0,MorganFP_1702,7.889095918483235e-05
res_u0,MorganFP_394,7.883688470414541e-05
res_u0,MorganFP_678,7.88320283687014e-05
res_u0,MorganFP_376,7.881795289773663e-05
res_u0,MorganFP_793,7.881124284733687e-05
res_u0,MorganFP_381,7.879314126057579e-05
res_u0,MorganFP_1924,7.877712696790695e-05
res_u0,MorganFP_348,7.854153588414192e-05
res_u0,MorganFP_951,7.852091639506397e-05
res_u0,MorganFP_183,7.844647403832284e-05
res_u0,MorganFP_1956,7.83112190575599e-05
res_u0,MorganFP_771,7.821148157103153e-05
res_u0,MorganFP_1678,7.81888262828545e-05
res_u0,MorganFP_1258,7.799553944255421e-05
res_u0,MorganFP_1277,7.794781540178519e-05
res_u0,MorganFP_1361,7.79201199514219e-05
res_u0,MorganFP_1964,7.785779982569352e-05
res_u0,MorganFP_1334,7.784810674172604e-05
res_u0,MorganFP_531,7.774889891512516e-05
res_u0,MorganFP_778,7.77026820003357e-05
res_u0,MorganFP_1647,7.76938468843582e-05
res_u0,MorganFP_1715,7.763106616198456e-05
res_u0,MorganFP_219,7.753060146296775e-05
res_u0,MorganFP_561,7.751923054456711e-05
res_u0,MorganFP_580,7.742674529995241e-05
res_u0,MorganFP_1270,7.739986603738202e-05
res_u0,MorganFP_1064,7.738142373600254e-05
res_u0,MorganFP_267,7.733388785333161e-05
res_u0,MorganFP_1563,7.726240877439494e-05
res_u0,MorganFP_161,7.726229496091719e-05
res_u0,MorganFP_1918,7.720443161697332e-05
res_u0,MorganFP_1852,7.718867326914846e-05
res_u0,MorganFP_551,7.715752537144027e-05
res_u0,MorganFP_422,7.704638312790735e-05
res_u0,MorganFP_1190,7.683315715325989e-05
res_u0,MorganFP_7,7.66559830049669e-05
res_u0,MorganFP_1537,7.649190187451892e-05
res_u0,MorganFP_783,7.643239105107114e-05
res_u0,MorganFP_874,7.636891007132362e-05
res_u0,MorganFP_1065,7.629355675408078e-05
res_u0,MorganFP_1646,7.615820426818232e-05
res_u0,MorganFP_456,7.612381257422385e-05
res_u0,MorganFP_660,7.604393172199764e-05
res_u0,MorganFP_1239,7.602688297629357e-05
res_u0,MorganFP_1742,7.597747258841992e-05
res_u0,MorganFP_1464,7.579397604428096e-05
res_u0,MorganFP_1751,7.55159156396985e-05
res_u0,MorganFP_1030,7.524311753102885e-05
res_u0,MorganFP_1412,7.514906026718649e-05
res_u0,MorganFP_8,7.510307495809343e-05
res_u0,MorganFP_1767,7.505984401905152e-05
res_u0,MorganFP_945,7.49547816649283e-05
res_u0,MorganFP_1313,7.493340884703415e-05
res_u0,MorganFP_1199,7.473672966102641e-05
res_u0,MorganFP_1693,7.470854602672716e-05
res_u0,MorganFP_1173,7.46881673631492e-05
res_u0,MorganFP_506,7.459484216923329e-05
res_u0,MorganFP_252,7.453987855880184e-05
res_u0,MorganFP_1625,7.449541283563121e-05
res_u0,MorganFP_1833,7.437583524015068e-05
res_u0,MorganFP_1080,7.435646527412132e-05
res_u0,MorganFP_639,7.418544446861119e-05
res_u0,MorganFP_1417,7.403529206943916e-05
res_u0,MorganFP_1352,7.399755505431927e-05
res_u0,MorganFP_1774,7.355159592833615e-05
res_u0,MorganFP_861,7.349912000017867e-05
res_u0,MorganFP_292,7.345956687063904e-05
res_u0,MorganFP_568,7.326312947536095e-05
res_u0,MorganFP_424,7.324914257399939e-05
res_u0,MorganFP_1410,7.322992084323233e-05
res_u0,MorganFP_708,7.31199627176693e-05
res_u0,MorganFP_871,7.310020193699528e-05
res_u0,MorganFP_578,7.303134986244686e-05
res_u0,MorganFP_116,7.302218800100491e-05
res_u0,MorganFP_186,7.297670132205525e-05
res_u0,MorganFP_511,7.28322995476276e-05
res_u0,MorganFP_591,7.271498739174832e-05
res_u0,MorganFP_2042,7.268490569910569e-05
res_u0,MorganFP_1624,7.262530207833606e-05
res_u0,MorganFP_79,7.243660605263358e-05
res_u0,MorganFP_1650,7.242475136035864e-05
res_u0,MorganFP_1049,7.238879694198719e-05
res_u0,MorganFP_1174,7.231303254604882e-05
res_u0,MorganFP_33,7.230632074259802e-05
res_u0,MorganFP_934,7.229347853740364e-05
res_u0,MorganFP_1973,7.225364108403198e-05
res_u0,MorganFP_1074,7.224972187918866e-05
res_u0,MorganFP_411,7.214170253701013e-05
res_u0,MorganFP_1293,7.19496830421349e-05
res_u0,MorganFP_832,7.148384127651752e-05
res_u0,MorganFP_979,7.119355029000473e-05
res_u0,MorganFP_526,7.09794600542466e-05
res_u0,MorganFP_1621,7.069633588162105e-05
res_u0,MorganFP_1530,7.049507889612983e-05
res_u0,MorganFP_1588,7.044012681160439e-05
res_u0,MorganFP_620,7.023947681182108e-05
res_u0,MorganFP_996,7.019164952633972e-05
res_u0,MorganFP_197,7.018080688817463e-05
res_u0,MorganFP_1975,6.998060041019016e-05
res_u0,fr_HOCCN,6.988557239856164e-05
res_u0,MorganFP_1443,6.97304850468754e-05
res_u0,MorganFP_1871,6.944311704995699e-05
res_u0,MorganFP_1079,6.940486812499103e-05
res_u0,MorganFP_148,6.933953841217999e-05
res_u0,MorganFP_817,6.929403270197554e-05
res_u0,MorganFP_1127,6.928310704358864e-05
res_u0,MorganFP_9,6.92637737701105e-05
res_u0,MorganFP_572,6.917840014943977e-05
res_u0,MorganFP_328,6.91745840541671e-05
res_u0,MorganFP_677,6.906310589761233e-05
res_u0,MorganFP_454,6.90401561928411e-05
res_u0,MorganFP_836,6.897743510012333e-05
res_u0,MorganFP_1372,6.890226040030711e-05
res_u0,MorganFP_1423,6.881195417417984e-05
res_u0,MorganFP_963,6.865899801331921e-05
res_u0,MorganFP_870,6.843243596023285e-05
res_u0,MorganFP_195,6.842715800701172e-05
res_u0,MorganFP_462,6.840595008065975e-05
res_u0,MorganFP_1551,6.817330524384601e-05
res_u0,MorganFP_842,6.814805719869099e-05
res_u0,MorganFP_1988,6.805651634931564e-05
res_u0,MorganFP_1196,6.80113629580319e-05
res_u0,MorganFP_920,6.792181782023654e-05
res_u0,MorganFP_1122,6.782783080706167e-05
res_u0,MorganFP_1478,6.778715010875658e-05
res_u0,MorganFP_999,6.776591575416191e-05
res_u0,MorganFP_2037,6.765851791165289e-05
res_u0,MorganFP_1237,6.764111437954057e-05
res_u0,MorganFP_1949,6.762872047664815e-05
res_u0,MorganFP_796,6.758070657025428e-05
res_u0,MorganFP_1725,6.746444874684699e-05
res_u0,MorganFP_632,6.741578924773961e-05
res_u0,MorganFP_1795,6.73297342289172e-05
res_u0,MorganFP_178,6.723922312892228e-05
res_u0,MorganFP_788,6.703452039334934e-05
res_u0,MorganFP_59,6.691488446620042e-05
res_u0,MorganFP_1985,6.676411189152987e-05
res_u0,MorganFP_1158,6.650681552287097e-05
res_u0,MorganFP_1504,6.641639321292025e-05
res_u0,MorganFP_1014,6.637221396340465e-05
res_u0,MorganFP_1183,6.634189975528671e-05
res_u0,MorganFP_831,6.62340627911746e-05
res_u0,MorganFP_697,6.609564449991012e-05
res_u0,MorganFP_1144,6.599059561502685e-05
res_u0,MorganFP_856,6.578570734755119e-05
res_u0,MorganFP_876,6.577407945496105e-05
res_u0,MorganFP_1954,6.54350259655132e-05
res_u0,MorganFP_1813,6.539848368390722e-05
res_u0,MorganFP_933,6.539837512379876e-05
res_u0,MorganFP_41,6.534125446526673e-05
res_u0,MorganFP_925,6.52956974147667e-05
res_u0,MorganFP_436,6.521419294595887e-05
res_u0,MorganFP_1932,6.506083938609209e-05
res_u0,MorganFP_1377,6.502790723109797e-05
res_u0,MorganFP_1340,6.499191793545833e-05
res_u0,MorganFP_939,6.488913064966617e-05
res_u0,MorganFP_704,6.487634682045496e-05
res_u0,MorganFP_491,6.480666983158301e-05
res_u0,MorganFP_1778,6.478503335435094e-05
res_u0,MorganFP_1672,6.476107813625731e-05
res_u0,MorganFP_1094,6.475545116057901e-05
res_u0,MorganFP_1838,6.466254562598017e-05
res_u0,MorganFP_748,6.461873181677902e-05
res_u0,MorganFP_1658,6.4516622868382e-05
res_u0,MorganFP_1117,6.451187159019866e-05
res_u0,MorganFP_166,6.438242156137619e-05
res_u0,MorganFP_229,6.433576540860031e-05
res_u0,MorganFP_121,6.431336500882168e-05
res_u0,MorganFP_1123,6.423807444338436e-05
res_u0,MorganFP_1103,6.407366872675624e-05
res_u0,MorganFP_1194,6.402782787631622e-05
res_u0,MorganFP_510,6.396178099180361e-05
res_u0,MorganFP_1433,6.3895715222813e-05
res_u0,MorganFP_969,6.38256154429655e-05
res_u0,MorganFP_1773,6.380697170504845e-05
res_u0,MorganFP_1007,6.378091879096104e-05
res_u0,MorganFP_921,6.367022249644094e-05
res_u0,MorganFP_211,6.325771914488598e-05
res_u0,MorganFP_1197,6.302965837103614e-05
res_u0,MorganFP_1614,6.271295217976558e-05
res_u0,MorganFP_780,6.265217563329984e-05
res_u0,MorganFP_179,6.244420153268492e-05
res_u0,MorganFP_718,6.243108700505218e-05
res_u0,MorganFP_1329,6.235820570553496e-05
res_u0,MorganFP_1364,6.221739575467922e-05
res_u0,MorganFP_535,6.218649130032362e-05
res_u0,MorganFP_635,6.215935597791144e-05
res_u0,MorganFP_927,6.214752472881457e-05
res_u0,MorganFP_546,6.211175067996066e-05
res_u0,MorganFP_1311,6.183671543149671e-05
res_u0,MorganFP_1834,6.176391793221114e-05
res_u0,MorganFP_1059,6.123227031973189e-05
res_u0,MorganFP_1764,6.116667207612636e-05
res_u0,MorganFP_274,6.114450813282702e-05
res_u0,MorganFP_1371,6.111046155183431e-05
res_u0,MorganFP_1752,6.10988251600304e-05
res_u0,MorganFP_703,6.107112512975732e-05
res_u0,MorganFP_1777,6.107008645960121e-05
res_u0,MorganFP_406,6.094724027191045e-05
res_u0,MorganFP_1878,6.094359551251216e-05
res_u0,MorganFP_532,6.087034592036389e-05
res_u0,MorganFP_973,6.0847938751720675e-05
res_u0,MorganFP_559,6.083655156170753e-05
res_u0,MorganFP_1676,6.082748981209107e-05
res_u0,MorganFP_1184,6.080581793220574e-05
res_u0,MorganFP_45,6.080231772943989e-05
res_u0,MorganFP_1284,6.0742469601791524e-05
res_u0,MorganFP_1997,6.0675537028359375e-05
res_u0,MorganFP_827,6.0392064302277506e-05
res_u0,MorganFP_354,6.035998603465487e-05
res_u0,MorganFP_1694,6.022149715952452e-05
res_u0,MorganFP_1947,6.015846659298063e-05
res_u0,MorganFP_649,6.012468176062669e-05
res_u0,MorganFP_402,6.0063346658267844e-05
res_u0,MorganFP_964,6.001365801532899e-05
res_u0,MorganFP_1513,5.974739884004521e-05
res_u0,MorganFP_404,5.9582581729017645e-05
res_u0,MorganFP_1898,5.954613268608e-05
res_u0,MorganFP_1775,5.9500478475911225e-05
res_u0,MorganFP_1780,5.942101325740623e-05
res_u0,MorganFP_1959,5.9330280716267224e-05
res_u0,MorganFP_1217,5.908811498753863e-05
res_u0,MorganFP_451,5.906489074330068e-05
res_u0,MorganFP_1514,5.905778612941504e-05
res_u0,MorganFP_1546,5.9029011687503016e-05
res_u0,MorganFP_460,5.895269785992241e-05
res_u0,MorganFP_604,5.885865290042602e-05
res_u0,MorganFP_768,5.883658040465889e-05
res_u0,MorganFP_936,5.881188962908368e-05
res_u0,MorganFP_830,5.87061322139979e-05
res_u0,MorganFP_1347,5.8704703927674016e-05
res_u0,MorganFP_1382,5.8702038261571945e-05
res_u0,MorganFP_1761,5.854422605580112e-05
res_u0,MorganFP_1378,5.849179198449406e-05
res_u0,MorganFP_1519,5.84582490515686e-05
res_u0,MorganFP_1285,5.837787632098923e-05
res_u0,MorganFP_1137,5.810391884082833e-05
res_u0,MorganFP_1606,5.809595402344314e-05
res_u0,MorganFP_563,5.805921933703928e-05
res_u0,MorganFP_803,5.782846965456656e-05
res_u0,MorganFP_1545,5.779058661772751e-05
res_u0,MorganFP_1696,5.775048953194073e-05
res_u0,MorganFP_628,5.7703399035489154e-05
res_u0,MorganFP_36,5.7643140437392045e-05
res_u0,MorganFP_1403,5.735439682626975e-05
res_u0,MorganFP_917,5.727279388784723e-05
res_u0,MorganFP_71,5.72465757320515e-05
res_u0,MorganFP_625,5.7242423595454284e-05
res_u0,MorganFP_132,5.723305007379054e-05
res_u0,MorganFP_1690,5.721108672059927e-05
res_u0,MorganFP_1139,5.7086735860963244e-05
res_u0,MorganFP_245,5.6986975228937806e-05
res_u0,MorganFP_356,5.693523772060871e-05
res_u0,MorganFP_1652,5.6737176405249555e-05
res_u0,MorganFP_258,5.66253757974664e-05
res_u0,MorganFP_18,5.662140622735023e-05
res_u0,MorganFP_202,5.6618236003018295e-05
res_u0,MorganFP_483,5.6524759642584855e-05
res_u0,MorganFP_1211,5.6374222754698163e-05
res_u0,MorganFP_1489,5.635380759696318e-05
res_u0,MorganFP_58,5.625986248833215e-05
res_u0,MorganFP_741,5.618238141505571e-05
res_u0,MorganFP_1741,5.6114423721730586e-05
res_u0,MorganFP_303,5.6096522518318536e-05
res_u0,MorganFP_165,5.605630751965052e-05
res_u0,MorganFP_1330,5.592256429278564e-05
res_u0,MorganFP_136,5.5834996683543634e-05
res_u0,MorganFP_615,5.575455260150619e-05
res_u0,MorganFP_379,5.5743605732764936e-05
res_u0,MorganFP_266,5.546586866640268e-05
res_u0,MorganFP_342,5.512763077695126e-05
res_u0,MorganFP_1438,5.501213445855058e-05
res_u0,MorganFP_1048,5.498348462873537e-05
res_u0,MorganFP_1543,5.491092777810991e-05
res_u0,MorganFP_255,5.475001699785764e-05
res_u0,MorganFP_1271,5.46601655396941e-05
res_u0,MorganFP_770,5.4626441016864644e-05
res_u0,MorganFP_667,5.460517863411951e-05
res_u0,MorganFP_626,5.453672463124803e-05
res_u0,MorganFP_883,5.452024593836313e-05
res_u0,MorganFP_1289,5.448744391375726e-05
res_u0,MorganFP_982,5.448588870240201e-05
res_u0,MorganFP_1645,5.437235964844689e-05
res_u0,MorganFP_682,5.429297378753972e-05
res_u0,MorganFP_207,5.4227474472334334e-05
res_u0,MorganFP_396,5.4050812803822626e-05
res_u0,MorganFP_123,5.3999500022541726e-05
res_u0,MorganFP_577,5.384452809970242e-05
res_u0,MorganFP_1653,5.3632160816960095e-05
res_u0,MorganFP_1076,5.3614648208949236e-05
res_u0,MorganFP_1798,5.360338983015822e-05
res_u0,MorganFP_923,5.3436391369082515e-05
res_u0,MorganFP_317,5.329775841118334e-05
res_u0,MorganFP_539,5.327054962819488e-05
res_u0,MorganFP_1393,5.312023060832871e-05
res_u0,MorganFP_1654,5.301248814109272e-05
res_u0,MorganFP_785,5.299652290479884e-05
res_u0,MorganFP_938,5.286197685852301e-05
res_u0,MorganFP_843,5.2828133711216195e-05
res_u0,MorganFP_560,5.2741937959979165e-05
res_u0,MorganFP_1817,5.2598724506296435e-05
res_u0,MorganFP_1341,5.2418282098111836e-05
res_u0,MorganFP_1913,5.230448176939717e-05
res_u0,MorganFP_811,5.221486371087281e-05
res_u0,MorganFP_1526,5.213820674509151e-05
res_u0,MorganFP_190,5.213215108960867e-05
res_u0,MorganFP_1062,5.1925176729128e-05
res_u0,MorganFP_1605,5.165009967578271e-05
res_u0,MorganFP_423,5.152281958595495e-05
res_u0,MorganFP_636,5.142048566543877e-05
res_u0,MorganFP_1254,5.141146402712593e-05
res_u0,MorganFP_1827,5.130433623848774e-05
res_u0,MorganFP_671,5.117311258771906e-05
res_u0,MorganFP_730,5.1065676517282556e-05
res_u0,MorganFP_1826,5.1032095603062544e-05
res_u0,MorganFP_256,5.085321303545243e-05
res_u0,MorganFP_540,5.082831580716629e-05
res_u0,MorganFP_1024,5.080733550758865e-05
res_u0,MorganFP_1698,5.064227159718371e-05
res_u0,MorganFP_1116,5.057383898881085e-05
res_u0,MorganFP_977,5.050355692297615e-05
res_u0,MorganFP_1668,5.0470128399936696e-05
res_u0,MorganFP_1337,5.0443844364778554e-05
res_u0,MorganFP_1465,5.0265168824835446e-05
res_u0,MorganFP_278,5.011823905277879e-05
res_u0,MorganFP_1744,5.011804749061355e-05
res_u0,MorganFP_1926,5.0106998938034055e-05
res_u0,MorganFP_690,5.009820365615525e-05
res_u0,MorganFP_1720,5.0008052972145834e-05
res_u0,MorganFP_714,4.991601541009416e-05
res_u0,MorganFP_852,4.9907065479976254e-05
res_u0,MorganFP_1579,4.984454438090324e-05
res_u0,MorganFP_485,4.982747662413089e-05
res_u0,MorganFP_1428,4.9760351571325856e-05
res_u0,MorganFP_1467,4.950012327673647e-05
res_u0,MorganFP_1444,4.9425922449131574e-05
res_u0,MorganFP_1500,4.935851909192479e-05
res_u0,MorganFP_2002,4.9177735429651646e-05
res_u0,MorganFP_253,4.895423259756626e-05
res_u0,MorganFP_310,4.8920741959591394e-05
res_u0,MorganFP_1571,4.888607651560051e-05
res_u0,MorganFP_946,4.8810377841875363e-05
res_u0,MorganFP_1109,4.879740119454912e-05
res_u0,MorganFP_665,4.877635274383785e-05
res_u0,MorganFP_1547,4.8738212733496766e-05
res_u0,MorganFP_131,4.8715687724495635e-05
res_u0,MorganFP_265,4.86243635249437e-05
res_u0,MorganFP_782,4.8496465326953955e-05
res_u0,MorganFP_863,4.8439497950194975e-05
res_u0,MorganFP_153,4.843853399099274e-05
res_u0,fr_furan,4.843436381767674e-05
res_u0,MorganFP_1100,4.837931579805854e-05
res_u0,MorganFP_1427,4.836841642810441e-05
res_u0,MorganFP_1864,4.834524619920444e-05
res_u0,MorganFP_452,4.819404944240446e-05
res_u0,MorganFP_113,4.8153683543205264e-05
res_u0,MorganFP_374,4.81058096574003e-05
res_u0,MorganFP_910,4.810225539555546e-05
res_u0,MorganFP_574,4.8071933666832935e-05
res_u0,MorganFP_1914,4.806909668860726e-05
res_u0,MorganFP_565,4.802053488504043e-05
res_u0,MorganFP_1110,4.797319820513479e-05
res_u0,MorganFP_118,4.7930021525981915e-05
res_u0,MorganFP_1897,4.7541145714944835e-05
res_u0,MorganFP_814,4.751004770776035e-05
res_u0,Kappa3,4.741807189714109e-05
res_u0,MorganFP_812,4.720899805056433e-05
res_u0,MorganFP_1263,4.713111381659196e-05
res_u0,MorganFP_412,4.711288640339717e-05
res_u0,MorganFP_51,4.7068409261783016e-05
res_u0,MorganFP_1339,4.6908224457112624e-05
res_u0,MorganFP_107,4.6885400544852016e-05
res_u0,MorganFP_53,4.687176753066069e-05
res_u0,MorganFP_1846,4.671001756821624e-05
res_u0,MorganFP_1707,4.6670495325034975e-05
res_u0,MorganFP_1255,4.6667747193467335e-05
res_u0,MorganFP_520,4.665793959195952e-05
res_u0,MorganFP_170,4.661735533404965e-05
res_u0,MorganFP_32,4.6552654941791614e-05
res_u0,MorganFP_726,4.653875607979785e-05
res_u0,MorganFP_160,4.6475588832310064e-05
res_u0,MorganFP_687,4.640272557983849e-05
res_u0,MorganFP_616,4.62521973060781e-05
res_u0,MorganFP_1716,4.623272766093578e-05
res_u0,MorganFP_1569,4.620931431596631e-05
res_u0,MorganFP_1472,4.619795294286178e-05
res_u0,MorganFP_1042,4.598096535460172e-05
res_u0,MorganFP_1784,4.594517252425056e-05
res_u0,MorganFP_2019,4.5908169958977395e-05
res_u0,MorganFP_872,4.587402033402554e-05
res_u0,MorganFP_122,4.576740524862544e-05
res_u0,MorganFP_19,4.564063746829561e-05
res_u0,MorganFP_661,4.557813766440688e-05
res_u0,MorganFP_731,4.557742347671478e-05
res_u0,MorganFP_1142,4.538180673402792e-05
res_u0,MorganFP_597,4.52902616499653e-05
res_u0,MorganFP_1528,4.5253810902352145e-05
res_u0,MorganFP_1015,4.522082718409592e-05
res_u0,MorganFP_1776,4.5010864887732536e-05
res_u0,MorganFP_1033,4.498545248173258e-05
res_u0,MorganFP_329,4.497432911120214e-05
res_u0,MorganFP_845,4.490441644262688e-05
res_u0,MorganFP_548,4.489751265440134e-05
res_u0,MorganFP_698,4.484516847878695e-05
res_u0,MorganFP_1533,4.4824192722870746e-05
res_u0,MorganFP_1038,4.4786898568158765e-05
res_u0,MorganFP_930,4.477400018637923e-05
res_u0,MorganFP_728,4.475899413228035e-05
res_u0,MorganFP_1868,4.4609781381780066e-05
res_u0,MorganFP_185,4.4483469219528616e-05
res_u0,MorganFP_1414,4.446023835352264e-05
res_u0,MorganFP_1869,4.430371271564582e-05
res_u0,MorganFP_449,4.425876032652809e-05
res_u0,MorganFP_889,4.4124067475282306e-05
res_u0,MorganFP_1422,4.41240647877571e-05
res_u0,MorganFP_97,4.407589952425184e-05
res_u0,MorganFP_825,4.399509965340087e-05
res_u0,MorganFP_1131,4.3858902005185387e-05
res_u0,MorganFP_763,4.372685525086695e-05
res_u0,MorganFP_373,4.3689574562733926e-05
res_u0,MorganFP_405,4.365324551874039e-05
res_u0,MorganFP_1901,4.365097518748939e-05
res_u0,MorganFP_994,4.359605017691593e-05
res_u0,MorganFP_498,4.340968246786048e-05
res_u0,MorganFP_1267,4.3392482982000044e-05
res_u0,MorganFP_1140,4.333637936645118e-05
res_u0,MorganFP_805,4.3336333809918414e-05
res_u0,MorganFP_1619,4.3289090268558536e-05
res_u0,MorganFP_1082,4.318603314459324e-05
res_u0,MorganFP_1857,4.3076459654685095e-05
res_u0,MorganFP_1865,4.2889030126076474e-05
res_u0,MorganFP_657,4.272181706377864e-05
res_u0,MorganFP_1469,4.2711741310768045e-05
res_u0,MorganFP_1449,4.257219447890748e-05
res_u0,MorganFP_2032,4.256495330253074e-05
res_u0,MorganFP_1497,4.2517253199939374e-05
res_u0,MorganFP_752,4.24463025962325e-05
res_u0,MorganFP_1392,4.2368991692946164e-05
res_u0,MorganFP_1229,4.231017095185052e-05
res_u0,MorganFP_1395,4.228961742330739e-05
res_u0,MorganFP_1169,4.2240000776772034e-05
res_u0,MorganFP_1297,4.2189582205651276e-05
res_u0,MorganFP_493,4.2152909472908285e-05
res_u0,MorganFP_1669,4.202050704975591e-05
res_u0,MorganFP_347,4.1956928066028354e-05
res_u0,MorganFP_331,4.190309170956752e-05
res_u0,MorganFP_1683,4.164183414468425e-05
res_u0,MorganFP_169,4.1586104915047886e-05
res_u0,MorganFP_367,4.156257220041937e-05
res_u0,MorganFP_420,4.140538068617161e-05
res_u0,MorganFP_1800,4.137870366378138e-05
res_u0,MorganFP_1849,4.121705188020996e-05
res_u0,MorganFP_1679,4.083220431419932e-05
res_u0,MorganFP_919,4.078270234857939e-05
res_u0,MorganFP_1503,4.0754478975998156e-05
res_u0,MorganFP_1661,4.0609648383096444e-05
res_u0,MorganFP_499,4.059780419001413e-05
res_u0,MorganFP_1981,4.053506175375787e-05
res_u0,MorganFP_1051,4.0504359617618227e-05
res_u0,MorganFP_463,4.022054579735368e-05
res_u0,MorganFP_416,4.0199961353081904e-05
res_u0,MorganFP_772,4.0171287953853604e-05
res_u0,MorganFP_1286,4.008897210050577e-05
res_u0,MorganFP_1006,4.0082736391838126e-05
res_u0,MorganFP_336,3.9917697258019305e-05
res_u0,MorganFP_696,3.987746005640247e-05
res_u0,MorganFP_344,3.98649601092842e-05
res_u0,MorganFP_512,3.9557869767236296e-05
res_u0,MorganFP_1769,3.942000543515078e-05
res_u0,MorganFP_1805,3.940423449077457e-05
res_u0,MorganFP_1118,3.937603908903498e-05
res_u0,MorganFP_791,3.936426954214767e-05
res_u0,MorganFP_634,3.931633796310052e-05
res_u0,MorganFP_357,3.928416416727032e-05
res_u0,MorganFP_1336,3.9228035613405153e-05
res_u0,MorganFP_1220,3.903767537526903e-05
res_u0,MorganFP_646,3.901826726314184e-05
res_u0,MorganFP_538,3.891447768897294e-05
res_u0,MorganFP_587,3.880210388354044e-05
res_u0,MorganFP_1228,3.861859673634171e-05
res_u0,MorganFP_1387,3.857549560609641e-05
res_u0,MorganFP_786,3.854707642759081e-05
res_u0,MorganFP_641,3.840427825197423e-05
res_u0,MorganFP_1001,3.839465960704302e-05
res_u0,MorganFP_1525,3.829492330072526e-05
res_u0,MorganFP_1768,3.8066189428732856e-05
res_u0,MorganFP_904,3.798152692615986e-05
res_u0,MorganFP_948,3.7948749959468845e-05
res_u0,MorganFP_1441,3.794622632469924e-05
res_u0,MorganFP_952,3.789964318275452e-05
res_u0,MorganFP_94,3.784816252114975e-05
res_u0,MorganFP_346,3.7810434429729866e-05
res_u0,MorganFP_360,3.777913088629248e-05
res_u0,MorganFP_1397,3.7737514823675154e-05
res_u0,MorganFP_653,3.7527829470572985e-05
res_u0,MorganFP_756,3.7502785122114804e-05
res_u0,MorganFP_1714,3.7420279261027644e-05
res_u0,MorganFP_954,3.7415646966682206e-05
res_u0,MorganFP_1328,3.739814089736626e-05
res_u0,MorganFP_1994,3.736750370080699e-05
res_u0,MorganFP_1050,3.726715317503704e-05
res_u0,MorganFP_659,3.722247599273487e-05
res_u0,MorganFP_702,3.7202397750714764e-05
res_u0,MorganFP_893,3.712328898536299e-05
res_u0,MorganFP_1771,3.686736168324911e-05
res_u0,MorganFP_1165,3.6738453194354426e-05
res_u0,MorganFP_700,3.664406302905676e-05
res_u0,MorganFP_72,3.657456389993286e-05
res_u0,MorganFP_25,3.648272538595165e-05
res_u0,MorganFP_1078,3.6296047270298007e-05
res_u0,MorganFP_419,3.625654224470232e-05
res_u0,MorganFP_944,3.621222660990497e-05
res_u0,MorganFP_1749,3.6171855354780294e-05
res_u0,MorganFP_1578,3.6120557158255906e-05
res_u0,MorganFP_38,3.606805273696523e-05
res_u0,MorganFP_1785,3.597090517425272e-05
res_u0,MorganFP_619,3.570565164289974e-05
res_u0,MorganFP_1251,3.559549425056119e-05
res_u0,MorganFP_1962,3.545843050525832e-05
res_u0,MorganFP_1246,3.507356432410802e-05
res_u0,MorganFP_1788,3.507284342316552e-05
res_u0,MorganFP_1877,3.495766843565917e-05
res_u0,MorganFP_1155,3.4931041007361326e-05
res_u0,MorganFP_66,3.490942764307192e-05
res_u0,MorganFP_1113,3.486916708064314e-05
res_u0,MorganFP_89,3.477842114742202e-05
res_u0,MorganFP_466,3.4522023051977156e-05
res_u0,MorganFP_257,3.449002410467017e-05
res_u0,MorganFP_1936,3.448168076396296e-05
res_u0,MorganFP_688,3.444233142996111e-05
res_u0,MorganFP_967,3.438231763163913e-05
res_u0,MorganFP_887,3.4314207274547925e-05
res_u0,MorganFP_444,3.425505575158638e-05
res_u0,MorganFP_233,3.4193114817014704e-05
res_u0,MorganFP_76,3.41606650603552e-05
res_u0,MorganFP_277,3.408058203541131e-05
res_u0,MorganFP_1344,3.402758953689045e-05
res_u0,MorganFP_192,3.398527579637545e-05
res_u0,MorganFP_1977,3.397463496367692e-05
res_u0,MorganFP_144,3.3930896780965726e-05
res_u0,MorganFP_87,3.3891345631033686e-05
res_u0,MorganFP_1360,3.387267582862563e-05
res_u0,MorganFP_1708,3.3630073118279926e-05
res_u0,MorganFP_1357,3.358589397976175e-05
res_u0,MorganFP_949,3.340470632565129e-05
res_u0,MorganFP_1998,3.33472665321608e-05
res_u0,MorganFP_1317,3.3164065796881916e-05
res_u0,MorganFP_732,3.3071707895231835e-05
res_u0,MorganFP_1402,3.305720074422425e-05
res_u0,MorganFP_481,3.280174825340509e-05
res_u0,MorganFP_1269,3.256418671072581e-05
res_u0,MorganFP_516,3.254871014136995e-05
res_u0,MorganFP_279,3.2508726316336835e-05
res_u0,MorganFP_610,3.2502516755481994e-05
res_u0,MorganFP_28,3.2376311676742374e-05
res_u0,MorganFP_1314,3.2354180723416445e-05
res_u0,MorganFP_484,3.223332260178324e-05
res_u0,MorganFP_109,3.220631429161358e-05
res_u0,MorganFP_128,3.216847128612699e-05
res_u0,MorganFP_880,3.211143761261592e-05
res_u0,MorganFP_664,3.194744421528739e-05
res_u0,MorganFP_980,3.186694752603003e-05
res_u0,MorganFP_1938,3.180230469425993e-05
res_u0,MorganFP_1359,3.178456976995392e-05
res_u0,MorganFP_647,3.1760166176638904e-05
res_u0,MorganFP_1041,3.1669934762874165e-05
res_u0,MorganFP_1807,3.149182251109472e-05
res_u0,MorganFP_216,3.140242302910678e-05
res_u0,MorganFP_1801,3.140054629250244e-05
res_u0,MorganFP_792,3.1321138624413435e-05
res_u0,MorganFP_1081,3.1259018996891544e-05
res_u0,MorganFP_1176,3.125490074277781e-05
res_u0,MorganFP_236,3.109592221417756e-05
res_u0,MorganFP_1935,3.087427767286144e-05
res_u0,MorganFP_1245,3.0834445813500364e-05
res_u0,MorganFP_1426,3.07448468708742e-05
res_u0,MorganFP_1490,3.071141674730882e-05
res_u0,MorganFP_1666,3.053793255096871e-05
res_u0,MorganFP_1098,3.0484816785524505e-05
res_u0,MorganFP_304,3.0258119590671483e-05
res_u0,MorganFP_1706,3.014380824460261e-05
res_u0,MorganFP_749,3.0063787319704715e-05
res_u0,MorganFP_838,2.994214233854109e-05
res_u0,MorganFP_184,2.989642893513178e-05
res_u0,MorganFP_104,2.9879392116278324e-05
res_u0,MorganFP_1153,2.987523785748891e-05
res_u0,MorganFP_4,2.9532393342279305e-05
res_u0,MorganFP_779,2.9522370468640702e-05
res_u0,MorganFP_1721,2.9397833298318687e-05
res_u0,MorganFP_1287,2.9395536871820836e-05
res_u0,MorganFP_877,2.9361853867214905e-05
res_u0,MorganFP_1053,2.9318482721738094e-05
res_u0,MorganFP_1631,2.920809704433225e-05
res_u0,MorganFP_645,2.9177347826561118e-05
res_u0,MorganFP_648,2.9110613397222095e-05
res_u0,MorganFP_133,2.9103774959949645e-05
res_u0,MorganFP_1649,2.8977107751416043e-05
res_u0,MorganFP_742,2.894287595120204e-05
res_u0,MorganFP_1000,2.8879142529483203e-05
res_u0,MorganFP_333,2.8855143486969936e-05
res_u0,MorganFP_295,2.8744426568891868e-05
res_u0,MorganFP_14,2.8536003338189174e-05
res_u0,MorganFP_1214,2.836888739150112e-05
res_u0,MorganFP_984,2.8325861189841818e-05
res_u0,MorganFP_1346,2.8311462086044515e-05
res_u0,MorganFP_1633,2.8301685321295622e-05
res_u0,MorganFP_685,2.8267309069633485e-05
res_u0,MorganFP_737,2.818534518527116e-05
res_u0,MorganFP_262,2.8180464786672133e-05
res_u0,MorganFP_350,2.8029911450431655e-05
res_u0,MorganFP_1012,2.79570072889328e-05
res_u0,MorganFP_567,2.793753416204936e-05
res_u0,MorganFP_971,2.780077357149935e-05
res_u0,MorganFP_1092,2.777671004067861e-05
res_u0,MorganFP_52,2.7733313853104845e-05
res_u0,MorganFP_389,2.7713566059844652e-05
res_u0,MorganFP_1874,2.757709990930124e-05
res_u0,MorganFP_1522,2.7557691839398047e-05
res_u0,MorganFP_736,2.7504046183729258e-05
res_u0,MorganFP_1532,2.7484037036174413e-05
res_u0,MorganFP_570,2.745556616423528e-05
res_u0,MorganFP_579,2.739724625514839e-05
res_u0,MorganFP_596,2.7322613426003173e-05
res_u0,MorganFP_309,2.7284804414506426e-05
res_u0,MorganFP_976,2.7250085128173396e-05
res_u0,MorganFP_1505,2.7106913838622403e-05
res_u0,MorganFP_1555,2.6972602824244517e-05
res_u0,MorganFP_157,2.6962074954809622e-05
res_u0,MorganFP_603,2.6900768448115287e-05
res_u0,MorganFP_47,2.6809107657754795e-05
res_u0,MorganFP_865,2.6748657743796754e-05
res_u0,MorganFP_663,2.6688572521692323e-05
res_u0,MorganFP_1460,2.65750823758637e-05
res_u0,MorganFP_93,2.6565915075096315e-05
res_u0,MorganFP_630,2.653534833322624e-05
res_u0,MorganFP_1324,2.618048647047999e-05
res_u0,MorganFP_1111,2.6158094692930955e-05
res_u0,MorganFP_549,2.597194998281882e-05
res_u0,MorganFP_605,2.5812876739223613e-05
res_u0,MorganFP_49,2.5764838212133156e-05
res_u0,MorganFP_299,2.5730778053016935e-05
res_u0,MorganFP_513,2.5711656862480226e-05
res_u0,MorganFP_1797,2.5381550085057823e-05
res_u0,MorganFP_640,2.5347113163888934e-05
res_u0,MorganFP_1659,2.5209727776910993e-05
res_u0,MorganFP_1596,2.500412929511242e-05
res_u0,MorganFP_1703,2.4987973191286983e-05
res_u0,MorganFP_1792,2.488399949322684e-05
res_u0,MorganFP_30,2.4841694647740552e-05
res_u0,MorganFP_288,2.4761599748217122e-05
res_u0,MorganFP_1850,2.47562846634537e-05
res_u0,MorganFP_1191,2.4720808665279037e-05
res_u0,MorganFP_1179,2.4554371841361446e-05
res_u0,MorganFP_2014,2.446781701541312e-05
res_u0,MorganFP_1940,2.4423209466206685e-05
res_u0,MorganFP_1955,2.441460677590612e-05
res_u0,MorganFP_958,2.4185235368406666e-05
res_u0,MorganFP_20,2.4176819249987602e-05
res_u0,MorganFP_1310,2.414379478786799e-05
res_u0,MorganFP_709,2.4116279388607607e-05
res_u0,MorganFP_1475,2.3998309819596386e-05
res_u0,MorganFP_1515,2.3992527781985016e-05
res_u0,MorganFP_1568,2.3933110758662224e-05
res_u0,MorganFP_1581,2.3762043035539193e-05
res_u0,MorganFP_1272,2.3714522930475825e-05
res_u0,MorganFP_1370,2.3640819126740098e-05
res_u0,MorganFP_966,2.3530578752282816e-05
res_u0,MorganFP_1740,2.3396021092430886e-05
res_u0,MorganFP_42,2.3370598908513784e-05
res_u0,MorganFP_1890,2.3336436093714496e-05
res_u0,MorganFP_557,2.3256408935026228e-05
res_u0,MorganFP_776,2.308754908604982e-05
res_u0,MorganFP_707,2.300288891485991e-05
res_u0,MorganFP_70,2.2863225166251056e-05
res_u0,MorganFP_156,2.2636354187525854e-05
res_u0,MorganFP_1451,2.2627525304116603e-05
res_u0,MorganFP_341,2.2574039924020183e-05
res_u0,MorganFP_146,2.256170878040109e-05
res_u0,MorganFP_727,2.2109708051779366e-05
res_u0,MorganFP_377,2.1902323201100416e-05
res_u0,MorganFP_1180,2.188225228826113e-05
res_u0,MorganFP_159,2.1800274021614998e-05
res_u0,MorganFP_1319,2.1413811508963932e-05
res_u0,MorganFP_961,2.1369831244197e-05
res_u0,MorganFP_500,2.1111816123010384e-05
res_u0,MorganFP_1188,2.105353772640228e-05
res_u0,MorganFP_903,2.0953516968546636e-05
res_u0,MorganFP_1527,2.0688026030370566e-05
res_u0,MorganFP_1572,2.0646334009313705e-05
res_u0,MorganFP_820,2.0645384868288375e-05
res_u0,MorganFP_363,2.0501231477169313e-05
res_u0,MorganFP_509,2.049146548992731e-05
res_u0,MorganFP_1728,2.0463639623404362e-05
res_u0,MorganFP_382,2.0408891141414643e-05
res_u0,MorganFP_1326,2.0143159591668792e-05
res_u0,MorganFP_1268,2.0066224141970677e-05
res_u0,MorganFP_1434,1.9970190254184674e-05
res_u0,MorganFP_729,1.9784373541931188e-05
res_u0,MorganFP_459,1.9674966111779212e-05
res_u0,MorganFP_1548,1.9027716093034997e-05
res_u0,MorganFP_1420,1.881206843063765e-05
res_u0,MorganFP_209,1.8657209063434266e-05
res_u0,MorganFP_759,1.8497821843677848e-05
res_u0,MorganFP_450,1.8493757592267458e-05
res_u0,MorganFP_495,1.8167974762203e-05
res_u0,MorganFP_364,1.8150014442426253e-05
res_u0,MorganFP_40,1.8084131601142417e-05
res_u0,MorganFP_1565,1.8062398455995775e-05
res_u0,MorganFP_1203,1.799781053412275e-05
res_u0,MorganFP_443,1.7711571866712462e-05
res_u0,MorganFP_1735,1.7542337041945188e-05
res_u0,MorganFP_1095,1.74954026387919e-05
res_u0,MorganFP_735,1.746686139180209e-05
res_u0,MorganFP_1567,1.7372455334964343e-05
res_u0,MorganFP_1345,1.7019242855361937e-05
res_u0,MorganFP_912,1.69351665360864e-05
res_u0,MorganFP_1318,1.6717786865058316e-05
res_u0,MorganFP_375,1.6712834240706797e-05
res_u0,MorganFP_705,1.6685045522379483e-05
res_u0,MorganFP_1560,1.6632194669774945e-05
res_u0,MorganFP_1757,1.6448748530820012e-05
res_u0,MorganFP_1756,1.6262314299694934e-05
res_u0,MorganFP_270,1.617559561081805e-05
res_u0,MorganFP_12,1.5954431146383284e-05
res_u0,MorganFP_1969,1.5933790787194368e-05
res_u0,MorganFP_518,1.5916215497354446e-05
res_u0,MorganFP_530,1.589498055809946e-05
res_u0,MorganFP_2043,1.5645236877119828e-05
res_u0,MorganFP_1753,1.5637282537099395e-05
res_u0,MorganFP_1639,1.5428771368320325e-05
res_u0,MorganFP_1086,1.521461270749569e-05
res_u0,MorganFP_1636,1.5090264091167427e-05
res_u0,MorganFP_1276,1.5001471533480526e-05
res_u0,MorganFP_1037,1.4836291546437508e-05
res_u0,MorganFP_1374,1.4828949195291319e-05
res_u0,MorganFP_1630,1.4806555263398024e-05
res_u0,MorganFP_662,1.4806457252191763e-05
res_u0,MorganFP_754,1.4784588296166135e-05
res_u0,MorganFP_124,1.475430994139515e-05
res_u0,MorganFP_1177,1.4591102173092452e-05
res_u0,fr_phenol_noOrthoHbond,1.4545222108040434e-05
res_u0,MorganFP_1367,1.4443314622059944e-05
res_u0,MorganFP_1534,1.4418097563329013e-05
res_u0,MorganFP_315,1.4397119521689205e-05
res_u0,MorganFP_2015,1.4059461787830685e-05
res_u0,MorganFP_408,1.390982924741735e-05
res_u0,MorganFP_100,1.3615878673907567e-05
res_u0,MorganFP_1332,1.350000649780858e-05
res_u0,MorganFP_1401,1.3271094000060657e-05
res_u0,MorganFP_986,1.311287026138075e-05
res_u0,MorganFP_1984,1.282513973263466e-05
res_u0,MorganFP_1965,1.276746727337752e-05
res_u0,MorganFP_1587,1.2713458193990057e-05
res_u0,MorganFP_1178,1.2710297051588882e-05
res_u0,MorganFP_1046,1.2392992386258684e-05
res_u0,MorganFP_15,1.2161538261473481e-05
res_u0,MorganFP_1822,1.1573463177626308e-05
res_u0,MorganFP_175,1.1526588284127115e-05
res_u0,MorganFP_327,1.1354784926613347e-05
res_u0,MorganFP_558,1.108441140980787e-05
res_u0,MorganFP_599,1.098988678657875e-05
res_u0,MorganFP_1841,1.095321666726301e-05
res_u0,MorganFP_1502,1.094762235879898e-05
res_u0,MorganFP_1010,1.0786666690492553e-05
res_u0,MorganFP_1561,1.0710248566169867e-05
res_u0,MorganFP_1368,1.0658812552414076e-05
res_u0,MorganFP_138,1.0617449650169419e-05
res_u0,MorganFP_432,1.0614228685716043e-05
res_u0,MorganFP_230,1.0529272767841658e-05
res_u0,MorganFP_1002,1.0286291129887104e-05
res_u0,MorganFP_307,1.0176818553667033e-05
res_u0,MorganFP_1821,1.012956563064904e-05
res_u0,MorganFP_1396,9.632884310830648e-06
res_u0,MorganFP_64,9.617886964832679e-06
res_u0,fr_phenol,9.531903167200539e-06
res_u0,MorganFP_1770,9.305623219520332e-06
res_u0,MorganFP_1632,9.267987683415412e-06
res_u0,MorganFP_1986,9.205410664435475e-06
res_u0,MorganFP_835,9.092568123605815e-06
res_u0,MorganFP_188,8.660875359176146e-06
res_u0,MorganFP_371,8.128612278719417e-06
res_u0,MorganFP_1419,7.975521365477967e-06
res_u0,MorganFP_1995,7.926906459033488e-06
res_u0,MorganFP_326,7.2666052289998e-06
res_u0,MorganFP_1958,7.171199476669554e-06
res_u0,MorganFP_1843,7.1683960498987174e-06
res_u0,MorganFP_44,7.074678436186588e-06
res_u0,MorganFP_467,6.92697579778212e-06
res_u0,MorganFP_928,6.7144977814859175e-06
res_u0,MorganFP_1132,5.602206103503704e-06
res_u0,MorganFP_746,3.593058558180928e-06
res_u0,MorganFP_631,2.298828447237611e-06
res_u0,MorganFP_439,8.902479312382639e-07
res_u0,MorganFP_427,0.0
res_u0,fr_sulfonamd,0.0
res_u0,fr_benzodiazepine,0.0
res_u0,MorganFP_1597,0.0
res_u0,MorganFP_1215,0.0
res_u0,fr_diazo,0.0
res_u0,fr_sulfide,0.0
res_u0,fr_prisulfonamd,0.0
res_u0,fr_sulfone,0.0
res_u0,fr_azo,0.0
res_u0,MorganFP_955,0.0
res_u0,fr_para_hydroxylation,0.0
res_u0,fr_nitroso,0.0
res_u0,fr_nitro_arom_nonortho,0.0
res_u0,fr_nitro_arom,0.0
res_u0,fr_isocyan,0.0
res_u0,fr_isothiocyan,0.0
res_u0,fr_hdrzone,0.0
res_u0,fr_phos_acid,0.0
res_u0,fr_azide,0.0
res_u0,fr_SH,0.0
res_u0,fr_N_O,0.0
res_u0,fr_C_S,0.0
res_u0,fr_phos_ester,0.0
res_u0,fr_barbitur,0.0
res_u0,MorganFP_800,0.0
res_u0,MorganFP_1381,0.0
res_u0,MorganFP_1501,0.0
res_u0,MorganFP_1688,0.0
res_u0,MorganFP_1895,0.0
res_u0,MorganFP_1815,0.0
res_u0,MorganFP_1559,0.0
res_u0,MorganFP_1320,0.0
res_u0,MorganFP_1829,0.0
res_u0,MorganFP_1067,0.0
res_u0,MorganFP_1106,0.0
res_u0,MorganFP_1052,0.0
res_u0,MorganFP_1903,0.0
res_u0,MorganFP_810,0.0
res_u0,MorganFP_822,0.0
res_u0,fr_Ar_COO,0.0
res_u0,MorganFP_215,0.0
res_u0,NumRadicalElectrons,0.0
res_u0,MorganFP_173,0.0
res_u0,SlogP_VSA9,0.0
res_u0,EState_VSA11,0.0
res_u0,SlogP_VSA12,0.0
res_u0,MorganFP_198,0.0
res_u0,SMR_VSA8,0.0
res_u0,SlogP_VSA7,0.0
res_u0,VSA_EState10,0.0
res_u0,MorganFP_860,0.0
res_u0,MorganFP_851,0.0
res_u0,fr_hdrzine,0.0
res_u0,fr_dihydropyridine,0.0
res_u0,fr_thiazole,0.0
res_u0,MorganFP_35,0.0
res_u0,fr_thiophene,0.0
res_u0,fr_thiocyan,0.0
res_gap,BCUT2D_MRHI,0.07757433648355072
res_gap,fr_ether,0.06621045155078173
res_gap,fr_ketone,0.0532464786125347
res_gap,fr_ketone_Topliss,0.047847517454996706
res_gap,SlogP_VSA1,0.04617481980472803
res_gap,SMR_VSA10,0.04214308796430123
res_gap,NumAmideBonds,0.0419780500009656
res_gap,fr_amide,0.041694617861881854
res_gap,SlogP_VSA2,0.04152333748256205
res_gap,SMR_VSA6,0.0408968288267497
res_gap,HallKierAlpha,0.03767623297823593
res_gap,MolLogP,0.03731299881910673
res_gap,BCUT2D_MWLOW,0.03697508755573654
res_gap,NumBridgeheadAtoms,0.036902172030881045
res_gap,MorganFP_314,0.03635610607359558
res_gap,fr_bicyclic,0.03490989721473307
res_gap,SlogP_VSA5,0.03148992833407647
res_gap,SMR_VSA4,0.03114011009864771
res_gap,fr_epoxide,0.030950452408054843
res_gap,fr_aldehyde,0.028901796359408764
res_gap,SMR_VSA2,0.02879318367317319
res_gap,PEOE_VSA14,0.027267632420174777
res_gap,BCUT2D_LOGPLOW,0.027071671267636703
res_gap,Chi4v,0.026875595059944316
res_gap,Chi4n,0.026117684521173943
res_gap,fr_Imine,0.023721007587155327
res_gap,SlogP_VSA3,0.02333733407314867
res_gap,MorganFP_378,0.022513792666606604
res_gap,BCUT2D_CHGHI,0.02172173372277757
res_gap,PEOE_VSA2,0.021348801782354713
res_gap,MorganFP_650,0.020734690078559652
res_gap,TPSA,0.020624974256861606
res_gap,PEOE_VSA7,0.020311668303518673
res_gap,SlogP_VSA4,0.019855644636103533
res_gap,MaxAbsEStateIndex,0.01971335909719346
res_gap,Ipc,0.01905453384418797
res_gap,SlogP_VSA6,0.01800371331378119
res_gap,MaxEStateIndex,0.01797761381145392
res_gap,FpDensityMorgan1,0.017803345172069385
res_gap,BertzCT,0.01773185654799454
res_gap,VSA_EState7,0.017381249888607272
res_gap,VSA_EState8,0.01732841215561348
res_gap,NOCount,0.01677896419307217
res_gap,fr_NH1,0.01659789906721562
res_gap,MaxPartialCharge,0.01653373448743514
res_gap,NumAliphaticRings,0.016433527453584246
res_gap,MorganFP_1128,0.016108244845061563
res_gap,VSA_EState9,0.016055172386579216
res_gap,fr_Ar_N,0.015514234156347811
res_gap,SMR_VSA7,0.015427218787976017
res_gap,NumHAcceptors,0.015398576240388593
res_gap,MorganFP_1873,0.015266339163043085
res_gap,FractionCSP3,0.015247370384429814
res_gap,NumSaturatedHeterocycles,0.01501903950655833
res_gap,PEOE_VSA8,0.014875225027823034
res_gap,MorganFP_807,0.014804250705987215
res_gap,PEOE_VSA5,0.014349740902893246
res_gap,EState_VSA8,0.014094752531964332
res_gap,VSA_EState2,0.013857889741393592
res_gap,fr_ester,0.013781109439176362
res_gap,fr_C_O,0.01373263340243966
res_gap,fr_C_O_noCOO,0.013662465549597982
res_gap,NumAliphaticHeterocycles,0.013541349740233272
res_gap,MorganFP_1004,0.01320969071937725
res_gap,VSA_EState1,0.013089494545652997
res_gap,NumSaturatedRings,0.012881779528033804
res_gap,Kappa1,0.012807415935443715
res_gap,RingCount,0.0126727385824488
res_gap,MorganFP_1380,0.012513050778013167
res_gap,MorganFP_441,0.0124934265462216
res_gap,NumHeteroatoms,0.012323234452400357
res_gap,MorganFP_623,0.012071093055128585
res_gap,MorganFP_694,0.011231899039281415
res_gap,MinEStateIndex,0.011009067199927813
res_gap,PEOE_VSA3,0.010923072062665597
res_gap,SMR_VSA5,0.010771832831867868
res_gap,NumAtomStereoCenters,0.010737515077809803
res_gap,MaxAbsPartialCharge,0.010676346148653466
res_gap,NHOHCount,0.010407314609788046
res_gap,SMR_VSA9,0.010247324535623192
res_gap,Chi1v,0.010042390143014928
res_gap,BalabanJ,0.009984372260569217
res_gap,NumAromaticRings,0.009852364542450231
res_gap,NumUnspecifiedAtomStereoCenters,0.009831619514385239
res_gap,NumSaturatedCarbocycles,0.009598644411460555
res_gap,NumRotatableBonds,0.009563028682151526
res_gap,Chi1n,0.009423924724120297
res_gap,MorganFP_750,0.009350511133903637
res_gap,PEOE_VSA10,0.009337998471008177
res_gap,MorganFP_695,0.009314131177496165
res_gap,MorganFP_1535,0.009240264929132536
res_gap,BCUT2D_CHGLO,0.008755524373380468
res_gap,Chi1,0.00875497138972787
res_gap,fr_lactone,0.008642003397108055
res_gap,MorganFP_1691,0.008527687726816112
res_gap,NumHeterocycles,0.00838481400242017
res_gap,MorganFP_294,0.008373486798373051
res_gap,NumAromaticHeterocycles,0.008246259700870723
res_gap,NumSpiroAtoms,0.008225931438468252
res_gap,Chi0n,0.008169727019470883
res_gap,MorganFP_1164,0.008144413607078604
res_gap,Chi0,0.008142281497664954
res_gap,NumAliphaticCarbocycles,0.008140915971674986
res_gap,MorganFP_926,0.008128590718173654
res_gap,MorganFP_1083,0.008085432717269215
res_gap,MorganFP_1088,0.008041619538809755
res_gap,PEOE_VSA12,0.00800670141810042
res_gap,MinAbsEStateIndex,0.007914934884433393
res_gap,Chi0v,0.007865753017205861
res_gap,MorganFP_80,0.007818093746041995
res_gap,BCUT2D_MWHI,0.007766804207776658
res_gap,EState_VSA4,0.007745424955748603
res_gap,MinAbsPartialCharge,0.007627485969962436
res_gap,NumHDonors,0.0075887732702612995
res_gap,fr_piperdine,0.007543786525743599
res_gap,EState_VSA10,0.007501615579927602
res_gap,FpDensityMorgan2,0.007470271268379292
res_gap,EState_VSA5,0.007421710129946405
res_gap,Chi2v,0.0073395644420525055
res_gap,SMR_VSA1,0.0073062728639924895
res_gap,Chi2n,0.007180454813562392
res_gap,MorganFP_1136,0.006918231495088549
res_gap,BCUT2D_LOGPHI,0.006835153223917587
res_gap,PEOE_VSA6,0.006791370166978595
res_gap,fr_allylic_oxid,0.006782888706933591
res_gap,MorganFP_1028,0.006778089534243918
res_gap,fr_amidine,0.006774583214428276
res_gap,MinPartialCharge,0.006678302539545257
res_gap,MorganFP_1274,0.006652510902360518
res_gap,MorganFP_547,0.006652110071843708
res_gap,VSA_EState4,0.0065666600936347096
res_gap,fr_NH0,0.006517719014507747
res_gap,EState_VSA2,0.006387237904347305
res_gap,MorganFP_674,0.006345040969834372
res_gap,MorganFP_1866,0.006249948597047478
res_gap,fr_Al_OH,0.00615546940027707
res_gap,MorganFP_679,0.006109580654665479
res_gap,MorganFP_611,0.005953214039583145
res_gap,MorganFP_1162,0.0058924046360443755
res_gap,SMR_VSA3,0.005836897335771937
res_gap,HeavyAtomMolWt,0.005808574144585691
res_gap,AvgIpc,0.005703328878979278
res_gap,MorganFP_790,0.005675926367752254
res_gap,EState_VSA3,0.005648069001953445
res_gap,MorganFP_1917,0.0056055213720683245
res_gap,MorganFP_656,0.005586950441524095
res_gap,fr_NH2,0.005501383248716593
res_gap,MorganFP_1070,0.005344100346905179
res_gap,MorganFP_624,0.005282120153256983
res_gap,BCUT2D_MRLOW,0.005198534640716389
res_gap,MorganFP_1019,0.005076176360904356
res_gap,MorganFP_1292,0.0050695154097138585
res_gap,MorganFP_1921,0.005027851657312567
res_gap,FpDensityMorgan3,0.004944074317432751
res_gap,MorganFP_787,0.004795955845820572
res_gap,EState_VSA7,0.004770963216840755
res_gap,PEOE_VSA11,0.004739405379308664
res_gap,MorganFP_1923,0.0047248282443088105
res_gap,Chi3v,0.004693988804496712
res_gap,MorganFP_1145,0.004485681694932282
res_gap,MorganFP_1114,0.004471072064025066
res_gap,MorganFP_43,0.004454321064258693
res_gap,MorganFP_725,0.004449660994720716
res_gap,PEOE_VSA9,0.00443012880220661
res_gap,MorganFP_1915,0.004408236452261917
res_gap,VSA_EState5,0.0043856503401780746
res_gap,MorganFP_1325,0.004368726467478154
res_gap,SlogP_VSA10,0.004333022893151792
res_gap,Chi3n,0.004282519535354368
res_gap,fr_morpholine,0.004277886389356354
res_gap,MorganFP_57,0.004236263311957373
res_gap,MorganFP_503,0.004223669652281387
res_gap,PEOE_VSA4,0.004182595779711846
res_gap,SlogP_VSA8,0.004177724500800821
res_gap,fr_aniline,0.004091299965382859
res_gap,HeavyAtomCount,0.004036067110706881
res_gap,SPS,0.003972408251810066
res_gap,MorganFP_1057,0.003965105446864982
res_gap,PEOE_VSA1,0.0038129669851750805
res_gap,MorganFP_287,0.003772199561470188
res_gap,MorganFP_74,0.0037595330436743096
res_gap,MorganFP_1946,0.003752095470540439
res_gap,MorganFP_1819,0.0036733025707123943
res_gap,MorganFP_1457,0.0036624562137717474
res_gap,MorganFP_622,0.0036482533277416565
res_gap,MorganFP_523,0.003643431678997331
res_gap,fr_alkyl_carbamate,0.0035792927222209983
res_gap,MolMR,0.003568829690820621
res_gap,EState_VSA9,0.003561476962908273
res_gap,fr_pyridine,0.0035554162291809915
res_gap,MorganFP_881,0.0035458887408021836
res_gap,MorganFP_1452,0.003537756931880722
res_gap,MorganFP_1017,0.003442974426512876
res_gap,fr_priamide,0.0034402548923389985
res_gap,fr_oxime,0.0033769115251479887
res_gap,fr_imide,0.0033658890256192536
res_gap,Phi,0.003313976488563185
res_gap,MorganFP_1171,0.00330585563184286
res_gap,MorganFP_370,0.0033033146737830067
res_gap,Kappa2,0.003178571297371491
res_gap,MorganFP_1468,0.003148208123981021
res_gap,MorganFP_1738,0.00309972974719858
res_gap,qed,0.0030991958653853544
res_gap,MorganFP_1034,0.0030845060091053257
res_gap,VSA_EState6,0.0030840266240093114
res_gap,MorganFP_751,0.003056082555120838
res_gap,MorganFP_585,0.003045936608258444
res_gap,MorganFP_1369,0.003043452022830024
res_gap,fr_term_acetylene,0.0030173589354180875
res_gap,MorganFP_950,0.003005977764141335
res_gap,MorganFP_1431,0.0029842992640069497
res_gap,MorganFP_1980,0.0029764557291211986
res_gap,MorganFP_1256,0.002915005081704294
res_gap,MorganFP_88,0.0028945731447529398
res_gap,fr_Al_OH_noTert,0.0028669411753771785
res_gap,MorganFP_1224,0.002853785594511464
res_gap,MorganFP_803,0.0028353279886068777
res_gap,MorganFP_1257,0.0027998703384602094
res_gap,MorganFP_1309,0.002786604170818464
res_gap,PEOE_VSA13,0.0027592677118082067
res_gap,MorganFP_1089,0.0027540857288986444
res_gap,VSA_EState3,0.0027338473702056944
res_gap,MorganFP_231,0.0027251092810874978
res_gap,EState_VSA6,0.002704425701109358
res_gap,fr_quatN,0.0027010563462390564
res_gap,MorganFP_1722,0.0026777829971069878
res_gap,MorganFP_1141,0.002666424423267017
res_gap,MorganFP_1854,0.0026614281987276628
res_gap,MorganFP_145,0.0026483308504991784
res_gap,MorganFP_472,0.0026426661805835465
res_gap,MorganFP_550,0.0026417016608429548
res_gap,fr_halogen,0.002614847853081301
res_gap,MorganFP_489,0.002604260480235098
res_gap,ExactMolWt,0.0026007590980049143
res_gap,MorganFP_1910,0.0025948486565075656
res_gap,MorganFP_1629,0.0025925457468256355
res_gap,MorganFP_970,0.002579747649805995
res_gap,MorganFP_1430,0.002557356202392839
res_gap,MorganFP_248,0.0025062386869090006
res_gap,MorganFP_1,0.002464004782086704
res_gap,MorganFP_1060,0.0024367301531460724
res_gap,MorganFP_115,0.002426198143613874
res_gap,MorganFP_221,0.0024158065395372434
res_gap,MolWt,0.0024150642772829086
res_gap,MorganFP_431,0.0023969455783258127
res_gap,fr_COO2,0.002370647182338871
res_gap,fr_oxazole,0.0023556262511992827
res_gap,MorganFP_713,0.00235371021062565
res_gap,MorganFP_1832,0.002344208549555333
res_gap,MorganFP_1306,0.002342874174570625
res_gap,MorganFP_1282,0.0023322665853888792
res_gap,MorganFP_1020,0.002330829678969167
res_gap,MorganFP_1781,0.0023072694723314273
res_gap,fr_COO,0.002296731174690649
res_gap,MorganFP_2035,0.002288883698161612
res_gap,MorganFP_1172,0.0022817323405145656
res_gap,MorganFP_1839,0.0022798869454518354
res_gap,MorganFP_1507,0.0022783353779466326
res_gap,MorganFP_918,0.0022511652545488233
res_gap,MorganFP_263,0.0022265453697059455
res_gap,EState_VSA1,0.0022224237339396494
res_gap,MorganFP_508,0.002199879861206142
res_gap,MorganFP_470,0.002187147911742841
res_gap,MorganFP_1391,0.00218670270207258
res_gap,MorganFP_715,0.0021803196080263662
res_gap,MorganFP_1750,0.002178982445915153
res_gap,MorganFP_974,0.0021719436114872224
res_gap,MorganFP_1154,0.002160011589588066
res_gap,NumValenceElectrons,0.002154472559792339
res_gap,fr_Al_COO,0.0021471730155171826
res_gap,MorganFP_106,0.002143106557079591
res_gap,MorganFP_196,0.002138943601834853
res_gap,MorganFP_802,0.002125957689004963
res_gap,MorganFP_380,0.0021172990365755594
res_gap,MorganFP_519,0.002112873001022763
res_gap,MorganFP_281,0.002102388806457384
res_gap,MorganFP_276,0.0020983296932627128
res_gap,fr_Ndealkylation1,0.002098105528013548
res_gap,MorganFP_528,0.002046010710057999
res_gap,MorganFP_238,0.0020426607596421035
res_gap,MorganFP_1384,0.0020331237361751846
res_gap,LabuteASA,0.0020177299482566015
res_gap,fr_aryl_methyl,0.002009089778222915
res_gap,MorganFP_806,0.001960030596033903
res_gap,MorganFP_193,0.0019514218467029422
res_gap,fr_Ar_OH,0.001935554473638831
res_gap,fr_urea,0.001931510121001338
res_gap,MorganFP_1575,0.0019242183981232302
res_gap,fr_furan,0.0018827697387896478
res_gap,MorganFP_1440,0.0018748491720837136
res_gap,MorganFP_398,0.0018545779729286097
res_gap,MorganFP_678,0.001853327106759025
res_gap,MorganFP_283,0.0018373965270766348
res_gap,MorganFP_1585,0.0018355286008552411
res_gap,MorganFP_1922,0.0018352822099877812
res_gap,MorganFP_1349,0.0018325449270839727
res_gap,MorganFP_531,0.0018323751130956225
res_gap,MorganFP_1238,0.0018055370985894114
res_gap,MorganFP_978,0.0017792408570821863
res_gap,fr_imidazole,0.0017755941309509353
res_gap,MorganFP_1855,0.0017666415652311117
res_gap,MorganFP_935,0.0017651476964090306
res_gap,fr_lactam,0.0017632264266979974
res_gap,MorganFP_1791,0.0017550972889362128
res_gap,MorganFP_349,0.001754979515807463
res_gap,MorganFP_739,0.0017543149245175301
res_gap,MorganFP_1810,0.0017495579037349672
res_gap,MorganFP_1919,0.00173353626401763
res_gap,MorganFP_821,0.0017218039887507074
res_gap,MorganFP_542,0.0017160462461450834
res_gap,MorganFP_609,0.0016954998873372916
res_gap,MorganFP_1681,0.0016872010607700645
res_gap,MorganFP_900,0.0016840539310833266
res_gap,MorganFP_1454,0.0016718067519541364
res_gap,MorganFP_260,0.001667192105189315
res_gap,MorganFP_910,0.0016586872462867176
res_gap,MorganFP_655,0.0016552788577631646
res_gap,MorganFP_1385,0.0016517412440048248
res_gap,fr_benzene,0.001644918729609344
res_gap,MorganFP_447,0.0016364327058545315
res_gap,MorganFP_712,0.0016289033967550495
res_gap,fr_nitrile,0.001621604554681653
res_gap,MorganFP_1243,0.0016007972201118718
res_gap,MorganFP_1772,0.0015958685862515268
res_gap,MorganFP_1435,0.0015953502279504618
res_gap,MorganFP_1294,0.0015899175545673642
res_gap,MorganFP_222,0.0015772348563496052
res_gap,MorganFP_241,0.0015624015630237408
res_gap,MorganFP_1506,0.0015553250321772793
res_gap,MorganFP_1096,0.0015377026625963026
res_gap,MorganFP_237,0.0015368722313723992
res_gap,fr_methoxy,0.0015259285626434576
res_gap,MorganFP_5,0.001509417689865586
res_gap,MorganFP_1135,0.0015065520293178452
res_gap,MorganFP_1960,0.0014943018159538043
res_gap,MorganFP_1101,0.0014834578872012117
res_gap,MorganFP_1455,0.0014804268251809845
res_gap,MorganFP_862,0.0014715610881055453
res_gap,MorganFP_455,0.0014671116411503818
res_gap,MorganFP_602,0.0014635755517165307
res_gap,MorganFP_227,0.0014495965911617077
res_gap,MorganFP_1236,0.001439643867808627
res_gap,MorganFP_97,0.0014372544669895434
res_gap,MorganFP_997,0.0014337724757642718
res_gap,fr_Ar_NH,0.0014332036834221072
res_gap,MorganFP_563,0.0014180037955509306
res_gap,MorganFP_875,0.0014176483234768966
res_gap,fr_Ndealkylation2,0.0014145200759649015
res_gap,MorganFP_1308,0.0014073142731435837
res_gap,fr_Nhpyrrole,0.0013875746500259538
res_gap,MorganFP_1181,0.0013805391296364178
res_gap,MorganFP_367,0.0013768364823190495
res_gap,MorganFP_1840,0.001366680110390007
res_gap,MorganFP_553,0.0013665577208494142
res_gap,MorganFP_1375,0.0013596121671143918
res_gap,MorganFP_1480,0.0013577685227444364
res_gap,MorganFP_1448,0.0013541390028112802
res_gap,MorganFP_1063,0.0013372467784506625
res_gap,MorganFP_261,0.0013312194084412567
res_gap,MorganFP_61,0.0013290928069683331
res_gap,MorganFP_915,0.001321339698547945
res_gap,MorganFP_1893,0.00132105987727482
res_gap,MorganFP_1204,0.001314060167147545
res_gap,MorganFP_670,0.0013118851989065662
res_gap,MorganFP_1404,0.0012973243009651015
res_gap,MorganFP_1584,0.001282270624593707
res_gap,MorganFP_706,0.0012776116221918984
res_gap,SlogP_VSA11,0.001273453933854853
res_gap,MorganFP_1859,0.0012694498109194683
res_gap,MorganFP_941,0.0012645873053124888
res_gap,MorganFP_1538,0.0012638790080090985
res_gap,MorganFP_841,0.0012545178882162418
res_gap,MorganFP_1099,0.001251122288242186
res_gap,MorganFP_343,0.0012506420516124309
res_gap,MorganFP_668,0.0012453134144376464
res_gap,MorganFP_497,0.0012376279694049116
res_gap,MorganFP_895,0.0012371846880414523
res_gap,MorganFP_1150,0.0012354615553946929
res_gap,MorganFP_2040,0.0012278369993847492
res_gap,MorganFP_242,0.001227049800342229
res_gap,MorganFP_854,0.0012191240864460723
res_gap,MorganFP_108,0.0012154818915644228
res_gap,MorganFP_2041,0.00121226494531129
res_gap,MorganFP_1604,0.001187162556399926
res_gap,MorganFP_96,0.001182938796995586
res_gap,MorganFP_813,0.0011828428830752955
res_gap,MorganFP_1783,0.0011824493371948392
res_gap,MorganFP_2000,0.0011783806698647367
res_gap,MorganFP_147,0.0011732603210584784
res_gap,MorganFP_1971,0.001166023100436803
res_gap,fr_ArN,0.0011600808858844402
res_gap,MorganFP_393,0.0011476865720643444
res_gap,MorganFP_654,0.0011463919815929272
res_gap,MorganFP_849,0.0011418044856627602
res_gap,MorganFP_1665,0.001138578605080511
res_gap,MorganFP_598,0.0011345402423412452
res_gap,MorganFP_1481,0.001130990250890136
res_gap,MorganFP_1602,0.0011288155699221533
res_gap,MorganFP_397,0.0011199858571235382
res_gap,MorganFP_187,0.0011122405770952355
res_gap,MorganFP_1233,0.00110742461047721
res_gap,MorganFP_1836,0.0011069468260169516
res_gap,MorganFP_504,0.0011051106722167105
res_gap,MorganFP_1105,0.0011044135153420599
res_gap,MorganFP_225,0.0011024548024452087
res_gap,MorganFP_293,0.001098652735653559
res_gap,MorganFP_140,0.0010848881485574112
res_gap,MorganFP_1745,0.00107607525643607
res_gap,MorganFP_573,0.0010736741654582148
res_gap,MorganFP_62,0.0010690951980150203
res_gap,MorganFP_45,0.0010664327256780268
res_gap,MorganFP_407,0.0010601795670939964
res_gap,MorganFP_884,0.001059835550020466
res_gap,MorganFP_1333,0.001056819834113412
res_gap,NumAromaticCarbocycles,0.0010543660450493917
res_gap,MorganFP_669,0.0010485794555446545
res_gap,MorganFP_1950,0.0010480236489908918
res_gap,MorganFP_1539,0.0010469247805090162
res_gap,MorganFP_1351,0.0010457444233264823
res_gap,MorganFP_937,0.001041923452953256
res_gap,MorganFP_911,0.0010401218378783598
res_gap,MorganFP_41,0.0010395251814959323
res_gap,MorganFP_1860,0.0010389157816113653
res_gap,MorganFP_909,0.0010377185094655487
res_gap,MorganFP_794,0.0010362719214549543
res_gap,MorganFP_1944,0.0010307292584386687
res_gap,MorganFP_848,0.0010289291880394558
res_gap,MorganFP_583,0.0010274512920004782
res_gap,MorganFP_1976,0.001026914248663502
res_gap,MorganFP_1664,0.0010262126874992531
res_gap,MorganFP_1809,0.0010260325320187462
res_gap,MorganFP_246,0.0010116129032856946
res_gap,MorganFP_1281,0.0010056723794798473
res_gap,MorganFP_305,0.0010053045027013923
res_gap,MorganFP_1312,0.001001676874912846
res_gap,MorganFP_1549,0.0010011970910409219
res_gap,MorganFP_2029,0.0009997272797986625
res_gap,MorganFP_1261,0.0009989970232020936
res_gap,MorganFP_1511,0.000995471156678832
res_gap,MorganFP_1689,0.0009938233653365386
res_gap,MorganFP_1928,0.0009890116295359803
res_gap,MorganFP_486,0.0009818677373882566
res_gap,MorganFP_1009,0.0009802909228146745
res_gap,MorganFP_1405,0.0009801084668893054
res_gap,MorganFP_943,0.0009798850223487535
res_gap,MorganFP_781,0.000975621894255255
res_gap,MorganFP_1516,0.0009732178839657309
res_gap,MorganFP_11,0.0009706849161851778
res_gap,MorganFP_1640,0.000969371344824367
res_gap,MorganFP_2028,0.0009691534318692589
res_gap,MorganFP_1704,0.0009562852495614607
res_gap,MorganFP_2016,0.0009548149259632055
res_gap,MorganFP_2047,0.0009497688961303083
res_gap,MorganFP_699,0.0009427706214300998
res_gap,MorganFP_1794,0.000932465909376333
res_gap,MorganFP_366,0.000928293404156193
res_gap,MorganFP_301,0.00092750868123494
res_gap,MorganFP_361,0.0009184338486397792
res_gap,MorganFP_1726,0.0009171618620675872
res_gap,MorganFP_477,0.0009154028798798209
res_gap,MorganFP_1226,0.0009147631731029833
res_gap,MorganFP_651,0.0009142846941140306
res_gap,MorganFP_1249,0.0009137337708024233
res_gap,MorganFP_798,0.0009113247048134951
res_gap,MorganFP_1152,0.0009111002135238948
res_gap,MorganFP_1027,0.0009074166034138216
res_gap,MorganFP_34,0.0009047337310641979
res_gap,MorganFP_1147,0.0009028446886100028
res_gap,MorganFP_614,0.0009020192876542978
res_gap,MorganFP_1730,0.000898223239764775
res_gap,MorganFP_1486,0.0008971640324073178
res_gap,MorganFP_899,0.0008941712652293745
res_gap,MorganFP_1765,0.0008914452838859574
res_gap,MorganFP_959,0.0008902084852034023
res_gap,MorganFP_120,0.0008870365267503076
res_gap,MorganFP_55,0.0008859668155855615
res_gap,MorganFP_1546,0.0008835041141019246
res_gap,MorganFP_1496,0.0008833727981111679
res_gap,MorganFP_1300,0.0008819786216472494
res_gap,MorganFP_1439,0.0008790605535418763
res_gap,MorganFP_985,0.0008749674021241845
res_gap,MorganFP_960,0.0008719956511149576
res_gap,MorganFP_84,0.0008704848507048836
res_gap,MorganFP_975,0.0008682519199426508
res_gap,MorganFP_9,0.0008682417088687941
res_gap,MorganFP_1577,0.0008673819242351328
res_gap,MorganFP_1289,0.0008638463045290336
res_gap,MorganFP_296,0.0008620809816034125
res_gap,MorganFP_1011,0.0008592271122026318
res_gap,MorganFP_2,0.0008584774269318132
res_gap,MorganFP_1729,0.0008544752155285096
res_gap,MorganFP_718,0.0008544677330423838
res_gap,MorganFP_264,0.0008432185814679087
res_gap,MorganFP_403,0.0008429957579742223
res_gap,MorganFP_492,0.0008424081168227531
res_gap,MorganFP_482,0.0008372519973336239
res_gap,MorganFP_1531,0.0008367410815540098
res_gap,MorganFP_1479,0.000834013159155802
res_gap,MorganFP_1799,0.0008308795892164653
res_gap,MorganFP_684,0.0008303476298904932
res_gap,MorganFP_1418,0.0008251872734585958
res_gap,MorganFP_1747,0.0008212699989385328
res_gap,MorganFP_210,0.0008207550760089362
res_gap,MorganFP_721,0.000820239701556602
res_gap,MorganFP_566,0.0008190290267600346
res_gap,MorganFP_428,0.0008172991591300161
res_gap,MorganFP_1952,0.0008100198589529555
res_gap,MorganFP_2030,0.0008042962682961842
res_gap,MorganFP_840,0.000802780790257657
res_gap,MorganFP_2007,0.0008014505412647849
res_gap,MorganFP_1221,0.0007951887912063285
res_gap,MorganFP_901,0.0007947735441339318
res_gap,MorganFP_1104,0.0007936298167695099
res_gap,MorganFP_1313,0.0007923853875545319
res_gap,MorganFP_1657,0.0007860102123484296
res_gap,MorganFP_867,0.0007842397310822804
res_gap,MorganFP_1356,0.0007826633897382606
res_gap,MorganFP_1685,0.0007808468017686892
res_gap,MorganFP_1863,0.0007771020347918238
res_gap,MorganFP_430,0.0007755292907399962
res_gap,MorganFP_1941,0.0007750754857321453
res_gap,MorganFP_2027,0.000773567713356897
res_gap,MorganFP_1231,0.000771801161987014
res_gap,MorganFP_1399,0.0007705064706707958
res_gap,MorganFP_1638,0.0007693225655359584
res_gap,MorganFP_898,0.0007660415600085742
res_gap,MorganFP_940,0.000765284034629019
res_gap,MorganFP_1091,0.0007643968468855747
res_gap,MorganFP_434,0.0007618617316618384
res_gap,MorganFP_143,0.0007604175693904835
res_gap,MorganFP_345,0.0007577710025989291
res_gap,MorganFP_760,0.0007558811977429727
res_gap,MorganFP_1446,0.0007548621075014807
res_gap,MorganFP_298,0.0007546702622203156
res_gap,MorganFP_1260,0.0007539734903237161
res_gap,MorganFP_758,0.0007538950571524765
res_gap,MorganFP_418,0.000753824268931055
res_gap,MorganFP_1466,0.0007532682707051208
res_gap,MorganFP_1413,0.0007529860476361137
res_gap,MorganFP_1698,0.0007505121167454263
res_gap,MorganFP_1593,0.0007482735123248858
res_gap,MorganFP_1885,0.0007468599176354473
res_gap,MorganFP_1170,0.0007466211641503832
res_gap,MorganFP_1453,0.0007459663034803725
res_gap,MorganFP_158,0.0007450173302658953
res_gap,MorganFP_644,0.0007431723228010014
res_gap,MorganFP_782,0.0007414702482838038
res_gap,MorganFP_1592,0.0007409442905354809
res_gap,MorganFP_1056,0.0007375906198360269
res_gap,MorganFP_527,0.0007361397163087986
res_gap,MorganFP_1168,0.000735338390582001
res_gap,fr_nitro,0.0007345287561111035
res_gap,MorganFP_1487,0.0007337904391702068
res_gap,MorganFP_201,0.0007315558685431824
res_gap,MorganFP_890,0.0007299964015332989
res_gap,MorganFP_1193,0.0007297637001684052
res_gap,MorganFP_1169,0.0007290474387009454
res_gap,MorganFP_232,0.0007264728382098582
res_gap,MorganFP_799,0.0007262317648740009
res_gap,MorganFP_988,0.0007255938711219869
res_gap,MorganFP_211,0.0007243597953799821
res_gap,MorganFP_335,0.000724330589092915
res_gap,MorganFP_362,0.0007240202066145685
res_gap,MorganFP_1120,0.0007234913370530193
res_gap,MorganFP_1234,0.0007232589959576785
res_gap,MorganFP_297,0.0007231028560504456
res_gap,MorganFP_1427,0.0007209646363903062
res_gap,MorganFP_1598,0.0007181433822470353
res_gap,MorganFP_1264,0.0007163998435295014
res_gap,MorganFP_1305,0.0007124945385571664
res_gap,MorganFP_682,0.0007101822690456174
res_gap,MorganFP_139,0.0007098547459813744
res_gap,MorganFP_1303,0.0007083348551379914
res_gap,MorganFP_1595,0.0007034927232307382
res_gap,MorganFP_1907,0.0007022239113015019
res_gap,MorganFP_142,0.0007017916650797815
res_gap,MorganFP_902,0.0007015094806288288
res_gap,MorganFP_1126,0.0006995810212227979
res_gap,MorganFP_337,0.0006987403563441603
res_gap,MorganFP_842,0.0006969484676129696
res_gap,MorganFP_1762,0.000696540272870152
res_gap,MorganFP_1073,0.0006941258527804166
res_gap,MorganFP_384,0.0006928482666057789
res_gap,MorganFP_747,0.0006915051271555512
res_gap,MorganFP_433,0.0006896322117174236
res_gap,MorganFP_1676,0.0006872075798407931
res_gap,MorganFP_114,0.0006844880406347329
res_gap,MorganFP_13,0.000683780420759831
res_gap,MorganFP_785,0.0006830368320601963
res_gap,MorganFP_1408,0.0006829824895007732
res_gap,MorganFP_1677,0.0006810982193242125
res_gap,MorganFP_87,0.000681073553341463
res_gap,MorganFP_537,0.0006804426225106965
res_gap,MorganFP_1498,0.0006803045029106443
res_gap,MorganFP_1594,0.0006801625788211823
res_gap,MorganFP_1388,0.0006801541551483297
res_gap,MorganFP_1835,0.0006801377822384893
res_gap,MorganFP_932,0.0006774568522332629
res_gap,MorganFP_844,0.0006768539057302405
res_gap,MorganFP_1021,0.0006746639627963304
res_gap,MorganFP_1550,0.0006732181799977752
res_gap,MorganFP_405,0.0006728409221503853
res_gap,MorganFP_1071,0.0006727803063381544
res_gap,MorganFP_823,0.000672031550777092
res_gap,MorganFP_1119,0.0006719544611405581
res_gap,MorganFP_110,0.0006708007124423716
res_gap,MorganFP_286,0.0006700113271167538
res_gap,MorganFP_2001,0.0006700072655021358
res_gap,MorganFP_1582,0.0006688272747669544
res_gap,MorganFP_27,0.0006676856383674021
res_gap,MorganFP_1334,0.0006673248503436753
res_gap,MorganFP_515,0.0006668393893061193
res_gap,MorganFP_7,0.0006660285707914682
res_gap,MorganFP_1355,0.0006650032146015121
res_gap,MorganFP_358,0.0006591076496461028
res_gap,MorganFP_1898,0.0006588824563639264
res_gap,MorganFP_473,0.0006567992640197815
res_gap,MorganFP_1458,0.000650222555028904
res_gap,MorganFP_99,0.0006497496374665843
res_gap,MorganFP_268,0.0006492216639461503
res_gap,MorganFP_888,0.0006485367219968339
res_gap,MorganFP_1627,0.0006444371063948893
res_gap,MorganFP_1682,0.000641665512044824
res_gap,MorganFP_2036,0.0006411184744422371
res_gap,fr_unbrch_alkane,0.0006403800095040424
res_gap,MorganFP_687,0.0006391916547840992
res_gap,MorganFP_1512,0.0006372830044803095
res_gap,MorganFP_17,0.0006363307360588806
res_gap,MorganFP_517,0.0006359878480434418
res_gap,MorganFP_2004,0.0006334084006886655
res_gap,MorganFP_916,0.0006263216118081231
res_gap,MorganFP_1026,0.0006237062040736419
res_gap,MorganFP_1870,0.0006233600684975044
res_gap,MorganFP_683,0.000621368963565601
res_gap,MorganFP_464,0.0006209102704692668
res_gap,MorganFP_1459,0.0006206100512408739
res_gap,MorganFP_351,0.0006200216123777409
res_gap,MorganFP_1607,0.0006177362716603056
res_gap,MorganFP_1473,0.0006171706794966667
res_gap,MorganFP_886,0.0006125173858222297
res_gap,MorganFP_1718,0.0006122074102999023
res_gap,MorganFP_1363,0.000611515549696378
res_gap,MorganFP_1542,0.0006109453439038362
res_gap,MorganFP_1739,0.0006076291301833976
res_gap,MorganFP_1755,0.0006074291225593527
res_gap,MorganFP_1805,0.0006059129097827735
res_gap,MorganFP_1880,0.0006057761999763898
res_gap,MorganFP_855,0.0006050936257747708
res_gap,MorganFP_826,0.0006037866678873342
res_gap,MorganFP_1948,0.0006033510528504849
res_gap,MorganFP_313,0.0006002969559982034
res_gap,MorganFP_763,0.0005990440200694139
res_gap,MorganFP_1450,0.0005963138278566475
res_gap,MorganFP_1536,0.0005959333339749265
res_gap,MorganFP_320,0.0005957042591646769
res_gap,MorganFP_562,0.0005954241992541256
res_gap,MorganFP_637,0.0005949786843275433
res_gap,MorganFP_680,0.0005901746759437146
res_gap,MorganFP_332,0.0005875878063452547
res_gap,MorganFP_693,0.0005872612982724945
res_gap,MorganFP_1383,0.0005859330393620894
res_gap,MorganFP_151,0.0005855456696190231
res_gap,MorganFP_1603,0.0005854499939406281
res_gap,MorganFP_1678,0.0005851317857986941
res_gap,MorganFP_1127,0.0005833750961448913
res_gap,MorganFP_8,0.0005833426447726424
res_gap,MorganFP_1322,0.0005824619606596002
res_gap,MorganFP_1428,0.0005817509521748434
res_gap,MorganFP_1608,0.0005816749125829119
res_gap,MorganFP_274,0.0005811534887070592
res_gap,MorganFP_544,0.0005806132636827925
res_gap,MorganFP_1199,0.0005793441328994504
res_gap,MorganFP_1881,0.0005793273906534466
res_gap,MorganFP_394,0.0005778695418476331
res_gap,MorganFP_833,0.0005762080324539056
res_gap,MorganFP_280,0.0005760808371849464
res_gap,MorganFP_588,0.0005760806556817784
res_gap,MorganFP_868,0.000573153622179234
res_gap,MorganFP_2023,0.0005728627513708488
res_gap,MorganFP_119,0.0005726274698499764
res_gap,MorganFP_837,0.00057170648421652
res_gap,MorganFP_1563,0.0005714897171387392
res_gap,MorganFP_1892,0.0005713596763094699
res_gap,MorganFP_1201,0.0005712733861409163
res_gap,MorganFP_1040,0.0005710147490181682
res_gap,MorganFP_1634,0.0005698955553922929
res_gap,MorganFP_1790,0.0005696642412557936
res_gap,MorganFP_521,0.0005684943540327367
res_gap,MorganFP_1842,0.0005677271285764078
res_gap,MorganFP_488,0.0005675091299081032
res_gap,MorganFP_1811,0.0005673254302322448
res_gap,MorganFP_422,0.0005657602878047783
res_gap,MorganFP_269,0.0005656721695058878
res_gap,MorganFP_1262,0.0005653168262170994
res_gap,MorganFP_1642,0.0005653083979832445
res_gap,MorganFP_1358,0.0005639032359561043
res_gap,MorganFP_392,0.0005631474852345945
res_gap,MorganFP_1386,0.0005627630998126279
res_gap,MorganFP_1564,0.0005620293572148967
res_gap,MorganFP_1731,0.0005616704556000514
res_gap,MorganFP_1684,0.0005610390305894555
res_gap,MorganFP_1693,0.0005607101874390991
res_gap,MorganFP_569,0.0005600539586866944
res_gap,MorganFP_1296,0.0005593640555415646
res_gap,MorganFP_79,0.0005573493692036209
res_gap,MorganFP_1485,0.0005562802027995382
res_gap,MorganFP_1476,0.000555672085260312
res_gap,MorganFP_214,0.0005555648855033724
res_gap,MorganFP_1185,0.0005553379998391393
res_gap,MorganFP_1830,0.0005546844045134094
res_gap,MorganFP_1133,0.0005537159621844551
res_gap,MorganFP_340,0.0005535526729750018
res_gap,MorganFP_740,0.0005514166370030579
res_gap,MorganFP_554,0.0005509416253124755
res_gap,MorganFP_1701,0.0005507646524223215
res_gap,MorganFP_645,0.0005493785287289939
res_gap,MorganFP_625,0.0005485386194293369
res_gap,MorganFP_924,0.0005482248627345143
res_gap,MorganFP_1219,0.0005479206334832725
res_gap,MorganFP_1232,0.000547379820754486
res_gap,MorganFP_1117,0.0005465199294922058
res_gap,MorganFP_1483,0.0005458659022474421
res_gap,MorganFP_1241,0.0005455390922920742
res_gap,MorganFP_767,0.0005450907515296421
res_gap,MorganFP_1734,0.0005445019204698838
res_gap,MorganFP_953,0.000544425636784581
res_gap,MorganFP_1371,0.0005431192689344471
res_gap,MorganFP_271,0.0005419612633486394
res_gap,MorganFP_1482,0.0005409188166713648
res_gap,MorganFP_1521,0.0005396332070816001
res_gap,MorganFP_1824,0.0005385659360745408
res_gap,MorganFP_1617,0.0005345120505049295
res_gap,MorganFP_1280,0.0005332997516838986
res_gap,MorganFP_582,0.0005321357826825305
res_gap,MorganFP_723,0.0005317976645978887
res_gap,MorganFP_1583,0.0005308111993100511
res_gap,MorganFP_1963,0.0005305079830574186
res_gap,MorganFP_632,0.0005294340092242464
res_gap,MorganFP_453,0.0005281190107428699
res_gap,MorganFP_1143,0.0005272155238301935
res_gap,MorganFP_818,0.0005253120957418105
res_gap,MorganFP_331,0.0005252285043538904
res_gap,MorganFP_192,0.0005251280906579723
res_gap,MorganFP_1884,0.0005244103922672992
res_gap,MorganFP_1879,0.0005216385516378068
res_gap,MorganFP_212,0.0005206869443804863
res_gap,MorganFP_22,0.0005203976819041145
res_gap,MorganFP_1959,0.0005202221282925166
res_gap,MorganFP_1695,0.0005198570816134449
res_gap,MorganFP_1330,0.0005194844531105644
res_gap,MorganFP_1904,0.0005166178781514646
res_gap,MorganFP_253,0.0005153382654578991
res_gap,MorganFP_1138,0.0005152715306601578
res_gap,MorganFP_2026,0.000514911264195689
res_gap,MorganFP_1625,0.0005147241357826715
res_gap,MorganFP_415,0.0005146875699065277
res_gap,MorganFP_1131,0.0005127776266519959
res_gap,MorganFP_1175,0.0005126974052914192
res_gap,MorganFP_507,0.000511227222398702
res_gap,MorganFP_1407,0.0005106226282516672
res_gap,MorganFP_1741,0.000510490007691331
res_gap,MorganFP_722,0.0005086382176140205
res_gap,MorganFP_1523,0.0005061173092238676
res_gap,MorganFP_1327,0.0005056156677203489
res_gap,MorganFP_448,0.000505252083632115
res_gap,MorganFP_1530,0.0005050248603183717
res_gap,MorganFP_1258,0.0005031573972237311
res_gap,MorganFP_1754,0.0005001844523959562
res_gap,MorganFP_755,0.0005000611234485746
res_gap,fr_tetrazole,0.0004994669262415208
res_gap,MorganFP_154,0.0004992443525923136
res_gap,MorganFP_1415,0.0004990004848167331
res_gap,MorganFP_2013,0.0004985763056512553
res_gap,MorganFP_77,0.000497937291173912
res_gap,MorganFP_551,0.0004978293027743348
res_gap,MorganFP_273,0.0004973850853566546
res_gap,MorganFP_86,0.0004959266780147686
res_gap,MorganFP_1639,0.000495874617336085
res_gap,MorganFP_31,0.0004958535797791228
res_gap,MorganFP_479,0.0004956540269409971
res_gap,MorganFP_1749,0.0004956286589314231
res_gap,MorganFP_1436,0.0004950511557965598
res_gap,MorganFP_1887,0.000494402591359119
res_gap,MorganFP_2038,0.000494333659105223
res_gap,MorganFP_1635,0.0004941997343064486
res_gap,MorganFP_318,0.0004937181427070243
res_gap,MorganFP_164,0.0004934161903064478
res_gap,MorganFP_63,0.0004933179591231998
res_gap,MorganFP_1888,0.0004929570941251313
res_gap,MorganFP_1651,0.000492181652924728
res_gap,MorganFP_1537,0.0004920747603373456
res_gap,MorganFP_1694,0.0004918847887165612
res_gap,MorganFP_1072,0.0004907721934117717
res_gap,MorganFP_879,0.0004894861714624312
res_gap,MorganFP_1956,0.0004884319138591308
res_gap,MorganFP_906,0.0004881021253713698
res_gap,MorganFP_1298,0.00048778880931774895
res_gap,MorganFP_310,0.00048616526275873186
res_gap,MorganFP_514,0.000485209475637248
res_gap,MorganFP_1803,0.0004849398028359246
res_gap,MorganFP_1648,0.0004846307469608746
res_gap,MorganFP_720,0.0004830431820548711
res_gap,MorganFP_1409,0.0004830281944321939
res_gap,MorganFP_223,0.00048288516965374126
res_gap,MorganFP_1978,0.0004811752642824487
res_gap,MorganFP_593,0.0004811732053226478
res_gap,MorganFP_1421,0.0004810310596747058
res_gap,MorganFP_1973,0.0004804995085430619
res_gap,MorganFP_1187,0.00047808625771659765
res_gap,MorganFP_1113,0.0004777601976211372
res_gap,MorganFP_1942,0.00047755826295554015
res_gap,MorganFP_92,0.0004775379362608874
res_gap,MorganFP_610,0.0004774164990327563
res_gap,MorganFP_2012,0.00047722398204132335
res_gap,MorganFP_972,0.0004764742751934534
res_gap,MorganFP_753,0.00047542844649586867
res_gap,MorganFP_1831,0.00047503087408841795
res_gap,MorganFP_1097,0.0004745499751503317
res_gap,MorganFP_69,0.00047375196578457234
res_gap,MorganFP_445,0.0004737125719584583
res_gap,MorganFP_323,0.0004731392339469949
res_gap,MorganFP_247,0.00047274265785586067
res_gap,MorganFP_774,0.0004725215296364809
res_gap,fr_piperzine,0.0004723856778035724
res_gap,MorganFP_6,0.0004723036295978886
res_gap,MorganFP_1554,0.00047228350820387275
res_gap,MorganFP_308,0.0004721274200603602
res_gap,MorganFP_275,0.0004711482683429722
res_gap,MorganFP_369,0.0004701802208371646
res_gap,MorganFP_372,0.00046989205645641617
res_gap,MorganFP_965,0.0004697025497832783
res_gap,MorganFP_839,0.0004686820771100884
res_gap,MorganFP_552,0.00046760258068701433
res_gap,MorganFP_1774,0.0004654349974218661
res_gap,MorganFP_1080,0.00046530843875598293
res_gap,MorganFP_228,0.00046519267137799146
res_gap,MorganFP_524,0.0004649753103049079
res_gap,MorganFP_522,0.00046406005523167695
res_gap,MorganFP_1623,0.0004637222083897541
res_gap,MorganFP_1055,0.00046360555024546103
res_gap,MorganFP_1255,0.0004634195440166877
res_gap,MorganFP_1671,0.00046315739922829377
res_gap,MorganFP_476,0.00046311674230491915
res_gap,MorganFP_1858,0.00046213811539121255
res_gap,MorganFP_1645,0.0004615541454923289
res_gap,MorganFP_1518,0.00045996185051481574
res_gap,MorganFP_1005,0.0004598395379715612
res_gap,MorganFP_896,0.0004581808088291979
res_gap,MorganFP_1867,0.00045808067579037015
res_gap,MorganFP_413,0.00045729007310478666
res_gap,MorganFP_511,0.00045664583399820913
res_gap,MorganFP_1702,0.0004546302763883432
res_gap,MorganFP_1493,0.0004530555514570551
res_gap,MorganFP_1616,0.00045296801258609774
res_gap,MorganFP_1416,0.0004527548080941415
res_gap,MorganFP_302,0.00045271504550987627
res_gap,MorganFP_322,0.00045245483173863475
res_gap,MorganFP_908,0.0004523178834924693
res_gap,MorganFP_1044,0.00045222125525604893
res_gap,MorganFP_249,0.00045180977842130686
res_gap,MorganFP_775,0.000451789882130349
res_gap,MorganFP_1743,0.00044980713613412604
res_gap,MorganFP_1649,0.000449773795902729
res_gap,MorganFP_168,0.0004496840315687791
res_gap,MorganFP_1186,0.00044901021497162217
res_gap,MorganFP_590,0.0004478809671450108
res_gap,MorganFP_617,0.0004475924436479772
res_gap,MorganFP_920,0.0004451923239478788
res_gap,MorganFP_529,0.00044454043104013506
res_gap,MorganFP_1823,0.0004441758168042167
res_gap,MorganFP_1225,0.0004441106874976413
res_gap,MorganFP_1715,0.0004440125208576831
res_gap,MorganFP_1129,0.0004434730009771215
res_gap,MorganFP_1190,0.0004432898936218805
res_gap,MorganFP_1826,0.0004427030831032184
res_gap,MorganFP_1982,0.0004427014618069904
res_gap,MorganFP_1032,0.00044219859945956585
res_gap,MorganFP_1596,0.0004419698098886329
res_gap,MorganFP_1590,0.00044182382299550225
res_gap,MorganFP_1350,0.0004414100343167462
res_gap,MorganFP_993,0.0004411231472589634
res_gap,MorganFP_1051,0.00044005788817756296
res_gap,MorganFP_534,0.0004388870006274601
res_gap,MorganFP_724,0.0004384432761725066
res_gap,MorganFP_1939,0.00043821714909454815
res_gap,MorganFP_136,0.0004381306329232757
res_gap,MorganFP_1228,0.0004374052435159683
res_gap,MorganFP_78,0.00043607761748582164
res_gap,MorganFP_471,0.0004354959431379939
res_gap,MorganFP_1573,0.00043548131842808857
res_gap,MorganFP_1121,0.0004353011604131325
res_gap,MorganFP_783,0.00043507914345097733
res_gap,MorganFP_82,0.0004349499144058768
res_gap,MorganFP_1851,0.0004349488577881857
res_gap,MorganFP_387,0.00043320134718652527
res_gap,MorganFP_316,0.00043121230388351253
res_gap,MorganFP_1018,0.00043117568845389085
res_gap,MorganFP_85,0.00043009258038381406
res_gap,MorganFP_1760,0.0004300624762092866
res_gap,MorganFP_907,0.000429952754051385
res_gap,MorganFP_1833,0.00042951564677622047
res_gap,MorganFP_1569,0.00042949364900005094
res_gap,MorganFP_239,0.00042931728546534485
res_gap,MorganFP_265,0.00042878282684955595
res_gap,MorganFP_1049,0.00042799650572148806
res_gap,MorganFP_1182,0.0004278487436077967
res_gap,MorganFP_1043,0.00042742043778821423
res_gap,MorganFP_769,0.0004273289774523299
res_gap,MorganFP_1425,0.00042691894800171324
res_gap,MorganFP_1259,0.0004261153633770363
res_gap,MorganFP_1230,0.0004248410199467187
res_gap,MorganFP_1813,0.00042446742241205015
res_gap,MorganFP_866,0.00042346822676435635
res_gap,MorganFP_1519,0.00042318052047856015
res_gap,MorganFP_1993,0.00042305160281853204
res_gap,MorganFP_1161,0.00042215002934653967
res_gap,MorganFP_395,0.0004219567840873424
res_gap,MorganFP_417,0.00042186759107507043
res_gap,MorganFP_1544,0.00042137350771372437
res_gap,MorganFP_795,0.0004212866436292302
res_gap,MorganFP_1552,0.00042115678752708164
res_gap,MorganFP_1374,0.0004209578223308199
res_gap,MorganFP_873,0.0004194422146205241
res_gap,MorganFP_1872,0.00041851767058653875
res_gap,MorganFP_1945,0.0004176893593889872
res_gap,MorganFP_429,0.0004157206531608608
res_gap,MorganFP_1137,0.00041563371055218566
res_gap,fr_HOCCN,0.00041543788114358903
res_gap,MorganFP_496,0.00041531216119261317
res_gap,MorganFP_73,0.0004152354529256996
res_gap,MorganFP_1613,0.0004142693495982712
res_gap,MorganFP_1022,0.0004142062236539488
res_gap,MorganFP_1964,0.0004136206877887219
res_gap,MorganFP_1001,0.00041319620012654924
res_gap,MorganFP_1341,0.0004128173413607499
res_gap,MorganFP_686,0.0004125397279528755
res_gap,MorganFP_2019,0.0004124076595983297
res_gap,MorganFP_1515,0.0004122384912261623
res_gap,MorganFP_675,0.0004110106437636887
res_gap,MorganFP_36,0.00041012917050602484
res_gap,MorganFP_1444,0.00040993772793444805
res_gap,MorganFP_634,0.00040979525446891785
res_gap,MorganFP_612,0.00040960565392430225
res_gap,MorganFP_1846,0.00040957407337054977
res_gap,MorganFP_202,0.0004094680872677827
res_gap,MorganFP_251,0.0004083609287385457
res_gap,MorganFP_1267,0.0004077804292642213
res_gap,MorganFP_1352,0.0004075827333556106
res_gap,MorganFP_989,0.0004058750394539743
res_gap,MorganFP_1889,0.00040541410594994434
res_gap,MorganFP_440,0.0004049986211516625
res_gap,MorganFP_883,0.00040486798358438137
res_gap,MorganFP_2006,0.0004048185087397087
res_gap,MorganFP_1227,0.0004046103683685942
res_gap,MorganFP_1818,0.0004039497440505784
res_gap,MorganFP_538,0.0004036329698128185
res_gap,MorganFP_922,0.00040263534372206777
res_gap,MorganFP_388,0.00040244738134728665
res_gap,MorganFP_765,0.0004021234626053456
res_gap,MorganFP_203,0.0004015605064041665
res_gap,MorganFP_1075,0.00040154793980696016
res_gap,MorganFP_1235,0.00040123393462774003
res_gap,MorganFP_1200,0.000401228508631732
res_gap,MorganFP_206,0.00040111700871324273
res_gap,MorganFP_1908,0.00040069911472846796
res_gap,MorganFP_1013,0.0004004991450667603
res_gap,MorganFP_1920,0.00040043671167817505
res_gap,MorganFP_1902,0.0004003214606501047
res_gap,MorganFP_461,0.0004001988905681628
res_gap,MorganFP_2045,0.0003998715418973688
res_gap,MorganFP_1216,0.00039982083069273243
res_gap,MorganFP_1366,0.00039951095185188025
res_gap,MorganFP_130,0.0003990296746686255
res_gap,MorganFP_584,0.00039891935859071736
res_gap,MorganFP_186,0.00039857695636095515
res_gap,MorganFP_1786,0.0003978598897710981
res_gap,MorganFP_786,0.00039638006796494096
res_gap,MorganFP_1357,0.0003963527642190456
res_gap,MorganFP_1992,0.0003962969411859376
res_gap,MorganFP_1244,0.0003962132279445996
res_gap,MorganFP_1124,0.0003957157835968701
res_gap,MorganFP_2024,0.00039438517568046906
res_gap,MorganFP_689,0.0003943541295627711
res_gap,MorganFP_1263,0.00039413699252418156
res_gap,MorganFP_1709,0.0003935540337115526
res_gap,MorganFP_571,0.0003934784767236579
res_gap,MorganFP_1353,0.0003934614702451906
res_gap,MorganFP_1061,0.00039324792970033684
res_gap,MorganFP_1746,0.0003925733923997967
res_gap,MorganFP_1031,0.00039172032208352903
res_gap,MorganFP_1875,0.000390993179071657
res_gap,MorganFP_892,0.00039060381848295833
res_gap,MorganFP_742,0.00039035117165488485
res_gap,MorganFP_2042,0.00038986335809556747
res_gap,MorganFP_1712,0.00038974324751784906
res_gap,MorganFP_490,0.0003896378860358709
res_gap,MorganFP_1576,0.0003891835530514527
res_gap,MorganFP_438,0.00038917437842513893
res_gap,MorganFP_338,0.0003887443917149085
res_gap,MorganFP_764,0.00038733027922921795
res_gap,MorganFP_1315,0.00038678382253874586
res_gap,MorganFP_1163,0.0003866183608988649
res_gap,MorganFP_1159,0.00038650431248765925
res_gap,MorganFP_936,0.00038506876107976493
res_gap,MorganFP_757,0.00038441799480307283
res_gap,MorganFP_290,0.0003842417393534845
res_gap,MorganFP_1933,0.00038379266764638944
res_gap,MorganFP_102,0.00038371022998364877
res_gap,MorganFP_267,0.00038355841283374125
res_gap,MorganFP_1016,0.0003832738311630237
res_gap,MorganFP_1277,0.00038298337688070204
res_gap,MorganFP_956,0.0003829392018273552
res_gap,MorganFP_16,0.00038261299280895853
res_gap,MorganFP_1912,0.0003821623939259666
res_gap,MorganFP_1589,0.0003820579549250738
res_gap,MorganFP_1293,0.00038184627592511335
res_gap,MorganFP_385,0.0003815330437791999
res_gap,MorganFP_1979,0.0003809613251527253
res_gap,MorganFP_125,0.00038078249266686724
res_gap,MorganFP_1291,0.00038021893308564357
res_gap,MorganFP_235,0.000380174821067385
res_gap,MorganFP_118,0.00037961070762708004
res_gap,MorganFP_545,0.00037731034369380725
res_gap,MorganFP_1403,0.0003772326741670895
res_gap,MorganFP_1656,0.0003762365374795991
res_gap,MorganFP_653,0.00037537382489176706
res_gap,MorganFP_1643,0.00037470694610172473
res_gap,MorganFP_291,0.00037446431008947913
res_gap,MorganFP_426,0.0003721090987737625
res_gap,MorganFP_1206,0.0003718450092053445
res_gap,MorganFP_510,0.00037142025809987444
res_gap,MorganFP_217,0.00037050771713256834
res_gap,MorganFP_1047,0.00037046479902485885
res_gap,MorganFP_1474,0.0003685093786955065
res_gap,MorganFP_1525,0.00036828377556912526
res_gap,MorganFP_1271,0.00036793747507873323
res_gap,MorganFP_752,0.00036783588086518646
res_gap,MorganFP_423,0.00036707713337014527
res_gap,MorganFP_1724,0.00036685640805444563
res_gap,MorganFP_425,0.0003666249209609873
res_gap,MorganFP_700,0.00036647649876257824
res_gap,MorganFP_1337,0.00036585608005361794
res_gap,MorganFP_894,0.00036582307977791115
res_gap,MorganFP_998,0.00036490404051903625
res_gap,MorganFP_141,0.00036434967546165355
res_gap,MorganFP_1862,0.00036385918828574405
res_gap,MorganFP_615,0.00036359786115735914
res_gap,MorganFP_1494,0.00036359166549588195
res_gap,MorganFP_1130,0.00036265805051942834
res_gap,MorganFP_716,0.00036249216370237036
res_gap,MorganFP_1692,0.00036188426391424856
res_gap,MorganFP_864,0.00036187999051853125
res_gap,MorganFP_1540,0.0003616083834888251
res_gap,MorganFP_129,0.00036156114026283606
res_gap,MorganFP_1247,0.0003613377265633062
res_gap,MorganFP_412,0.0003609515909109788
res_gap,MorganFP_801,0.00036072118805657285
res_gap,MorganFP_843,0.00036067559508443027
res_gap,MorganFP_1670,0.0003606642429905378
res_gap,MorganFP_220,0.0003603258271400591
res_gap,MorganFP_784,0.00036006950680835816
res_gap,MorganFP_1586,0.0003600226614195776
res_gap,MorganFP_690,0.00035933520216627814
res_gap,MorganFP_373,0.0003592816497997404
res_gap,MorganFP_1977,0.00035876571781680864
res_gap,MorganFP_1094,0.0003578164658475771
res_gap,MorganFP_1472,0.00035671836826816163
res_gap,MorganFP_1723,0.00035656401793153237
res_gap,MorganFP_968,0.00035608652234077456
res_gap,MorganFP_607,0.00035595458064426565
res_gap,MorganFP_1524,0.0003558806195869693
res_gap,MorganFP_90,0.00035538681801278925
res_gap,MorganFP_1223,0.0003551578677667067
res_gap,MorganFP_1283,0.0003549862876146079
res_gap,MorganFP_1620,0.0003545000693156055
res_gap,MorganFP_708,0.000352456122561307
res_gap,MorganFP_1115,0.0003522111233859846
res_gap,MorganFP_229,0.00035213495643529315
res_gap,MorganFP_1202,0.00035209263394536097
res_gap,MorganFP_56,0.00035111800743095503
res_gap,MorganFP_1492,0.0003508977944152889
res_gap,MorganFP_1957,0.0003505753517923154
res_gap,MorganFP_53,0.0003503311622827141
res_gap,MorganFP_127,0.00034952369326666144
res_gap,MorganFP_2033,0.00034914533332448626
res_gap,MorganFP_29,0.0003486456089817409
res_gap,MorganFP_1329,0.00034819321507256973
res_gap,MorganFP_1285,0.00034773901844374676
res_gap,MorganFP_257,0.0003471260005705403
res_gap,MorganFP_1269,0.00034663391635285736
res_gap,MorganFP_101,0.00034570912604770855
res_gap,MorganFP_923,0.00034553894043637
res_gap,MorganFP_449,0.00034544855346746315
res_gap,MorganFP_409,0.0003451650871044194
res_gap,MorganFP_600,0.00034373078357438657
res_gap,MorganFP_1252,0.0003434195323401639
res_gap,MorganFP_402,0.00034336456529320003
res_gap,MorganFP_1717,0.0003430957090655511
res_gap,MorganFP_1250,0.0003425579191905399
res_gap,MorganFP_1222,0.000342354204505682
res_gap,MorganFP_1148,0.00034203950822973183
res_gap,MorganFP_1412,0.00034187062197975137
res_gap,MorganFP_478,0.00034184748038808266
res_gap,MorganFP_218,0.0003417683827095743
res_gap,MorganFP_1758,0.00034175544918070956
res_gap,MorganFP_1732,0.0003417141617665038
res_gap,MorganFP_987,0.0003409807382879535
res_gap,MorganFP_535,0.00034067864715785846
res_gap,MorganFP_224,0.00033998526253344605
res_gap,MorganFP_999,0.0003396025122999617
res_gap,MorganFP_1699,0.0003389929440565993
res_gap,MorganFP_1176,0.00033894314896630817
res_gap,MorganFP_931,0.0003388959298670784
res_gap,MorganFP_155,0.0003386980589322093
res_gap,MorganFP_1934,0.0003384209919472596
res_gap,MorganFP_153,0.00033824928864760294
res_gap,MorganFP_555,0.00033811789183266683
res_gap,MorganFP_1065,0.00033802014794093795
res_gap,MorganFP_963,0.0003379852432334758
res_gap,MorganFP_613,0.00033671535120640783
res_gap,MorganFP_1752,0.00033644184949632814
res_gap,MorganFP_1899,0.0003360009853151382
res_gap,MorganFP_282,0.0003359766376478888
res_gap,MorganFP_474,0.00033573788286378204
res_gap,MorganFP_446,0.0003348520784522293
res_gap,MorganFP_117,0.00033469092156911985
res_gap,MorganFP_1947,0.0003345652642524328
res_gap,MorganFP_181,0.000334425721490355
res_gap,MorganFP_1970,0.00033376887535791866
res_gap,MorganFP_1759,0.0003328720068253404
res_gap,MorganFP_871,0.00033253837413940344
res_gap,MorganFP_660,0.0003317693391687584
res_gap,MorganFP_827,0.0003316547435617281
res_gap,MorganFP_2002,0.0003304063359168481
res_gap,MorganFP_586,0.00033022198145761197
res_gap,MorganFP_162,0.0003301711925485051
res_gap,MorganFP_236,0.00032929621657135045
res_gap,MorganFP_1495,0.00032844713582005626
res_gap,MorganFP_390,0.0003279735213964727
res_gap,MorganFP_1093,0.00032788689564196716
res_gap,MorganFP_457,0.00032786958051786994
res_gap,MorganFP_829,0.0003277351895812899
res_gap,MorganFP_1335,0.00032763905653638404
res_gap,MorganFP_1054,0.00032738019025396173
res_gap,MorganFP_300,0.000326040604235061
res_gap,MorganFP_1857,0.0003259685126599834
res_gap,MorganFP_533,0.00032544752950173004
res_gap,MorganFP_352,0.0003250152607729149
res_gap,MorganFP_487,0.000324668803514669
res_gap,MorganFP_1125,0.00032351762257599146
res_gap,MorganFP_1488,0.00032339766936210167
res_gap,MorganFP_1414,0.000323352422378548
res_gap,MorganFP_1167,0.00032295627943562975
res_gap,MorganFP_1660,0.0003228500449333751
res_gap,MorganFP_1687,0.0003225250722604187
res_gap,MorganFP_1961,0.0003223538977171252
res_gap,MorganFP_1653,0.00032213920718390907
res_gap,MorganFP_858,0.0003219457514992996
res_gap,MorganFP_391,0.0003214731656743624
res_gap,MorganFP_25,0.00032110988360091144
res_gap,MorganFP_81,0.0003204893277238625
res_gap,MorganFP_1173,0.00032021396416030256
res_gap,MorganFP_877,0.00031974332793288787
res_gap,fr_alkyl_halide,0.00031930024838470675
res_gap,MorganFP_546,0.00031889244081048673
res_gap,MorganFP_1441,0.00031783608922432904
res_gap,MorganFP_1727,0.0003177681721707941
res_gap,MorganFP_1151,0.0003176945555388784
res_gap,MorganFP_1299,0.0003175087066723137
res_gap,MorganFP_1864,0.0003168193720215413
res_gap,MorganFP_1566,0.00031678307224501624
res_gap,MorganFP_1622,0.0003159868788252922
res_gap,MorganFP_98,0.00031583114996394104
res_gap,MorganFP_1891,0.0003146168549906463
res_gap,MorganFP_1612,0.0003138953619811673
res_gap,MorganFP_1112,0.00031333314726100526
res_gap,MorganFP_1906,0.000313128551323814
res_gap,MorganFP_1030,0.00031293030899132645
res_gap,MorganFP_1985,0.0003127713839935495
res_gap,MorganFP_1463,0.00031272043069884606
res_gap,MorganFP_1773,0.00031222261475261347
res_gap,MorganFP_1800,0.000312068591414473
res_gap,MorganFP_1484,0.0003118519494758516
res_gap,MorganFP_195,0.0003118093988277337
res_gap,MorganFP_172,0.0003117300192499783
res_gap,MorganFP_1621,0.00031162749037325457
res_gap,MorganFP_947,0.00031141109858572237
res_gap,MorganFP_1541,0.0003108094892004374
res_gap,MorganFP_618,0.0003104206307119739
res_gap,MorganFP_1847,0.0003104154706389011
res_gap,MorganFP_664,0.00031035170371609413
res_gap,MorganFP_673,0.0003102475727998808
res_gap,MorganFP_103,0.00031012501049684847
res_gap,MorganFP_321,0.0003095960221641008
res_gap,MorganFP_243,0.00030956106803802365
res_gap,MorganFP_676,0.0003091147540044261
res_gap,MorganFP_1081,0.0003085447936003902
res_gap,MorganFP_893,0.00030793196432932744
res_gap,MorganFP_859,0.00030776668407270333
res_gap,MorganFP_368,0.0003076772534344627
res_gap,MorganFP_171,0.00030760884654125676
res_gap,MorganFP_574,0.00030723762652981357
res_gap,MorganFP_1558,0.00030707925900241406
res_gap,MorganFP_1551,0.0003070176797946189
res_gap,MorganFP_1365,0.00030593298035137194
res_gap,MorganFP_1360,0.00030591139217665386
res_gap,MorganFP_1284,0.00030581446186874926
res_gap,MorganFP_1900,0.00030538573372905373
res_gap,MorganFP_1532,0.0003050572393336637
res_gap,MorganFP_1253,0.00030504163485619527
res_gap,MorganFP_1626,0.00030493378266692163
res_gap,MorganFP_498,0.0003044209819927346
res_gap,MorganFP_1954,0.00030432644468930903
res_gap,MorganFP_1967,0.00030383719626877337
res_gap,MorganFP_1601,0.00030329403305472623
res_gap,MorganFP_1050,0.0003032724357529446
res_gap,MorganFP_182,0.0003031288724072283
res_gap,MorganFP_180,0.00030296949503367187
res_gap,MorganFP_1411,0.0003028553971233805
res_gap,MorganFP_1882,0.00030285058883725924
res_gap,MorganFP_1039,0.0003026910695700167
res_gap,MorganFP_1599,0.00030267228037303087
res_gap,MorganFP_1270,0.0003025155597343314
res_gap,MorganFP_1721,0.0003022319201277739
res_gap,MorganFP_401,0.0003018748003119072
res_gap,MorganFP_330,0.00030152427529719716
res_gap,MorganFP_789,0.0003011475011837774
res_gap,MorganFP_1447,0.00030096969947440044
res_gap,MorganFP_1288,0.0003008570476580985
res_gap,MorganFP_1008,0.000300074510442073
res_gap,MorganFP_284,0.0002999601329922115
res_gap,MorganFP_824,0.00029933695860445654
res_gap,MorganFP_95,0.0002993077428199058
res_gap,MorganFP_213,0.0002992602191161495
res_gap,MorganFP_735,0.00029921469115065235
res_gap,MorganFP_2044,0.0002989890551430392
res_gap,MorganFP_24,0.0002989244907185409
res_gap,MorganFP_1652,0.0002988557645094261
res_gap,MorganFP_468,0.00029872459225569516
res_gap,MorganFP_2039,0.0002986053892725522
res_gap,MorganFP_1711,0.0002982957948368039
res_gap,MorganFP_1398,0.00029824933750478524
res_gap,MorganFP_451,0.00029799714977275473
res_gap,MorganFP_256,0.0002979573744914887
res_gap,MorganFP_815,0.00029777871026453795
res_gap,MorganFP_526,0.0002974518241352939
res_gap,MorganFP_1905,0.00029743426354089664
res_gap,MorganFP_1570,0.0002970350735180318
res_gap,MorganFP_845,0.0002970244784523572
res_gap,MorganFP_1504,0.00029689488302948777
res_gap,MorganFP_1909,0.000296833271216542
res_gap,MorganFP_1456,0.00029616678924190864
res_gap,MorganFP_525,0.00029573187775849873
res_gap,MorganFP_938,0.0002947939038081131
res_gap,MorganFP_1837,0.0002946867249797833
res_gap,MorganFP_348,0.00029450593143701554
res_gap,MorganFP_454,0.0002943003489303635
res_gap,MorganFP_1845,0.00029428138013079774
res_gap,MorganFP_1090,0.00029399328492581844
res_gap,MorganFP_846,0.0002932603708747692
res_gap,MorganFP_1464,0.000293194942626144
res_gap,MorganFP_199,0.0002925968438164546
res_gap,MorganFP_1035,0.00029209632333042633
res_gap,MorganFP_1897,0.0002919008870402422
res_gap,MorganFP_1849,0.0002918636962113368
res_gap,MorganFP_1972,0.000291715900834447
res_gap,MorganFP_1663,0.0002912446802508839
res_gap,MorganFP_1562,0.00029122378048236896
res_gap,MorganFP_1059,0.000291170974079364
res_gap,MorganFP_2031,0.00029078237624321444
res_gap,MorganFP_930,0.00028995334559568994
res_gap,MorganFP_1725,0.00028989707384630495
res_gap,MorganFP_374,0.0002887511163216914
res_gap,MorganFP_543,0.00028863459142882417
res_gap,MorganFP_832,0.00028845140615339917
res_gap,MorganFP_1156,0.0002883130637869726
res_gap,MorganFP_796,0.00028821646046890237
res_gap,MorganFP_1614,0.000288170050664462
res_gap,MorganFP_19,0.0002880005272739936
res_gap,MorganFP_1609,0.0002877494939808116
res_gap,MorganFP_126,0.0002873031338558576
res_gap,MorganFP_903,0.00028675984701968105
res_gap,MorganFP_1764,0.0002857940086537241
res_gap,MorganFP_48,0.0002852763276087842
res_gap,MorganFP_1894,0.000283932117074869
res_gap,MorganFP_2021,0.00028378163870115716
res_gap,MorganFP_1911,0.00028360043687143845
res_gap,MorganFP_638,0.0002831233717794248
res_gap,MorganFP_733,0.0002831193884542245
res_gap,MorganFP_1410,0.0002828542178239104
res_gap,MorganFP_1014,0.00028250702797765826
res_gap,MorganFP_3,0.0002824603975893041
res_gap,MorganFP_1547,0.0002823854627695539
res_gap,MorganFP_804,0.0002823358698231004
res_gap,MorganFP_416,0.0002819611422977744
res_gap,MorganFP_2003,0.000281892616912387
res_gap,MorganFP_646,0.00028188636559254833
res_gap,MorganFP_1189,0.0002815819034121887
res_gap,MorganFP_642,0.00028105748704297185
res_gap,MorganFP_556,0.0002807500610109983
res_gap,MorganFP_137,0.0002804137100523008
res_gap,MorganFP_1304,0.0002801331060914123
res_gap,MorganFP_856,0.00028010297987123066
res_gap,MorganFP_304,0.00027995072695921407
res_gap,MorganFP_1217,0.0002795499747157919
res_gap,MorganFP_375,0.0002794263205963716
res_gap,MorganFP_1674,0.00027909698164661734
res_gap,MorganFP_1029,0.0002789778649280379
res_gap,MorganFP_878,0.0002776640791610134
res_gap,MorganFP_743,0.00027744957858351425
res_gap,MorganFP_1328,0.00027725436175845175
res_gap,MorganFP_601,0.000277198254896021
res_gap,MorganFP_189,0.00027719199919772563
res_gap,MorganFP_770,0.00027697037094670486
res_gap,MorganFP_663,0.00027691884778209894
res_gap,MorganFP_28,0.0002766406890360713
res_gap,MorganFP_1782,0.00027627505489277835
res_gap,MorganFP_135,0.0002753932208192946
res_gap,MorganFP_2010,0.0002750840206591363
res_gap,MorganFP_850,0.00027504848302730523
res_gap,MorganFP_2025,0.0002747125907416148
res_gap,MorganFP_1069,0.0002744496354821422
res_gap,MorganFP_575,0.000274412538768388
res_gap,MorganFP_1998,0.0002744118599104155
res_gap,MorganFP_1808,0.0002735721106405435
res_gap,MorganFP_1443,0.00027355602115176225
res_gap,MorganFP_2005,0.00027351799160624067
res_gap,MorganFP_1389,0.00027304556174374286
res_gap,MorganFP_1700,0.0002717323868198491
res_gap,MorganFP_793,0.0002717188478965582
res_gap,MorganFP_1793,0.0002717147157969464
res_gap,MorganFP_1697,0.0002716009801662267
res_gap,MorganFP_766,0.00027146570647435187
res_gap,MorganFP_714,0.0002710451665226969
res_gap,MorganFP_2018,0.0002709269565094701
res_gap,MorganFP_1134,0.00027076151577301745
res_gap,MorganFP_1149,0.00027055197076323624
res_gap,MorganFP_277,0.0002702507917797448
res_gap,MorganFP_339,0.0002700290870333077
res_gap,MorganFP_406,0.00027001135064350025
res_gap,MorganFP_1853,0.0002695431688830467
res_gap,MorganFP_717,0.0002694484064202243
res_gap,MorganFP_191,0.0002677688805415528
res_gap,MorganFP_853,0.00026676999394538827
res_gap,MorganFP_1926,0.00026591751488831504
res_gap,MorganFP_1751,0.0002654787115752697
res_gap,MorganFP_303,0.0002653581431331986
res_gap,MorganFP_437,0.00026488740371962647
res_gap,MorganFP_1736,0.00026381634340332026
res_gap,MorganFP_1470,0.00026333350875074757
res_gap,MorganFP_76,0.0002630082468439809
res_gap,MorganFP_1761,0.000262653159852249
res_gap,MorganFP_33,0.00026250670046289317
res_gap,MorganFP_1103,0.00026205760877940064
res_gap,MorganFP_1445,0.00026115910156636346
res_gap,MorganFP_597,0.0002609110333522438
res_gap,MorganFP_311,0.0002605523599415278
res_gap,MorganFP_1816,0.00026019872457254677
res_gap,MorganFP_643,0.00025983494700051324
res_gap,MorganFP_1433,0.0002596279497137175
res_gap,MorganFP_435,0.0002596018262141797
res_gap,MorganFP_2046,0.00025903685588485814
res_gap,MorganFP_152,0.00025895456216144195
res_gap,MorganFP_1058,0.00025869361836521423
res_gap,MorganFP_359,0.0002585702457362089
res_gap,MorganFP_1477,0.00025828127509636546
res_gap,MorganFP_761,0.0002581862720567187
res_gap,MorganFP_150,0.00025811235624260574
res_gap,MorganFP_1748,0.00025802423197353617
res_gap,MorganFP_1343,0.0002579512226902807
res_gap,MorganFP_255,0.00025793910108586716
res_gap,MorganFP_244,0.00025790211535124284
res_gap,MorganFP_1077,0.00025781998741393865
res_gap,MorganFP_876,0.00025738442110923644
res_gap,MorganFP_161,0.0002572957163210958
res_gap,MorganFP_1787,0.0002572150889413365
res_gap,MorganFP_1834,0.00025691140993330916
res_gap,MorganFP_627,0.0002569091914136834
res_gap,MorganFP_148,0.0002566567458094937
res_gap,MorganFP_572,0.00025651127585362587
res_gap,MorganFP_333,0.00025639635794038896
res_gap,MorganFP_91,0.000255933678724432
res_gap,MorganFP_933,0.000255833263254317
res_gap,MorganFP_480,0.0002556722604248307
res_gap,MorganFP_711,0.00025561624593558463
res_gap,MorganFP_1287,0.00025553037380592514
res_gap,MorganFP_608,0.00025526072488065663
res_gap,MorganFP_1869,0.00025524501493600835
res_gap,MorganFP_1108,0.00025516569528058144
res_gap,MorganFP_591,0.00025465766356387576
res_gap,MorganFP_1707,0.0002538644338217182
res_gap,MorganFP_865,0.0002538309368846967
res_gap,MorganFP_312,0.0002538304265149236
res_gap,MorganFP_564,0.00025367811614705716
res_gap,MorganFP_939,0.00025327252987187877
res_gap,MorganFP_1348,0.00025316045350336935
res_gap,MorganFP_1876,0.0002531317546106493
res_gap,MorganFP_234,0.0002529409816748114
res_gap,MorganFP_1820,0.00025293422222239317
res_gap,MorganFP_702,0.0002527857141482457
res_gap,MorganFP_914,0.0002523439866923951
res_gap,MorganFP_1273,0.0002523314170539379
res_gap,MorganFP_666,0.0002521959176697237
res_gap,MorganFP_111,0.00025147392542885426
res_gap,MorganFP_1943,0.000251432100387774
res_gap,MorganFP_1696,0.00025141366749372194
res_gap,MorganFP_410,0.00025123399441643815
res_gap,MorganFP_1198,0.00025116121381347513
res_gap,MorganFP_1728,0.00025086894106584625
res_gap,MorganFP_1517,0.00025068866262280666
res_gap,MorganFP_1719,0.0002505616055009341
res_gap,MorganFP_14,0.0002503831679153894
res_gap,MorganFP_681,0.00025026111605814096
res_gap,MorganFP_1489,0.00025009192467886974
res_gap,MorganFP_421,0.00024985719460346445
res_gap,MorganFP_347,0.0002491167213938752
res_gap,MorganFP_501,0.0002491039897237215
res_gap,MorganFP_1801,0.00024895932280196575
res_gap,MorganFP_21,0.0002488787927185854
res_gap,MorganFP_1509,0.00024859724138224235
res_gap,MorganFP_1429,0.0002478108479963339
res_gap,MorganFP_1871,0.00024772826489243016
res_gap,MorganFP_834,0.0002463549773831346
res_gap,MorganFP_1618,0.00024625148246846607
res_gap,MorganFP_1042,0.00024620470798538465
res_gap,MorganFP_54,0.00024602884571356756
res_gap,MorganFP_1713,0.00024599632428439123
res_gap,MorganFP_1763,0.00024592723123936365
res_gap,MorganFP_1218,0.0002458582462527943
res_gap,MorganFP_1362,0.0002457912811444203
res_gap,MorganFP_353,0.00024573170357109576
res_gap,MorganFP_1265,0.0002452636414363383
res_gap,MorganFP_379,0.0002441725944254927
res_gap,MorganFP_636,0.00024414008814369482
res_gap,MorganFP_1757,0.0002438279464840889
res_gap,MorganFP_1737,0.00024365892183061532
res_gap,MorganFP_491,0.00024347696736572288
res_gap,MorganFP_1672,0.00024265988728602395
res_gap,MorganFP_121,0.00024253855324491268
res_gap,MorganFP_149,0.00024191790812878367
res_gap,MorganFP_414,0.00024179882504479623
res_gap,MorganFP_1207,0.00024169250330379553
res_gap,MorganFP_581,0.00024155459451429806
res_gap,MorganFP_1556,0.00024090198201736257
res_gap,MorganFP_207,0.00024077937370782366
res_gap,MorganFP_1878,0.00024039927657884164
res_gap,MorganFP_1951,0.00024030033142025787
res_gap,MorganFP_1675,0.00023993932545404562
res_gap,MorganFP_836,0.00023987317466125547
res_gap,MorganFP_692,0.00023982679251412264
res_gap,MorganFP_1931,0.00023916638736119465
res_gap,MorganFP_1102,0.00023897094073527115
res_gap,MorganFP_326,0.00023889795394879343
res_gap,MorganFP_1991,0.00023884047480646586
res_gap,MorganFP_165,0.00023870363710909714
res_gap,MorganFP_381,0.00023814303617825772
res_gap,MorganFP_816,0.00023731790083326133
res_gap,MorganFP_726,0.0002366906405142686
res_gap,MorganFP_1508,0.00023658388561599252
res_gap,MorganFP_513,0.0002364595423526197
res_gap,MorganFP_1996,0.00023626519097678055
res_gap,MorganFP_1144,0.00023592343875088772
res_gap,MorganFP_458,0.0002356618021735244
res_gap,MorganFP_1378,0.00023525048095552847
res_gap,MorganFP_258,0.0002344219087408419
res_gap,MorganFP_748,0.00023435609419678372
res_gap,MorganFP_344,0.00023425853951102482
res_gap,MorganFP_328,0.00023412601204017845
res_gap,MorganFP_20,0.0002339681163430214
res_gap,MorganFP_1861,0.00023377085404194985
res_gap,MorganFP_1655,0.00023313700955418425
res_gap,MorganFP_971,0.00023301239383995666
res_gap,MorganFP_39,0.00023278810941474148
res_gap,MorganFP_334,0.00023262315343470163
res_gap,MorganFP_59,0.00023254796468290807
res_gap,MorganFP_629,0.00023242832199855457
res_gap,MorganFP_1278,0.00023204319497887127
res_gap,MorganFP_1650,0.00023175044081972374
res_gap,MorganFP_1798,0.00023092451754746436
res_gap,MorganFP_485,0.00022999560231329498
res_gap,MorganFP_1668,0.0002298470898193159
res_gap,MorganFP_1930,0.00022963044915798038
res_gap,MorganFP_324,0.00022935549810404154
res_gap,MorganFP_252,0.00022918626997170578
res_gap,MorganFP_1510,0.0002289963671499322
res_gap,MorganFP_565,0.00022899279226811585
res_gap,MorganFP_532,0.00022870646037063125
res_gap,MorganFP_1085,0.00022863461783033045
res_gap,MorganFP_399,0.00022841191102747872
res_gap,MorganFP_780,0.00022796890197930963
res_gap,MorganFP_1210,0.00022774458471531034
res_gap,MorganFP_1240,0.00022692985836363278
res_gap,MorganFP_494,0.0002269050829515038
res_gap,MorganFP_852,0.00022653645761217333
res_gap,MorganFP_205,0.0002263994247515484
res_gap,MorganFP_814,0.00022635395977818007
res_gap,MorganFP_1789,0.00022614739524198058
res_gap,MorganFP_1966,0.00022579304939449686
res_gap,MorganFP_208,0.00022567831879918287
res_gap,MorganFP_1673,0.00022558262543088858
res_gap,MorganFP_226,0.00022556704569728935
res_gap,MorganFP_1710,0.00022528806262926083
res_gap,MorganFP_443,0.000224951000249348
res_gap,MorganFP_295,0.0002247264373125688
res_gap,MorganFP_1778,0.00022467471903337354
res_gap,MorganFP_204,0.00022421631987168666
res_gap,MorganFP_292,0.00022406781515564944
res_gap,MorganFP_885,0.00022383866281954566
res_gap,MorganFP_967,0.00022383618344417756
res_gap,MorganFP_1179,0.0002235499608837017
res_gap,MorganFP_594,0.00022348639538108728
res_gap,MorganFP_469,0.00022337430496521905
res_gap,MorganFP_685,0.00022302814573049544
res_gap,MorganFP_1087,0.00022245511233745673
res_gap,MorganFP_828,0.00022235252662528636
res_gap,MorganFP_1422,0.00022203650432311406
res_gap,MorganFP_266,0.00022173611951325256
res_gap,MorganFP_606,0.00022170664107841275
res_gap,MorganFP_400,0.00022133270982362685
res_gap,MorganFP_23,0.00022126664476979842
res_gap,MorganFP_1802,0.00022126161376765196
res_gap,MorganFP_356,0.00022124920785427093
res_gap,MorganFP_913,0.00022123187859699557
res_gap,MorganFP_72,0.0002209793910242297
res_gap,MorganFP_1275,0.00022074376399984884
res_gap,MorganFP_1526,0.0002206004037936964
res_gap,MorganFP_1817,0.00022050420937669025
res_gap,MorganFP_1500,0.0002201575527502655
res_gap,MorganFP_1066,0.00021997153486900167
res_gap,MorganFP_861,0.0002197569948046052
res_gap,MorganFP_1036,0.00021969770640134812
res_gap,MorganFP_1646,0.00021925430409768865
res_gap,MorganFP_10,0.00021924853733258943
res_gap,MorganFP_325,0.00021889061074421078
res_gap,MorganFP_1706,0.00021852217384005001
res_gap,MorganFP_1208,0.00021822497870272172
res_gap,MorganFP_957,0.0002179901214817619
res_gap,MorganFP_2020,0.00021790065444741912
res_gap,MorganFP_1886,0.0002176681602819599
res_gap,MorganFP_620,0.00021736438667971925
res_gap,MorganFP_411,0.00021703845814506905
res_gap,MorganFP_1387,0.00021647747188615086
res_gap,MorganFP_1637,0.00021645353498280428
res_gap,MorganFP_805,0.0002161696939667479
res_gap,MorganFP_964,0.00021609963167071555
res_gap,MorganFP_797,0.0002157528168418139
res_gap,MorganFP_1139,0.0002153898235296765
res_gap,MorganFP_46,0.00021520142203934256
res_gap,MorganFP_927,0.00021503739185998506
res_gap,MorganFP_1974,0.0002149348702188263
res_gap,MorganFP_1432,0.00021481824951484897
res_gap,MorganFP_1557,0.00021434930326472569
res_gap,MorganFP_1205,0.00021401473125774828
res_gap,MorganFP_1529,0.00021393252227335324
res_gap,MorganFP_580,0.00021385723825352444
res_gap,MorganFP_1246,0.00021364574671065383
res_gap,MorganFP_2032,0.0002134223579461718
res_gap,MorganFP_1680,0.00021325671727973373
res_gap,MorganFP_1006,0.00021298306786708565
res_gap,MorganFP_1997,0.00021296681782439464
res_gap,MorganFP_250,0.00021287582486775137
res_gap,MorganFP_667,0.00021286816206406912
res_gap,MorganFP_1777,0.00021255192965679903
res_gap,MorganFP_167,0.00021244159201069124
res_gap,MorganFP_1373,0.0002121541556375064
res_gap,MorganFP_808,0.00021100199569013965
res_gap,MorganFP_1705,0.00021093571439874381
res_gap,MorganFP_38,0.00021090388448294562
res_gap,MorganFP_1331,0.00020995676048261202
res_gap,MorganFP_672,0.00020960302810095753
res_gap,MorganFP_925,0.0002095326525017569
res_gap,MorganFP_1527,0.00020939878994595063
res_gap,MorganFP_628,0.000209371932398426
res_gap,MorganFP_1074,0.00020935725387136018
res_gap,MorganFP_1788,0.00020926735516729877
res_gap,MorganFP_897,0.0002091261528451014
res_gap,MorganFP_1118,0.00020888620119148982
res_gap,MorganFP_917,0.0002087939260896974
res_gap,MorganFP_1766,0.00020849264595426575
res_gap,MorganFP_1925,0.00020816221058822748
res_gap,MorganFP_595,0.00020769068591641827
res_gap,MorganFP_1064,0.00020734084241826167
res_gap,MorganFP_981,0.0002070041156135858
res_gap,MorganFP_1213,0.00020688698529511385
res_gap,MorganFP_462,0.0002068145657527225
res_gap,MorganFP_648,0.00020662246294568832
res_gap,MorganFP_1336,0.00020631840533542344
res_gap,MorganFP_1379,0.00020595965222227619
res_gap,MorganFP_749,0.00020542646086505557
res_gap,MorganFP_502,0.0002053140769618551
res_gap,MorganFP_465,0.0002052843192147833
res_gap,MorganFP_42,0.00020527126640081407
res_gap,MorganFP_1929,0.0002052679900187968
res_gap,MorganFP_1084,0.00020470752514761158
res_gap,MorganFP_1140,0.00020438184897063393
res_gap,MorganFP_568,0.0002041684226819882
res_gap,MorganFP_1814,0.00020374632936712088
res_gap,MorganFP_641,0.0002035570582874442
res_gap,MorganFP_709,0.00020324311288180753
res_gap,MorganFP_1605,0.00020294001776460392
res_gap,MorganFP_982,0.0002028592284906381
res_gap,MorganFP_365,0.00020274463546070365
res_gap,MorganFP_1462,0.0002022756420568612
res_gap,MorganFP_1795,0.00020224407068592144
res_gap,MorganFP_942,0.00020185477098641513
res_gap,MorganFP_1999,0.00020173327721738588
res_gap,MorganFP_1442,0.00020151593455705098
res_gap,MorganFP_745,0.00020129332266583333
res_gap,MorganFP_592,0.00020113897224564425
res_gap,MorganFP_762,0.00020101749605383378
res_gap,MorganFP_990,0.00020074608187542253
res_gap,MorganFP_732,0.00019993049177224976
res_gap,MorganFP_123,0.00019954225039066386
res_gap,MorganFP_60,0.00019932450022565717
res_gap,MorganFP_176,0.00019899878103251466
res_gap,MorganFP_262,0.00019890094730263107
res_gap,MorganFP_1935,0.0001986583891813609
res_gap,MorganFP_1079,0.0001984907374109355
res_gap,MorganFP_882,0.0001982671155128628
res_gap,MorganFP_659,0.00019767190193722685
res_gap,MorganFP_905,0.00019761602497244012
res_gap,MorganFP_1913,0.00019753649224230684
res_gap,MorganFP_319,0.00019726949207023381
res_gap,MorganFP_1703,0.00019679335487171557
res_gap,MorganFP_1611,0.00019650758243199107
res_gap,MorganFP_116,0.00019578980487972331
res_gap,MorganFP_1606,0.0001955665020299193
res_gap,MorganFP_921,0.000194884202146568
res_gap,MorganFP_1827,0.00019367963644211273
res_gap,MorganFP_1242,0.00019350428680135678
res_gap,MorganFP_83,0.0001934362482729739
res_gap,MorganFP_190,0.00019326141476631165
res_gap,MorganFP_460,0.00019301261763757794
res_gap,MorganFP_777,0.0001929803401707204
res_gap,MorganFP_1533,0.00019297521890985082
res_gap,MorganFP_1683,0.0001924274586908723
res_gap,MorganFP_691,0.00019199448962976362
res_gap,MorganFP_658,0.00019157439431262446
res_gap,MorganFP_1936,0.0001913851298917848
res_gap,MorganFP_847,0.0001908393456920976
res_gap,MorganFP_134,0.0001906878545475479
res_gap,MorganFP_578,0.0001905811465804277
res_gap,MorganFP_1377,0.00019052461622672467
res_gap,MorganFP_1883,0.00019026392367970857
res_gap,MorganFP_728,0.00018988567590713502
res_gap,MorganFP_1361,0.0001895216077460802
res_gap,MorganFP_1245,0.00018942982243629557
res_gap,MorganFP_1465,0.00018926015562473707
res_gap,MorganFP_1918,0.00018910910569525186
res_gap,MorganFP_857,0.00018900208112708583
res_gap,MorganFP_1852,0.00018900115850510702
res_gap,MorganFP_94,0.00018899953744357844
res_gap,MorganFP_665,0.00018844788448950568
res_gap,MorganFP_1301,0.00018835382491676
res_gap,MorganFP_1591,0.00018828456159153008
res_gap,MorganFP_442,0.0001868562093184778
res_gap,MorganFP_652,0.00018679280641481456
res_gap,MorganFP_1658,0.00018675745799147592
res_gap,MorganFP_1659,0.00018654197537550487
res_gap,MorganFP_1686,0.00018638263124069
res_gap,MorganFP_830,0.00018610260393220557
res_gap,MorganFP_1828,0.00018607089445124103
res_gap,MorganFP_128,0.00018596457421972445
res_gap,MorganFP_1896,0.00018593466528133717
res_gap,MorganFP_1916,0.00018583048903503393
res_gap,MorganFP_1302,0.0001850298615564796
res_gap,MorganFP_1949,0.00018478803062487259
res_gap,MorganFP_870,0.00018467929954226747
res_gap,MorganFP_2017,0.0001841743983404669
res_gap,MorganFP_216,0.00018347281170455433
res_gap,MorganFP_163,0.00018326662652907544
res_gap,MorganFP_1968,0.00018295502034840184
res_gap,MorganFP_1158,0.00018280433577166376
res_gap,MorganFP_1390,0.0001822104721748019
res_gap,MorganFP_289,0.0001820404266025477
res_gap,MorganFP_1877,0.00018200910312282304
res_gap,MorganFP_1248,0.00018158167340277486
res_gap,MorganFP_105,0.0001811190031236265
res_gap,MorganFP_1123,0.00017975680216559907
res_gap,MorganFP_279,0.00017957523285545564
res_gap,MorganFP_1212,0.0001795094153884058
res_gap,MorganFP_1574,0.00017933082673528134
res_gap,MorganFP_1048,0.00017908233473343672
res_gap,MorganFP_317,0.00017903625125219945
res_gap,MorganFP_819,0.00017896852136084363
res_gap,MorganFP_1024,0.00017882178352658683
res_gap,MorganFP_1914,0.0001787641741321977
res_gap,MorganFP_1975,0.00017854546993135046
res_gap,MorganFP_70,0.00017852195508004343
res_gap,MorganFP_703,0.00017829046614514253
res_gap,MorganFP_1780,0.0001780417435364825
res_gap,MorganFP_1340,0.00017767810888502878
res_gap,MorganFP_1520,0.00017754595071880886
res_gap,MorganFP_495,0.000177461038566193
res_gap,fr_guanido,0.00017728144432879844
res_gap,MorganFP_541,0.00017714214991343624
res_gap,MorganFP_1015,0.0001770702072635686
res_gap,MorganFP_734,0.0001768142818322076
res_gap,MorganFP_1286,0.00017652850166767565
res_gap,MorganFP_1720,0.00017649981844813567
res_gap,MorganFP_994,0.0001761910285192698
res_gap,MorganFP_107,0.00017591040208935738
res_gap,MorganFP_179,0.0001757908250992841
res_gap,MorganFP_1451,0.00017566816326831258
res_gap,MorganFP_1295,0.00017530745540454972
res_gap,MorganFP_812,0.00017521634442667277
res_gap,MorganFP_1628,0.00017493228483391477
res_gap,MorganFP_30,0.00017457903390516094
res_gap,MorganFP_1475,0.00017448095730196656
res_gap,MorganFP_1953,0.00017413958011229625
res_gap,MorganFP_12,0.00017407789826393128
res_gap,MorganFP_355,0.000173870307006581
res_gap,MorganFP_424,0.00017374366832646616
res_gap,MorganFP_788,0.00017357301176866712
res_gap,MorganFP_113,0.00017357096076011657
res_gap,MorganFP_736,0.00017340034378825208
res_gap,MorganFP_1661,0.00017326491916880114
res_gap,MorganFP_1203,0.00017298664410630237
res_gap,MorganFP_1417,0.00017290905418144574
res_gap,MorganFP_559,0.00017285099713552655
res_gap,MorganFP_621,0.00017274329813017175
res_gap,MorganFP_1364,0.00017244590975178654
res_gap,MorganFP_1045,0.0001723681094645144
res_gap,MorganFP_1775,0.00017210753671025714
res_gap,MorganFP_15,0.0001720885547531026
res_gap,MorganFP_174,0.00017201368966243536
res_gap,MorganFP_1716,0.0001716913245940077
res_gap,MorganFP_1804,0.00017065614971409105
res_gap,MorganFP_1319,0.00017026335420143823
res_gap,MorganFP_75,0.00016960582842568783
res_gap,MorganFP_576,0.0001690073370756977
res_gap,MorganFP_1394,0.000168745108536271
res_gap,MorganFP_1983,0.00016846088352872357
res_gap,MorganFP_1600,0.00016825798858872076
res_gap,MorganFP_1395,0.0001677321377582075
res_gap,MorganFP_112,0.00016767161511660334
res_gap,MorganFP_2009,0.00016766358417703487
res_gap,MorganFP_809,0.00016704945476897137
res_gap,MorganFP_1578,0.00016702026327584463
res_gap,MorganFP_2037,0.0001667732677492495
res_gap,MorganFP_1160,0.00016652287540904354
res_gap,MorganFP_1503,0.0001663150415815835
res_gap,MorganFP_589,0.00016591741162288543
res_gap,MorganFP_727,0.00016576707976378202
res_gap,MorganFP_65,0.00016576190968164894
res_gap,Kappa3,0.00016546672041732792
res_gap,MorganFP_0,0.0001653588878939911
res_gap,MorganFP_992,0.00016515035857329964
res_gap,MorganFP_817,0.00016508764254861497
res_gap,MorganFP_639,0.0001649393739781999
res_gap,MorganFP_1157,0.00016477174613510216
res_gap,MorganFP_630,0.00016476837861918625
res_gap,MorganFP_1266,0.00016434618627359754
res_gap,MorganFP_124,0.0001637594784695011
res_gap,MorganFP_1107,0.00016349010573180146
res_gap,MorganFP_1825,0.0001634634411674183
res_gap,MorganFP_838,0.0001633100055277623
res_gap,MorganFP_169,0.00016321778009346843
res_gap,MorganFP_919,0.0001623702224844692
res_gap,MorganFP_420,0.00016232522236114732
res_gap,MorganFP_961,0.0001621272260740625
res_gap,MorganFP_1354,0.00016193489052443512
res_gap,MorganFP_2022,0.00016182929118485845
res_gap,MorganFP_1989,0.0001618056869638309
res_gap,MorganFP_183,0.00016168397615956565
res_gap,MorganFP_688,0.00016141905061362838
res_gap,MorganFP_1372,0.00016139272128120298
res_gap,MorganFP_144,0.00016139223483855857
res_gap,MorganFP_259,0.00016125281380615774
res_gap,MorganFP_929,0.00016121510018683694
res_gap,MorganFP_1490,0.00016109647766506896
res_gap,MorganFP_1850,0.00016099665686488153
res_gap,MorganFP_376,0.0001609306082005446
res_gap,MorganFP_1553,0.0001609292800642379
res_gap,MorganFP_1323,0.000160903538335333
res_gap,MorganFP_383,0.0001608079772937323
res_gap,MorganFP_1744,0.00016072678578456134
res_gap,MorganFP_1166,0.00016061428915980968
res_gap,MorganFP_1733,0.00016041816881161265
res_gap,MorganFP_671,0.00016035534307741272
res_gap,MorganFP_952,0.0001600862592458725
res_gap,MorganFP_945,0.00015996511996641517
res_gap,MorganFP_880,0.00015990809527761485
res_gap,MorganFP_1581,0.00015970183499769064
res_gap,MorganFP_946,0.00015951830065500872
res_gap,MorganFP_2011,0.00015938021009952763
res_gap,MorganFP_1382,0.00015935598357852144
res_gap,MorganFP_2015,0.00015917397271186928
res_gap,MorganFP_604,0.000159122049876828
res_gap,MorganFP_1449,0.00015906695564262918
res_gap,MorganFP_962,0.0001590524950938743
res_gap,MorganFP_1346,0.0001589384682990911
res_gap,MorganFP_966,0.00015875162276199716
res_gap,MorganFP_1796,0.00015851990594302378
res_gap,MorganFP_579,0.0001577456707578193
res_gap,MorganFP_1195,0.0001575762065173194
res_gap,MorganFP_1424,0.00015743367752725135
res_gap,MorganFP_710,0.00015729109224446347
res_gap,MorganFP_539,0.00015707379719677306
res_gap,MorganFP_1122,0.0001569641085186504
res_gap,MorganFP_863,0.00015651072131148423
res_gap,MorganFP_954,0.00015637750977214181
res_gap,MorganFP_825,0.00015618943945537467
res_gap,MorganFP_1679,0.00015611262067795906
res_gap,MorganFP_89,0.00015487716588049238
res_gap,MorganFP_1806,0.0001547696428418135
res_gap,MorganFP_382,0.00015468589961528778
res_gap,MorganFP_778,0.00015425200628767756
res_gap,MorganFP_240,0.00015416988538004262
res_gap,MorganFP_983,0.0001541481320203104
res_gap,MorganFP_363,0.00015298478814298734
res_gap,MorganFP_1053,0.00015278518565224885
res_gap,MorganFP_170,0.0001526384208108311
res_gap,MorganFP_1376,0.00015240715613776956
res_gap,MorganFP_1254,0.00015194136649370192
res_gap,MorganFP_1632,0.0001519104838371277
res_gap,MorganFP_404,0.00015170132825960536
res_gap,MorganFP_1109,0.0001515691448534824
res_gap,MorganFP_1844,0.0001512770493158939
res_gap,MorganFP_1347,0.0001511839600431131
res_gap,MorganFP_377,0.00015111242631815004
res_gap,MorganFP_386,0.0001507430244560055
res_gap,MorganFP_40,0.00015073644956436282
res_gap,MorganFP_577,0.00015043875350659165
res_gap,MorganFP_1690,0.00015037002581527758
res_gap,MorganFP_1615,0.00015035193845284312
res_gap,MorganFP_730,0.0001500366637752677
res_gap,MorganFP_587,0.00014946777380964705
res_gap,MorganFP_1012,0.00014934837818145752
res_gap,MorganFP_1491,0.00014920904858001905
res_gap,MorganFP_1423,0.00014894156674340309
res_gap,MorganFP_1110,0.00014892755200182606
res_gap,MorganFP_1641,0.00014848340994831234
res_gap,MorganFP_1955,0.00014828531154840975
res_gap,MorganFP_1767,0.00014825597689473115
res_gap,MorganFP_991,0.00014745518830676474
res_gap,MorganFP_131,0.0001474300723940587
res_gap,MorganFP_512,0.0001474056955253218
res_gap,MorganFP_459,0.00014700262248516083
res_gap,MorganFP_306,0.00014665541962335737
res_gap,MorganFP_1812,0.0001458879286149113
res_gap,MorganFP_1522,0.00014584871617802264
res_gap,MorganFP_1994,0.00014577284509260835
res_gap,MorganFP_657,0.00014576267549523436
res_gap,MorganFP_1192,0.00014562878911675626
res_gap,MorganFP_1768,0.0001453669487592606
res_gap,MorganFP_177,0.00014509648279425845
res_gap,MorganFP_1153,0.00014439912951684164
res_gap,MorganFP_977,0.00014438624259321386
res_gap,MorganFP_2014,0.00014437391387093611
res_gap,MorganFP_979,0.00014430449178519212
res_gap,MorganFP_520,0.00014380502098185845
res_gap,MorganFP_1237,0.00014342986212344754
res_gap,MorganFP_1848,0.00014292397086796882
res_gap,MorganFP_1342,0.0001427828060129741
res_gap,MorganFP_1901,0.00014274710129086543
res_gap,MorganFP_500,0.0001426647070855438
res_gap,MorganFP_1545,0.00014257869842606397
res_gap,MorganFP_1986,0.00014237109560053795
res_gap,MorganFP_506,0.0001414843683217555
res_gap,MorganFP_1033,0.0001409229158434755
res_gap,MorganFP_1771,0.00014084796343462357
res_gap,MorganFP_1662,0.00014075149315829095
res_gap,MorganFP_1155,0.00014052779987645182
res_gap,MorganFP_357,0.0001404686574158518
res_gap,MorganFP_1619,0.00014045512554855576
res_gap,MorganFP_505,0.00013967377144388137
res_gap,MorganFP_560,0.0001396523194356547
res_gap,MorganFP_194,0.00013937556074677105
res_gap,MorganFP_536,0.0001390666738152504
res_gap,MorganFP_1426,0.00013873764213835215
res_gap,MorganFP_704,0.00013860800427272578
res_gap,MorganFP_1165,0.00013858741613262282
res_gap,MorganFP_1624,0.00013855590606965507
res_gap,MorganFP_737,0.00013845119907739445
res_gap,MorganFP_567,0.00013764844168224498
res_gap,MorganFP_156,0.00013708650803778255
res_gap,MorganFP_969,0.0001365417126680626
res_gap,MorganFP_759,0.00013543862672620445
res_gap,MorganFP_1251,0.00013515209907357216
res_gap,MorganFP_1714,0.00013479673362188293
res_gap,MorganFP_596,0.00013388310997157759
res_gap,MorganFP_1076,0.000133634247972509
res_gap,MorganFP_719,0.00013310859699706157
res_gap,MorganFP_792,0.0001329815327906658
res_gap,MorganFP_619,0.0001328058247019044
res_gap,MorganFP_484,0.00013274225303429432
res_gap,MorganFP_1874,0.00013252843081181708
res_gap,MorganFP_633,0.00013197433948516845
res_gap,MorganFP_1514,0.00013182959333062172
res_gap,MorganFP_1229,0.00013178306448415357
res_gap,MorganFP_1220,0.00013158266168187538
res_gap,MorganFP_68,0.00013099759872318374
res_gap,MorganFP_272,0.00013096691684495455
res_gap,MorganFP_1183,0.00013069713382617466
res_gap,MorganFP_1297,0.00013041004538694168
res_gap,MorganFP_1769,0.00013008948765420313
res_gap,MorganFP_1742,0.00012989736068993806
res_gap,MorganFP_1197,0.00012932456484230669
res_gap,MorganFP_1038,0.00012912546965169723
res_gap,MorganFP_1007,0.00012855877066238007
res_gap,MorganFP_1000,0.00012836568269619875
res_gap,MorganFP_1865,0.00012787931970535736
res_gap,MorganFP_2043,0.00012787109624241567
res_gap,MorganFP_197,0.00012785545686904242
res_gap,MorganFP_1528,0.00012713437390897298
res_gap,MorganFP_1543,0.00012701647728681565
res_gap,MorganFP_872,0.0001269872344129226
res_gap,MorganFP_697,0.00012674918671038427
res_gap,MorganFP_677,0.00012670993737185654
res_gap,MorganFP_1082,0.0001263701133430004
res_gap,MorganFP_1513,0.00012634558982210818
res_gap,MorganFP_419,0.00012611988649882734
res_gap,MorganFP_1437,0.00012609678372474064
res_gap,MorganFP_1324,0.0001259910284270802
res_gap,MorganFP_1211,0.00012597797244592358
res_gap,MorganFP_1317,0.00012593953125178813
res_gap,MorganFP_738,0.00012583288405150484
res_gap,MorganFP_1499,0.00012569759830103065
res_gap,MorganFP_980,0.0001256663058422447
res_gap,MorganFP_1669,0.00012556223939975551
res_gap,MorganFP_146,0.00012519873170807293
res_gap,MorganFP_1142,0.0001251338564852631
res_gap,MorganFP_1990,0.0001249124395741319
res_gap,MorganFP_71,0.00012473221761867136
res_gap,MorganFP_1002,0.00012468919157981873
res_gap,MorganFP_1184,0.0001246778383846845
res_gap,MorganFP_771,0.0001246502262388276
res_gap,MorganFP_1438,0.0001245984452963853
res_gap,MorganFP_166,0.00012432104280458135
res_gap,MorganFP_1779,0.00012349006576368993
res_gap,MorganFP_1587,0.00012291515123726528
res_gap,MorganFP_178,0.00012275234962581293
res_gap,MorganFP_1272,0.00012263620823659948
res_gap,MorganFP_1239,0.00012240338511765002
res_gap,MorganFP_32,0.00012196531931368781
res_gap,MorganFP_1631,0.00012195479722356595
res_gap,MorganFP_185,0.0001219152745439942
res_gap,MorganFP_315,0.00012107412375414128
res_gap,MorganFP_58,0.00012102779596693836
res_gap,MorganFP_1116,0.00012095852428953436
res_gap,MorganFP_2034,0.00012077436592667823
res_gap,MorganFP_184,0.00012064998483566569
res_gap,MorganFP_889,0.00012063880446254415
res_gap,MorganFP_133,0.0001205536498087838
res_gap,MorganFP_1392,0.00012032322197980249
res_gap,MorganFP_696,0.0001200637423310571
res_gap,MorganFP_309,0.00011965633914007867
res_gap,MorganFP_230,0.00011927348202522126
res_gap,MorganFP_791,0.0001183907637756505
res_gap,MorganFP_109,0.00011830143007614424
res_gap,MorganFP_768,0.00011682341255561824
res_gap,MorganFP_626,0.00011641734076039257
res_gap,MorganFP_530,0.00011602924356463262
res_gap,MorganFP_1400,0.00011597768776118755
res_gap,MorganFP_1555,0.00011568373621972228
res_gap,MorganFP_364,0.00011554493958738021
res_gap,MorganFP_831,0.00011535188811294006
res_gap,MorganFP_1003,0.0001150793309235354
res_gap,MorganFP_1856,0.00011505349471013914
res_gap,MorganFP_436,0.00011449041542010718
res_gap,MorganFP_944,0.0001141089738329697
res_gap,MorganFP_463,0.0001138117553336837
res_gap,MorganFP_1194,0.00011370810558349831
res_gap,MorganFP_1497,0.00011349419328178101
res_gap,MorganFP_1571,0.00011259657877087647
res_gap,MorganFP_1367,0.00011228038188984612
res_gap,MorganFP_1644,0.00011133677798079588
res_gap,MorganFP_233,0.00011111210850359043
res_gap,MorganFP_540,0.00011099241418634165
res_gap,MorganFP_1338,0.00011073653379231985
res_gap,MorganFP_1406,0.00011072241037294361
res_gap,MorganFP_1868,0.00011067319471451498
res_gap,MorganFP_499,0.00011064802538278684
res_gap,MorganFP_662,0.00011035046849974606
res_gap,MorganFP_934,0.00010989613593790182
res_gap,MorganFP_1753,0.00010926652476359778
res_gap,MorganFP_1434,0.00010906254572051921
res_gap,MorganFP_973,0.00010894741424078802
res_gap,MorganFP_132,0.00010879817403599645
res_gap,MorganFP_450,0.00010833111090937564
res_gap,MorganFP_1580,0.00010830349035731501
res_gap,MorganFP_1146,0.00010818090065238017
res_gap,MorganFP_707,0.00010770366528215903
res_gap,MorganFP_329,0.0001076836858585466
res_gap,MorganFP_1807,0.00010756743260640534
res_gap,MorganFP_1344,0.00010755379857369008
res_gap,MorganFP_1471,0.00010745906791061088
res_gap,MorganFP_1937,0.00010722491852379789
res_gap,MorganFP_1326,0.00010685058261407222
res_gap,MorganFP_741,0.0001065647318559968
res_gap,MorganFP_50,0.000106264628469944
res_gap,MorganFP_299,0.00010623104869762301
res_gap,MorganFP_1311,0.00010577254665236068
res_gap,MorganFP_603,0.00010540484269031936
res_gap,MorganFP_360,0.00010517590697355672
res_gap,MorganFP_2008,0.0001047874673770366
res_gap,MorganFP_1209,0.00010429731954170052
res_gap,MorganFP_1667,0.00010399362591726912
res_gap,MorganFP_1025,0.00010390317164102214
res_gap,MorganFP_1940,0.00010297615655628078
res_gap,MorganFP_278,0.00010267291330535499
res_gap,MorganFP_976,0.00010263898035702823
res_gap,MorganFP_1969,0.00010243685005332281
res_gap,MorganFP_160,0.00010240717646345843
res_gap,MorganFP_285,0.00010205515917425601
res_gap,MorganFP_1100,0.00010204121191776495
res_gap,MorganFP_1565,0.0001020291119139074
res_gap,MorganFP_1572,0.00010196122841958122
res_gap,MorganFP_1068,0.0001018929983866741
res_gap,MorganFP_219,0.00010155711467359651
res_gap,MorganFP_1987,0.00010144477396613638
res_gap,MorganFP_1478,0.0001010367719545684
res_gap,MorganFP_1654,0.00010098179164697286
res_gap,MorganFP_26,0.0001008779461098186
res_gap,MorganFP_635,0.00010082185531376142
res_gap,MorganFP_811,0.00010081191281705059
res_gap,MorganFP_1505,0.00010080920593532027
res_gap,MorganFP_396,0.00010033726799660059
res_gap,MorganFP_1279,0.00010016282988902957
res_gap,MorganFP_1214,0.00010008936751580677
res_gap,MorganFP_1770,9.968140170836648e-05
res_gap,MorganFP_157,9.955969062377789e-05
res_gap,MorganFP_341,9.9500564234134e-05
res_gap,MorganFP_701,9.936954839452028e-05
res_gap,MorganFP_1402,9.858837360999929e-05
res_gap,MorganFP_444,9.844844827910038e-05
res_gap,MorganFP_270,9.838556586131375e-05
res_gap,MorganFP_1078,9.831272810697555e-05
res_gap,MorganFP_820,9.812300822397902e-05
res_gap,MorganFP_1927,9.810959712592648e-05
res_gap,MorganFP_744,9.798444722287058e-05
res_gap,MorganFP_516,9.766173261709809e-05
res_gap,MorganFP_869,9.718996594596607e-05
res_gap,MorganFP_1111,9.697380195359528e-05
res_gap,MorganFP_439,9.692831337451935e-05
res_gap,MorganFP_1307,9.679239472428946e-05
res_gap,MorganFP_452,9.654859725469578e-05
res_gap,MorganFP_1932,9.634108704983646e-05
res_gap,MorganFP_1633,9.572804826829895e-05
res_gap,MorganFP_1822,9.523715190130133e-05
res_gap,MorganFP_51,9.514260328407431e-05
res_gap,MorganFP_1314,9.509536716538491e-05
res_gap,MorganFP_746,9.500813484191894e-05
res_gap,MorganFP_509,9.443465458966216e-05
res_gap,MorganFP_1647,9.440734137360707e-05
res_gap,MorganFP_336,9.364494680187362e-05
res_gap,MorganFP_1037,9.304744184737502e-05
res_gap,MorganFP_245,9.281614652763893e-05
res_gap,MorganFP_1610,9.226246002770467e-05
res_gap,MorganFP_1010,9.206544211974688e-05
res_gap,MorganFP_1579,9.191621094942093e-05
res_gap,MorganFP_1359,9.185363582986383e-05
res_gap,MorganFP_996,9.174194803549973e-05
res_gap,MorganFP_66,9.120579773855297e-05
res_gap,MorganFP_475,9.11655248156542e-05
res_gap,MorganFP_1467,9.113845685703836e-05
res_gap,MorganFP_1735,9.04602641130623e-05
res_gap,MorganFP_904,9.041905775666237e-05
res_gap,MorganFP_779,9.022047887128792e-05
res_gap,MorganFP_1370,9.014087729156017e-05
res_gap,MorganFP_986,8.942215318045043e-05
res_gap,MorganFP_254,8.919438608518249e-05
res_gap,MorganFP_1995,8.89502689242363e-05
res_gap,MorganFP_200,8.84167101194251e-05
res_gap,MorganFP_1981,8.787392167070607e-05
res_gap,MorganFP_1776,8.748163486734484e-05
res_gap,MorganFP_557,8.734778070208904e-05
res_gap,MorganFP_1784,8.641947942902561e-05
res_gap,MorganFP_773,8.627207033208607e-05
res_gap,MorganFP_1188,8.614783734083175e-05
res_gap,MorganFP_342,8.596554635920483e-05
res_gap,MorganFP_1938,8.558448370013138e-05
res_gap,MorganFP_776,8.544066598472e-05
res_gap,MorganFP_1838,8.519742711891354e-05
res_gap,MorganFP_93,8.442354709978872e-05
res_gap,MorganFP_1023,8.404237634687206e-05
res_gap,MorganFP_1630,8.337924185308055e-05
res_gap,MorganFP_1041,8.326886879004292e-05
res_gap,MorganFP_1174,8.321276998153593e-05
res_gap,MorganFP_37,8.3029774989825e-05
res_gap,MorganFP_661,8.15311428940504e-05
res_gap,MorganFP_874,8.129342421312912e-05
res_gap,MorganFP_1098,8.065282986541433e-05
res_gap,MorganFP_159,7.984601044282513e-05
res_gap,MorganFP_307,7.951388289154692e-05
res_gap,MorganFP_995,7.950387117278979e-05
res_gap,MorganFP_1756,7.931054488653899e-05
res_gap,MorganFP_1740,7.925715633997576e-05
res_gap,MorganFP_1180,7.913672866058618e-05
res_gap,MorganFP_1588,7.907832552342597e-05
res_gap,MorganFP_1636,7.894422075725061e-05
res_gap,MorganFP_1469,7.802935558800073e-05
res_gap,MorganFP_1396,7.774019219971251e-05
res_gap,MorganFP_209,7.70705781903871e-05
res_gap,MorganFP_1962,7.706036311306263e-05
res_gap,MorganFP_1092,7.690144827461154e-05
res_gap,MorganFP_52,7.644568312817057e-05
res_gap,MorganFP_493,7.622193424367652e-05
res_gap,MorganFP_549,7.612524798457798e-05
res_gap,MorganFP_1062,7.586350855132196e-05
res_gap,MorganFP_483,7.573691340963328e-05
res_gap,MorganFP_1191,7.527492367171362e-05
res_gap,MorganFP_354,7.502738284787825e-05
res_gap,MorganFP_1561,7.498541368825862e-05
res_gap,MorganFP_1461,7.485780022028621e-05
res_gap,MorganFP_1401,7.469948387097248e-05
res_gap,MorganFP_389,7.444045006204546e-05
res_gap,MorganFP_1196,7.371585285113724e-05
res_gap,MorganFP_346,7.363742002996787e-05
res_gap,MorganFP_647,7.271654445582953e-05
res_gap,MorganFP_104,7.222921033751107e-05
res_gap,MorganFP_175,7.155404651564367e-05
res_gap,MorganFP_456,7.153291388803496e-05
res_gap,MorganFP_122,7.12237410005372e-05
res_gap,MorganFP_518,7.034052134723457e-05
res_gap,MorganFP_1318,7.026407542527124e-05
res_gap,MorganFP_1339,6.986816544491603e-05
res_gap,MorganFP_1178,6.95633000029936e-05
res_gap,MorganFP_67,6.949541852130148e-05
res_gap,MorganFP_1310,6.894615755214062e-05
res_gap,MorganFP_481,6.832921179011464e-05
res_gap,MorganFP_1177,6.803856921482065e-05
res_gap,MorganFP_1560,6.765082812432865e-05
res_gap,MorganFP_1708,6.764032109926887e-05
res_gap,MorganFP_649,6.733197894067189e-05
res_gap,MorganFP_1268,6.654985088829335e-05
res_gap,MorganFP_350,6.61140500114925e-05
res_gap,MorganFP_570,6.557528558670001e-05
res_gap,MorganFP_408,6.491978333541226e-05
res_gap,MorganFP_1321,6.357025322056132e-05
res_gap,MorganFP_599,6.354526352797053e-05
res_gap,MorganFP_1666,6.34985781845785e-05
res_gap,MorganFP_1420,6.328421171684795e-05
res_gap,MorganFP_1785,6.257128444053705e-05
res_gap,MorganFP_466,6.24617263674736e-05
res_gap,MorganFP_756,6.236556396908099e-05
res_gap,MorganFP_1419,6.197033616655289e-05
res_gap,MorganFP_1965,6.193998335652395e-05
res_gap,MorganFP_47,6.171776975135046e-05
res_gap,MorganFP_951,6.153737590830133e-05
res_gap,MorganFP_4,6.1013876775632525e-05
res_gap,MorganFP_891,6.052379967752586e-05
res_gap,MorganFP_698,6.027653301134706e-05
res_gap,MorganFP_1095,6.01970020135596e-05
res_gap,MorganFP_1132,6.012658774852753e-05
res_gap,MorganFP_731,5.951293634626609e-05
res_gap,MorganFP_1276,5.864655097923333e-05
res_gap,MorganFP_18,5.8458346873521804e-05
res_gap,MorganFP_1567,5.693828142284474e-05
res_gap,MorganFP_432,5.6783327376194846e-05
res_gap,MorganFP_49,5.6534876153392585e-05
res_gap,MorganFP_1924,5.621083825826645e-05
res_gap,MorganFP_1290,5.421600546105765e-05
res_gap,MorganFP_1460,5.4049365067896815e-05
res_gap,MorganFP_548,5.362890247786822e-05
res_gap,MorganFP_1958,5.31280595328667e-05
res_gap,MorganFP_1316,5.2612018361280375e-05
res_gap,MorganFP_1345,5.26090572612361e-05
res_gap,MorganFP_138,5.2076586707286765e-05
res_gap,MorganFP_984,5.1691858862255916e-05
res_gap,MorganFP_1890,5.083295596028847e-05
res_gap,MorganFP_887,5.072104771834843e-05
res_gap,fr_phenol,5.059341661859662e-05
res_gap,MorganFP_729,5.058691161806905e-05
res_gap,MorganFP_100,5.043790396365466e-05
res_gap,fr_phenol_noOrthoHbond,4.962253601803468e-05
res_gap,MorganFP_1393,4.9259207163460774e-05
res_gap,MorganFP_1841,4.912189235813003e-05
res_gap,MorganFP_1534,4.908956814531962e-05
res_gap,MorganFP_1843,4.882571971345229e-05
res_gap,MorganFP_949,4.8811151375943495e-05
res_gap,MorganFP_371,4.87219903992937e-05
res_gap,MorganFP_605,4.8361599366685935e-05
res_gap,MorganFP_616,4.831074978753236e-05
res_gap,MorganFP_1792,4.787378739470682e-05
res_gap,MorganFP_44,4.785321522065544e-05
res_gap,MorganFP_754,4.724644864879224e-05
res_gap,MorganFP_1797,4.708090285511446e-05
res_gap,MorganFP_327,4.678404290723392e-05
res_gap,MorganFP_64,4.460182392929824e-05
res_gap,MorganFP_467,4.446114586070849e-05
res_gap,MorganFP_288,4.325435749871076e-05
res_gap,MorganFP_640,4.181096992795119e-05
res_gap,MorganFP_958,4.1184882184865046e-05
res_gap,MorganFP_1368,4.075494328448315e-05
res_gap,MorganFP_1821,3.8190830730741255e-05
res_gap,MorganFP_912,3.7264700949151574e-05
res_gap,MorganFP_1548,3.709306607572671e-05
res_gap,MorganFP_835,3.662161893349314e-05
res_gap,MorganFP_1568,3.563245758414268e-05
res_gap,MorganFP_928,3.5386755742592865e-05
res_gap,MorganFP_1984,3.343326885763531e-05
res_gap,MorganFP_1988,3.311777859926224e-05
res_gap,MorganFP_558,3.107396352396563e-05
res_gap,MorganFP_1332,3.0117330912645457e-05
res_gap,MorganFP_705,2.92715721707566e-05
res_gap,MorganFP_1046,2.882903817844351e-05
res_gap,MorganFP_631,2.8187908232212067e-05
res_gap,MorganFP_188,2.6560964929572605e-05
res_gap,MorganFP_948,2.5990664958953857e-05
res_gap,MorganFP_1086,2.5326399132609367e-05
res_gap,MorganFP_1502,2.4566823616623878e-05
res_gap,MorganFP_772,2.1337714046239853e-05
res_gap,MorganFP_1397,1.558402553200722e-05
res_gap,MorganFP_561,1.3486278243362904e-05
res_gap,MorganFP_1829,0.0
res_gap,MorganFP_822,0.0
res_gap,MorganFP_800,0.0
res_gap,MorganFP_1052,0.0
res_gap,fr_nitroso,0.0
res_gap,fr_nitro_arom_nonortho,0.0
res_gap,fr_nitro_arom,0.0
res_gap,fr_isothiocyan,0.0
res_gap,fr_isocyan,0.0
res_gap,fr_phos_ester,0.0
res_gap,MorganFP_427,0.0
res_gap,fr_SH,0.0
res_gap,fr_azide,0.0
res_gap,fr_C_S,0.0
res_gap,fr_N_O,0.0
res_gap,fr_azo,0.0
res_gap,fr_barbitur,0.0
res_gap,fr_hdrzine,0.0
res_gap,fr_hdrzone,0.0
res_gap,fr_para_hydroxylation,0.0
res_gap,MorganFP_1895,0.0
res_gap,MorganFP_860,0.0
res_gap,fr_Ar_COO,0.0
res_gap,MorganFP_851,0.0
res_gap,MorganFP_955,0.0
res_gap,MorganFP_1903,0.0
res_gap,fr_phos_acid,0.0
res_gap,MorganFP_1215,0.0
res_gap,MorganFP_1067,0.0
res_gap,MorganFP_1815,0.0
res_gap,MorganFP_810,0.0
res_gap,MorganFP_1597,0.0
res_gap,MorganFP_1320,0.0
res_gap,MorganFP_215,0.0
res_gap,MorganFP_1688,0.0
res_gap,MorganFP_1106,0.0
res_gap,MorganFP_1381,0.0
res_gap,MorganFP_198,0.0
res_gap,NumRadicalElectrons,0.0
res_gap,MorganFP_173,0.0
res_gap,SMR_VSA8,0.0
res_gap,MorganFP_1559,0.0
res_gap,SlogP_VSA12,0.0
res_gap,fr_benzodiazepine,0.0
res_gap,MorganFP_1501,0.0
res_gap,SlogP_VSA9,0.0
res_gap,EState_VSA11,0.0
res_gap,VSA_EState10,0.0
res_gap,SlogP_VSA7,0.0
res_gap,fr_prisulfonamd,0.0
res_gap,fr_dihydropyridine,0.0
res_gap,fr_sulfonamd,0.0
res_gap,fr_sulfide,0.0
res_gap,fr_diazo,0.0
res_gap,fr_sulfone,0.0
res_gap,fr_thiazole,0.0
res_gap,fr_thiocyan,0.0
res_gap,fr_thiophene,0.0
res_gap,MorganFP_35,0.0
res_mu,MorganFP_807,0.03833998486259952
res_mu,MaxEStateIndex,0.031578055477459205
res_mu,MaxAbsEStateIndex,0.031506447369902164
res_mu,MorganFP_314,0.030065083711931947
res_mu,NumHAcceptors,0.029666226550005375
res_mu,fr_oxime,0.028917378162113892
res_mu,MorganFP_650,0.028462544816036824
res_mu,SlogP_VSA2,0.027996596764874995
res_mu,fr_Imine,0.026654168623499574
res_mu,MaxPartialCharge,0.026436106818000554
res_mu,fr_ketone_Topliss,0.023286058313329704
res_mu,PEOE_VSA8,0.02043787357711699
res_mu,fr_epoxide,0.020070078122298583
res_mu,VSA_EState7,0.01989457197711454
res_mu,MaxAbsPartialCharge,0.01937652154347518
res_mu,MinAbsPartialCharge,0.01737750464049168
res_mu,NumRotatableBonds,0.01730545832507778
res_mu,MorganFP_790,0.017132944954559207
res_mu,SlogP_VSA5,0.016962846996129655
res_mu,BCUT2D_LOGPHI,0.016678659708521535
res_mu,SMR_VSA7,0.01655802248092368
res_mu,BCUT2D_MRHI,0.015726882847629894
res_mu,MorganFP_1384,0.01567616427410394
res_mu,MinPartialCharge,0.015561621644617845
res_mu,SlogP_VSA1,0.015436354538425803
res_mu,Chi2n,0.015144657182041102
res_mu,Chi2v,0.014853538060592655
res_mu,NumHDonors,0.014206275424614433
res_mu,MorganFP_1060,0.014107004767633043
res_mu,fr_bicyclic,0.014104857012756837
res_mu,MorganFP_623,0.013949317027931101
res_mu,FpDensityMorgan1,0.013743088501287274
res_mu,fr_term_acetylene,0.013673581130453385
res_mu,MorganFP_656,0.013130037319756411
res_mu,fr_lactone,0.013105966596900543
res_mu,PEOE_VSA2,0.012637012336090265
res_mu,fr_ether,0.012519436912931286
res_mu,MinEStateIndex,0.012358270083137085
res_mu,Chi3v,0.012355687379036681
res_mu,EState_VSA4,0.012151530487753916
res_mu,PEOE_VSA9,0.012131989717716351
res_mu,Chi3n,0.012112241032795281
res_mu,SMR_VSA9,0.011906767497770488
res_mu,VSA_EState5,0.011856502103681122
res_mu,SMR_VSA6,0.011783586016856133
res_mu,fr_nitrile,0.01172597792736633
res_mu,TPSA,0.011541539496116457
res_mu,SMR_VSA2,0.011167531063178103
res_mu,MorganFP_935,0.010407900229096413
res_mu,MolMR,0.010388692919810637
res_mu,VSA_EState8,0.010374613095747918
res_mu,SlogP_VSA4,0.010326633721581857
res_mu,HallKierAlpha,0.010231496790838719
res_mu,MorganFP_1691,0.010187709851103136
res_mu,Ipc,0.009934677564539016
res_mu,BCUT2D_MWHI,0.00984822418668773
res_mu,VSA_EState1,0.009785163186257705
res_mu,fr_aldehyde,0.009679923963034525
res_mu,fr_ester,0.009420005416846833
res_mu,NumAliphaticHeterocycles,0.009267710082096528
res_mu,VSA_EState2,0.009140029037502245
res_mu,NumBridgeheadAtoms,0.009041763854096644
res_mu,VSA_EState6,0.00896372484027961
res_mu,AvgIpc,0.008722151932466659
res_mu,NumHeteroatoms,0.00872081202868958
res_mu,fr_NH0,0.008620055526887882
res_mu,NOCount,0.008427504613197016
res_mu,NumAliphaticRings,0.008426186715729273
res_mu,BertzCT,0.008402903181709916
res_mu,BCUT2D_LOGPLOW,0.008329576539068512
res_mu,MorganFP_441,0.008208274678210729
res_mu,PEOE_VSA7,0.007979206949385117
res_mu,PEOE_VSA6,0.007927155870034766
res_mu,Chi1v,0.007787303832892576
res_mu,VSA_EState3,0.0077603671931865395
res_mu,fr_Ar_N,0.007729980708216317
res_mu,SMR_VSA10,0.007715714602352818
res_mu,NHOHCount,0.007707051047795914
res_mu,MorganFP_1292,0.007702890129483421
res_mu,SlogP_VSA3,0.007571321928837279
res_mu,PEOE_VSA11,0.007565274554071948
res_mu,FractionCSP3,0.007546797084552964
res_mu,Chi1n,0.007502738337977008
res_mu,fr_C_O,0.007361689463927177
res_mu,fr_C_O_noCOO,0.007307456159651338
res_mu,BCUT2D_CHGLO,0.007263744502215559
res_mu,MorganFP_378,0.007253470684066997
res_mu,SMR_VSA4,0.007193036517584915
res_mu,NumSaturatedHeterocycles,0.007119572780498857
res_mu,fr_quatN,0.007102485393173993
res_mu,MorganFP_1028,0.007035745856221183
res_mu,MorganFP_609,0.0070055009135394355
res_mu,BCUT2D_MRLOW,0.006979167573070299
res_mu,FpDensityMorgan3,0.006869880092812309
res_mu,MorganFP_80,0.006666596048977226
res_mu,fr_morpholine,0.0065587246098748435
res_mu,PEOE_VSA10,0.00644289503309119
res_mu,NumUnspecifiedAtomStereoCenters,0.006395017091177579
res_mu,PEOE_VSA5,0.006364910688484088
res_mu,EState_VSA5,0.006359418433715291
res_mu,SlogP_VSA11,0.006295303069372892
res_mu,RingCount,0.006182002789661055
res_mu,MorganFP_694,0.006106040350607145
res_mu,NumAtomStereoCenters,0.006009485875312749
res_mu,MolLogP,0.005951963243076335
res_mu,MorganFP_1114,0.005807934844171541
res_mu,MorganFP_1057,0.005727541113476036
res_mu,BCUT2D_MWLOW,0.005670166246335043
res_mu,MorganFP_1154,0.005635951224852761
res_mu,MorganFP_1171,0.005486523395287804
res_mu,NumAromaticHeterocycles,0.005459633280406706
res_mu,MorganFP_497,0.005445189675963775
res_mu,NumAromaticRings,0.005408687142538838
res_mu,MorganFP_145,0.005270489580085269
res_mu,MorganFP_1083,0.005250718538940419
res_mu,FpDensityMorgan2,0.0052289486156551
res_mu,EState_VSA1,0.005190252165819402
res_mu,NumHeterocycles,0.005151705328262778
res_mu,MorganFP_1380,0.0050845221106398525
res_mu,MorganFP_343,0.005025320355965278
res_mu,EState_VSA7,0.005011901350080734
res_mu,MorganFP_88,0.004995667925459202
res_mu,fr_NH1,0.004970222527575971
res_mu,EState_VSA8,0.004961363580587203
res_mu,MorganFP_1019,0.004959066484298091
res_mu,MorganFP_1088,0.004849116430079448
res_mu,BCUT2D_CHGHI,0.004746289582300051
res_mu,MorganFP_281,0.004703942200285383
res_mu,MorganFP_370,0.0046471506386151305
res_mu,SlogP_VSA6,0.004590338181486004
res_mu,MorganFP_1457,0.004570457150999573
res_mu,fr_Ar_OH,0.004535404006528552
res_mu,fr_Al_OH_noTert,0.004443564974339097
res_mu,MorganFP_1325,0.004422287777462771
res_mu,MorganFP_542,0.004411097173353483
res_mu,EState_VSA10,0.004402198765856156
res_mu,fr_imidazole,0.0043905769876109845
res_mu,MorganFP_489,0.004318479605235723
res_mu,Chi0n,0.004317590596982882
res_mu,MorganFP_74,0.004306618503530672
res_mu,MorganFP_622,0.0042854634864722815
res_mu,Chi0v,0.004213714374621759
res_mu,qed,0.0041606516398437635
res_mu,MorganFP_1349,0.00411600036910022
res_mu,PEOE_VSA1,0.004111382638548093
res_mu,PEOE_VSA3,0.004095539915662812
res_mu,HeavyAtomMolWt,0.004080761107070429
res_mu,MorganFP_263,0.004060142791335238
res_mu,NumSaturatedCarbocycles,0.004055003280682285
res_mu,MorganFP_1507,0.003995407099543627
res_mu,MinAbsEStateIndex,0.003879618446349923
res_mu,MorganFP_802,0.0038707040430253983
res_mu,NumSpiroAtoms,0.0038560869537300276
res_mu,MorganFP_611,0.003848851157462036
res_mu,EState_VSA2,0.0038406012805171485
res_mu,fr_COO2,0.0038086382762994616
res_mu,SPS,0.0037441766718552573
res_mu,MorganFP_1152,0.0037045717178916674
res_mu,NumAliphaticCarbocycles,0.0037044864523073924
res_mu,fr_Al_COO,0.003693567203357816
res_mu,PEOE_VSA14,0.0036905688169754287
res_mu,MorganFP_950,0.0036769161490040007
res_mu,Phi,0.0036758200300173486
res_mu,MorganFP_787,0.0036680443677832957
res_mu,fr_COO,0.0036607048551086335
res_mu,EState_VSA3,0.003646739992568655
res_mu,MorganFP_926,0.0035905592176277423
res_mu,MorganFP_974,0.0035683212946246387
res_mu,PEOE_VSA4,0.003510114618751686
res_mu,MorganFP_523,0.0034295375932792923
res_mu,MorganFP_750,0.0033650183669979013
res_mu,fr_Al_OH,0.003357350298902929
res_mu,MorganFP_695,0.0033381093802672696
res_mu,Chi0,0.003313501525339234
res_mu,MorganFP_725,0.0032735902653075757
res_mu,fr_methoxy,0.0032101137633799228
res_mu,SMR_VSA3,0.0032061588182468767
res_mu,MorganFP_1128,0.0032049654172969897
res_mu,MorganFP_1921,0.0031682285906790638
res_mu,PEOE_VSA12,0.003161049848628409
res_mu,MorganFP_1034,0.003150609625069592
res_mu,SlogP_VSA10,0.0031474328189933657
res_mu,MorganFP_1722,0.00312652731371054
res_mu,MorganFP_751,0.003076508474371167
res_mu,SMR_VSA5,0.003064897825243861
res_mu,MorganFP_1104,0.0030627119696982844
res_mu,NumAmideBonds,0.003062260508655527
res_mu,Chi1,0.0030432351567269505
res_mu,MorganFP_1274,0.003038052633724874
res_mu,MorganFP_294,0.0030364939640712693
res_mu,MorganFP_1781,0.0030340425266167587
res_mu,MorganFP_915,0.002990365665533318
res_mu,MorganFP_1689,0.002988652545572677
res_mu,MorganFP_43,0.002979354940907797
res_mu,MorganFP_1,0.0029786436389331356
res_mu,fr_amide,0.002975593271109119
res_mu,MorganFP_1164,0.0029094997281263204
res_mu,MorganFP_2000,0.002903779582629795
res_mu,fr_aniline,0.0028963873565566304
res_mu,MorganFP_739,0.0028770385818195337
res_mu,MorganFP_5,0.0028621270619041753
res_mu,PEOE_VSA13,0.002857622164177883
res_mu,MorganFP_624,0.002848324377744575
res_mu,MorganFP_1369,0.0027910918562556617
res_mu,MorganFP_1819,0.0027500687407946314
res_mu,MorganFP_841,0.0027202696611348075
res_mu,MorganFP_1946,0.002719386656222923
res_mu,MorganFP_1224,0.002705031005664523
res_mu,MorganFP_1535,0.0026841293038849016
res_mu,MorganFP_1135,0.002684053480777948
res_mu,fr_ketone,0.002628046615021958
res_mu,MorganFP_1136,0.0026230598001784526
res_mu,MorganFP_1577,0.002595407637363678
res_mu,EState_VSA9,0.0025854359414279886
res_mu,fr_NH2,0.0025677130487019896
res_mu,MorganFP_1738,0.0025259286418167905
res_mu,MorganFP_1226,0.002479815051658079
res_mu,MorganFP_1923,0.0024714611870849694
res_mu,EState_VSA6,0.0024650036814894633
res_mu,MorganFP_1602,0.0024502394863568496
res_mu,MorganFP_1915,0.002443986558006145
res_mu,MorganFP_1017,0.0024281648184508527
res_mu,MorganFP_1172,0.00241622216783162
res_mu,MorganFP_747,0.002414181663728414
res_mu,MorganFP_1257,0.002341165490370301
res_mu,fr_imide,0.002334662989480421
res_mu,MorganFP_679,0.0022904718854697423
res_mu,MorganFP_287,0.0022865672696409547
res_mu,MorganFP_1452,0.0022461788768305267
res_mu,fr_pyridine,0.0022391917931381612
res_mu,MorganFP_431,0.0022309050902404124
res_mu,MorganFP_563,0.002228412652380939
res_mu,MorganFP_196,0.00219776067427955
res_mu,MorganFP_1873,0.002190644967458866
res_mu,MorganFP_398,0.0021839759995139047
res_mu,Chi4n,0.002163957154316449
res_mu,MorganFP_585,0.0021450825178078504
res_mu,MorganFP_2004,0.0021433204856830344
res_mu,MorganFP_508,0.0021248819059837844
res_mu,fr_tetrazole,0.0021214131976885257
res_mu,Chi4v,0.0021015723494929263
res_mu,fr_amidine,0.002080309120654192
res_mu,MorganFP_1944,0.002078723937680479
res_mu,MorganFP_301,0.0020738059874383908
res_mu,Kappa2,0.002054882857888515
res_mu,MorganFP_11,0.0020496876808992967
res_mu,MorganFP_713,0.002039251271021783
res_mu,MorganFP_715,0.00203783872911481
res_mu,MorganFP_1004,0.0020330269040596247
res_mu,MorganFP_1391,0.0020309298556258
res_mu,MorganFP_305,0.00202076878059961
res_mu,MorganFP_225,0.0020032509086049684
res_mu,BalabanJ,0.002002696965800169
res_mu,NumSaturatedRings,0.001997260490590634
res_mu,MorganFP_1917,0.0019838988761839574
res_mu,fr_Ndealkylation2,0.00197266824084727
res_mu,MorganFP_17,0.0019659310675924644
res_mu,MorganFP_875,0.001961858058173675
res_mu,MorganFP_1928,0.0019504916833393508
res_mu,MorganFP_1677,0.00193816304899741
res_mu,MorganFP_1783,0.001929075959588772
res_mu,MorganFP_313,0.0019046776478262473
res_mu,MorganFP_550,0.0018975481020024744
res_mu,fr_lactam,0.001886463542088677
res_mu,MorganFP_1256,0.0018797316483423856
res_mu,MorganFP_1607,0.0018560735541395842
res_mu,MorganFP_222,0.0018525100982633375
res_mu,MorganFP_674,0.00185139405709333
res_mu,MorganFP_521,0.001835158049754682
res_mu,HeavyAtomCount,0.0018176185125589656
res_mu,MorganFP_706,0.0018103858956292243
res_mu,fr_piperdine,0.0017843317310316706
res_mu,fr_Ar_NH,0.00177632556658682
res_mu,MorganFP_669,0.0017739524838789294
res_mu,fr_allylic_oxid,0.0017581009998077662
res_mu,MorganFP_221,0.0017522314949575844
res_mu,MorganFP_655,0.001738975207211297
res_mu,MorganFP_1063,0.0017386907199397684
res_mu,MorganFP_1685,0.0017346900359752908
res_mu,MorganFP_1141,0.0017304479649502013
res_mu,VSA_EState4,0.0017296497040175608
res_mu,fr_furan,0.00172446391102676
res_mu,MorganFP_1854,0.0017201119687342726
res_mu,MorganFP_84,0.0017171387453863644
res_mu,VSA_EState9,0.001716890722800713
res_mu,fr_oxazole,0.0016914971112055354
res_mu,MorganFP_276,0.0016863833728630198
res_mu,MorganFP_238,0.0016845901392778372
res_mu,MorganFP_57,0.0016608596296279075
res_mu,MorganFP_1282,0.001652486227265399
res_mu,MorganFP_503,0.0016494992994694258
res_mu,MorganFP_602,0.0016401955405908667
res_mu,fr_Nhpyrrole,0.00163983221287981
res_mu,MorganFP_598,0.0016369141915006367
res_mu,MorganFP_1105,0.001632027236706108
res_mu,SMR_VSA1,0.0016316319648604534
res_mu,ExactMolWt,0.0016315852918633027
res_mu,MorganFP_1480,0.001601711459766193
res_mu,MorganFP_29,0.0015915482192649505
res_mu,MorganFP_1855,0.0015769905862584891
res_mu,MorganFP_115,0.0015764947101491345
res_mu,MorganFP_1858,0.0015763805098031299
res_mu,SlogP_VSA8,0.0015757611374903888
res_mu,MorganFP_854,0.0015501012643229614
res_mu,MorganFP_1496,0.0015444716887614048
res_mu,MorganFP_849,0.0015430642845235525
res_mu,MorganFP_932,0.0015355974508347572
res_mu,MorganFP_1162,0.001531835381266319
res_mu,MolWt,0.0015245522486998198
res_mu,MorganFP_403,0.0015230519458584695
res_mu,MorganFP_1407,0.0015173124324451238
res_mu,MorganFP_472,0.0015145483535416134
res_mu,MorganFP_684,0.0015084535990982602
res_mu,MorganFP_351,0.00150500158588693
res_mu,MorganFP_1950,0.0014972282864841873
res_mu,MorganFP_547,0.001497104310803479
res_mu,MorganFP_1440,0.0014840613456994518
res_mu,MorganFP_881,0.0014743620137960534
res_mu,MorganFP_106,0.0014583178851753473
res_mu,MorganFP_340,0.0014574677596192486
res_mu,MorganFP_1790,0.001457194345914843
res_mu,MorganFP_2035,0.001446910566770839
res_mu,MorganFP_588,0.0014413646341904496
res_mu,MorganFP_1575,0.0014276214840530756
res_mu,MorganFP_1241,0.0014246769384033656
res_mu,MorganFP_110,0.0014210129589946518
res_mu,MorganFP_1681,0.0014171223877683587
res_mu,MorganFP_455,0.001415800522170457
res_mu,MorganFP_1866,0.0014058286795243476
res_mu,MorganFP_1309,0.0013926047927084256
res_mu,MorganFP_943,0.0013761281364477328
res_mu,MorganFP_134,0.0013748843578214292
res_mu,MorganFP_1956,0.001373419381561689
res_mu,MorganFP_1416,0.0013714440211770125
res_mu,MorganFP_625,0.0013659720977884718
res_mu,MorganFP_1664,0.001362842086630735
res_mu,fr_ArN,0.0013608408204406714
res_mu,MorganFP_1603,0.00135646757575455
res_mu,MorganFP_27,0.0013353817161987536
res_mu,MorganFP_248,0.0013258205527313294
res_mu,MorganFP_2040,0.0013234699898125655
res_mu,MorganFP_1911,0.001318731393374037
res_mu,MorganFP_1910,0.0013043416805493847
res_mu,MorganFP_231,0.001303477847135852
res_mu,MorganFP_1096,0.0013024562275277276
res_mu,MorganFP_1070,0.001297358581548451
res_mu,MorganFP_1824,0.0012816833295305513
res_mu,MorganFP_1542,0.0012760724327431489
res_mu,MorganFP_531,0.0012680442045166274
res_mu,MorganFP_1593,0.0012545713851714027
res_mu,MorganFP_519,0.001252289537040184
res_mu,MorganFP_1101,0.00124087957740619
res_mu,MorganFP_1696,0.001240846382381278
res_mu,MorganFP_941,0.0012392157086796942
res_mu,MorganFP_470,0.0012238644781773474
res_mu,MorganFP_1748,0.0012220265974733024
res_mu,fr_urea,0.0012194920970350722
res_mu,MorganFP_848,0.0012122199384007218
res_mu,MorganFP_1399,0.0012071290282151495
res_mu,MorganFP_1243,0.0012045403914235067
res_mu,MorganFP_477,0.0011980332610745563
res_mu,MorganFP_1980,0.001193716570408924
res_mu,MorganFP_1765,0.0011884269691058763
res_mu,MorganFP_239,0.001187964784585347
res_mu,MorganFP_473,0.0011877478478709235
res_mu,fr_aryl_methyl,0.0011823836210205626
res_mu,MorganFP_1404,0.001180715043974999
res_mu,MorganFP_1839,0.001174076278638907
res_mu,MorganFP_1322,0.0011664242777624167
res_mu,MorganFP_397,0.0011573199610393204
res_mu,MorganFP_712,0.0011540448784635373
res_mu,Kappa1,0.0011468340061572917
res_mu,MorganFP_384,0.0011445127315255377
res_mu,MorganFP_1974,0.0011407701009245558
res_mu,MorganFP_1881,0.00114041871663278
res_mu,MorganFP_1803,0.0011401396833184663
res_mu,MorganFP_77,0.001139177027095684
res_mu,MorganFP_1009,0.0011318020321887446
res_mu,MorganFP_670,0.0011310821221977676
res_mu,MorganFP_651,0.0011300213042646306
res_mu,MorganFP_1493,0.0011287815691086963
res_mu,MorganFP_918,0.0011225915850136517
res_mu,MorganFP_1147,0.0011177789436197258
res_mu,MorganFP_242,0.0011053169429746958
res_mu,MorganFP_907,0.0010931223816878627
res_mu,MorganFP_1133,0.0010875738495246879
res_mu,MorganFP_1516,0.0010720457138313577
res_mu,MorganFP_900,0.00107100072158255
res_mu,MorganFP_247,0.001070526996163352
res_mu,MorganFP_1145,0.0010646150863818774
res_mu,LabuteASA,0.0010642459054540723
res_mu,MorganFP_692,0.0010616164034489657
res_mu,MorganFP_1592,0.0010606398756119687
res_mu,MorganFP_708,0.0010592650748731103
res_mu,MorganFP_1418,0.0010582110435611866
res_mu,MorganFP_1832,0.0010571847428469709
res_mu,NumValenceElectrons,0.0010561749694579703
res_mu,MorganFP_687,0.0010558268629231407
res_mu,MorganFP_410,0.0010546593916452877
res_mu,MorganFP_1040,0.001052282237322288
res_mu,MorganFP_821,0.001048923563118933
res_mu,MorganFP_1550,0.0010476147555925762
res_mu,MorganFP_1351,0.0010441383847646648
res_mu,MorganFP_1089,0.001043108923429827
res_mu,MorganFP_1126,0.0010324675760894023
res_mu,MorganFP_1791,0.001030562635894512
res_mu,MorganFP_210,0.0010304215034075241
res_mu,MorganFP_1238,0.0010302940274887079
res_mu,MorganFP_1745,0.0010176493717096377
res_mu,MorganFP_1860,0.0010146069081588393
res_mu,MorganFP_1466,0.0010134668632351804
res_mu,MorganFP_1205,0.0010067231694556539
res_mu,MorganFP_1656,0.0010037195860227825
res_mu,MorganFP_978,0.0010024308979159286
res_mu,MorganFP_1976,0.0010020173426834446
res_mu,MorganFP_1181,0.0010006470740572696
res_mu,MorganFP_613,0.0009964203070259145
res_mu,MorganFP_1498,0.000991036838785476
res_mu,MorganFP_1887,0.000990092698713056
res_mu,MorganFP_965,0.0009895210918325573
res_mu,MorganFP_888,0.000987055482445431
res_mu,MorganFP_1463,0.0009869650954242388
res_mu,MorganFP_823,0.0009859964249221776
res_mu,MorganFP_293,0.0009804406975217716
res_mu,fr_Ndealkylation1,0.0009783137618051114
res_mu,MorganFP_779,0.0009756116182973358
res_mu,MorganFP_1487,0.0009755852395296643
res_mu,MorganFP_147,0.0009734892001458206
res_mu,MorganFP_1259,0.0009734144815118669
res_mu,MorganFP_476,0.0009694247537404408
res_mu,MorganFP_264,0.000967143913985737
res_mu,MorganFP_492,0.0009622649061129777
res_mu,MorganFP_1922,0.0009490705163670476
res_mu,MorganFP_297,0.0009474176884820623
res_mu,MorganFP_1448,0.0009405481136895446
res_mu,MorganFP_794,0.0009398512989516803
res_mu,MorganFP_1810,0.0009375916411424896
res_mu,MorganFP_1482,0.0009359729918123775
res_mu,MorganFP_62,0.0009334623722024844
res_mu,MorganFP_535,0.0009313487788604107
res_mu,MorganFP_362,0.0009307342384190634
res_mu,MorganFP_1546,0.0009290659800846158
res_mu,MorganFP_1909,0.0009282978756992293
res_mu,MorganFP_515,0.0009272172377818606
res_mu,MorganFP_1564,0.0009253509208706418
res_mu,MorganFP_799,0.0009224995952371273
res_mu,MorganFP_332,0.0009215368138538907
res_mu,MorganFP_56,0.0009197301800377318
res_mu,MorganFP_1363,0.0009188777080189538
res_mu,MorganFP_465,0.0009180544199198266
res_mu,MorganFP_1143,0.0009173836284420531
res_mu,MorganFP_761,0.0009165528448641567
res_mu,MorganFP_2028,0.000915819581868476
res_mu,MorganFP_421,0.0009149767190977016
res_mu,MorganFP_1385,0.0009126515270934305
res_mu,MorganFP_300,0.0009107558174791848
res_mu,MorganFP_940,0.0009106646218601782
res_mu,MorganFP_345,0.0009057552278466119
res_mu,MorganFP_1312,0.0008999333035997665
res_mu,MorganFP_1657,0.0008914053648962863
res_mu,fr_priamide,0.0008874502920349059
res_mu,MorganFP_818,0.0008865797478883905
res_mu,MorganFP_392,0.0008836144475178571
res_mu,MorganFP_1584,0.0008799959559643753
res_mu,MorganFP_73,0.0008753684691642433
res_mu,MorganFP_1717,0.0008737581002353636
res_mu,MorganFP_162,0.0008733637086143063
res_mu,MorganFP_968,0.0008676023781299591
res_mu,MorganFP_280,0.0008659467337316755
res_mu,MorganFP_111,0.0008657738465356032
res_mu,MorganFP_975,0.000865759272980199
res_mu,MorganFP_970,0.0008650916993672695
res_mu,MorganFP_1952,0.0008579583995174289
res_mu,MorganFP_1585,0.0008551161500061539
res_mu,MorganFP_1366,0.0008536337339955935
res_mu,MorganFP_1431,0.0008535770331309322
res_mu,MorganFP_1173,0.0008520173384858936
res_mu,MorganFP_1726,0.0008518158319614883
res_mu,MorganFP_1747,0.0008507219918911346
res_mu,MorganFP_227,0.0008457186833702508
res_mu,MorganFP_316,0.0008439023315269196
res_mu,MorganFP_942,0.0008429002112428066
res_mu,MorganFP_1904,0.0008414576298408604
res_mu,MorganFP_1787,0.0008383243392420354
res_mu,MorganFP_1961,0.0008381913043810982
res_mu,MorganFP_1730,0.0008378272259661799
res_mu,MorganFP_422,0.0008361054441432998
res_mu,MorganFP_1672,0.0008339730180159676
res_mu,MorganFP_135,0.0008336163999248925
res_mu,MorganFP_128,0.0008302539154337865
res_mu,MorganFP_1971,0.0008288478740998358
res_mu,MorganFP_777,0.0008275827322683682
res_mu,MorganFP_1919,0.0008260261998993759
res_mu,MorganFP_866,0.0008250494024130148
res_mu,MorganFP_607,0.0008240674734770436
res_mu,MorganFP_666,0.0008238853380184992
res_mu,MorganFP_2007,0.0008170069162879372
res_mu,MorganFP_1415,0.0008166708508466627
res_mu,MorganFP_1809,0.0008164161926375755
res_mu,MorganFP_562,0.0008152552516667128
res_mu,MorganFP_1893,0.0008111874160641133
res_mu,MorganFP_798,0.0008105672629300216
res_mu,MorganFP_601,0.0008083125441512493
res_mu,MorganFP_1175,0.0008066730041882692
res_mu,fr_guanido,0.0008047924597181009
res_mu,MorganFP_164,0.0008034811227764748
res_mu,MorganFP_1718,0.0007962947917973722
res_mu,MorganFP_678,0.0007962389156885093
res_mu,MorganFP_1627,0.0007918502131508092
res_mu,MorganFP_48,0.0007912196896749748
res_mu,MorganFP_1506,0.0007899777785769402
res_mu,MorganFP_966,0.0007899055114830844
res_mu,MorganFP_249,0.0007845207951213525
res_mu,MorganFP_1698,0.0007825879343089355
res_mu,MorganFP_1867,0.0007825295889655308
res_mu,MorganFP_1772,0.0007813350744202126
res_mu,MorganFP_261,0.0007805367221008054
res_mu,MorganFP_1355,0.0007767591787665254
res_mu,MorganFP_1629,0.0007754082278361239
res_mu,fr_halogen,0.0007751209941006892
res_mu,MorganFP_358,0.0007728866728266439
res_mu,MorganFP_282,0.0007722183161081944
res_mu,MorganFP_1823,0.0007708734482574755
res_mu,MorganFP_246,0.0007693821347760376
res_mu,MorganFP_308,0.0007683785715237264
res_mu,MorganFP_617,0.0007640902084617664
res_mu,MorganFP_140,0.0007612761135717392
res_mu,MorganFP_1786,0.0007610840893862587
res_mu,MorganFP_914,0.0007572078202206285
res_mu,MorganFP_1963,0.0007560122415720797
res_mu,MorganFP_1552,0.000755881783688892
res_mu,MorganFP_142,0.0007554832954594986
res_mu,MorganFP_380,0.0007537097114125118
res_mu,MorganFP_718,0.0007526351189587786
res_mu,MorganFP_843,0.000751263466081582
res_mu,MorganFP_220,0.0007509784598152578
res_mu,MorganFP_924,0.0007501100491817852
res_mu,MorganFP_1842,0.0007496496843735941
res_mu,MorganFP_902,0.0007488008222985343
res_mu,MorganFP_120,0.0007479598580102902
res_mu,MorganFP_1374,0.0007470993442693725
res_mu,MorganFP_879,0.0007446329670372052
res_mu,MorganFP_1413,0.0007426149986429209
res_mu,MorganFP_1265,0.000742417158498938
res_mu,MorganFP_1476,0.0007402638704453466
res_mu,MorganFP_1711,0.0007382255819630927
res_mu,MorganFP_553,0.0007377577283880897
res_mu,MorganFP_1500,0.0007361935500396157
res_mu,MorganFP_806,0.0007324796510827128
res_mu,MorganFP_2027,0.0007317082697245496
res_mu,MorganFP_1760,0.0007312023733584283
res_mu,MorganFP_412,0.0007301614757509469
res_mu,MorganFP_959,0.000728660578614722
res_mu,MorganFP_447,0.0007283421359686599
res_mu,MorganFP_720,0.0007280831116504487
res_mu,MorganFP_1831,0.000725816580856474
res_mu,MorganFP_569,0.0007239637120360385
res_mu,MorganFP_464,0.0007232754994474817
res_mu,MorganFP_831,0.0007227925440759009
res_mu,MorganFP_211,0.0007204298911984779
res_mu,MorganFP_1739,0.0007195520795234884
res_mu,MorganFP_1263,0.0007136795171792727
res_mu,MorganFP_95,0.0007133369879138627
res_mu,fr_alkyl_halide,0.0007122867095276888
res_mu,MorganFP_482,0.0007106093712150141
res_mu,MorganFP_864,0.0007105281989919945
res_mu,MorganFP_417,0.0007103577686669311
res_mu,MorganFP_1073,0.0007102277198145259
res_mu,MorganFP_1872,0.0007079864472216286
res_mu,MorganFP_1150,0.0007058273357196398
res_mu,MorganFP_1459,0.0007055865178826935
res_mu,MorganFP_2038,0.0007055693136958325
res_mu,MorganFP_1159,0.0007050964014105147
res_mu,MorganFP_1486,0.0007050867788551613
res_mu,MorganFP_85,0.0007033066776666601
res_mu,MorganFP_1639,0.0006985873882076703
res_mu,MorganFP_1948,0.0006940399371087551
res_mu,MorganFP_302,0.0006910342929961643
res_mu,MorganFP_1879,0.0006910131732476046
res_mu,MorganFP_534,0.0006908954808659473
res_mu,MorganFP_566,0.0006893633940559311
res_mu,MorganFP_34,0.0006878083023921136
res_mu,MorganFP_930,0.0006826297342433918
res_mu,MorganFP_1990,0.0006822772232102352
res_mu,MorganFP_1670,0.0006820904879159571
res_mu,MorganFP_594,0.000681899914805399
res_mu,MorganFP_151,0.0006804211117223531
res_mu,MorganFP_1652,0.0006784155955151618
res_mu,MorganFP_349,0.0006780720619289014
res_mu,MorganFP_931,0.0006779141477072699
res_mu,MorganFP_241,0.0006769967731945598
res_mu,MorganFP_275,0.0006759883563116773
res_mu,MorganFP_1093,0.0006753539203027685
res_mu,MorganFP_1789,0.0006752692289983315
res_mu,MorganFP_1859,0.0006736428110143606
res_mu,MorganFP_1908,0.0006725756583718976
res_mu,MorganFP_1138,0.0006709678429851919
res_mu,MorganFP_1846,0.0006696454256623383
res_mu,MorganFP_1235,0.0006694987398936973
res_mu,MorganFP_1972,0.0006672479639864832
res_mu,MorganFP_201,0.0006666166554606434
res_mu,MorganFP_318,0.0006649350948882784
res_mu,MorganFP_937,0.0006614863354129738
res_mu,MorganFP_1967,0.0006608661401855898
res_mu,MorganFP_1665,0.0006605096904731909
res_mu,MorganFP_359,0.0006587844443236577
res_mu,MorganFP_226,0.0006585861388807644
res_mu,MorganFP_445,0.0006576585710236032
res_mu,MorganFP_1811,0.0006574756599571288
res_mu,MorganFP_291,0.0006571910030746011
res_mu,MorganFP_130,0.0006566022160282046
res_mu,MorganFP_26,0.0006563340987986522
res_mu,MorganFP_155,0.0006553493844839978
res_mu,MorganFP_2029,0.000654318031485218
res_mu,MorganFP_2005,0.0006542295779332789
res_mu,MorganFP_946,0.0006541708685690537
res_mu,MorganFP_31,0.0006535314079023919
res_mu,MorganFP_369,0.0006518673296873203
res_mu,MorganFP_2013,0.0006515730564603928
res_mu,MorganFP_895,0.000651231690540726
res_mu,MorganFP_1054,0.0006492508004221804
res_mu,MorganFP_1456,0.0006488673132837448
res_mu,MorganFP_614,0.0006471684288321739
res_mu,MorganFP_1425,0.0006462985915246691
res_mu,MorganFP_1539,0.0006461848590172395
res_mu,MorganFP_1741,0.0006434476617793052
res_mu,MorganFP_873,0.0006414651658005823
res_mu,MorganFP_1705,0.0006413916759527183
res_mu,MorganFP_1170,0.0006409501915004512
res_mu,MorganFP_181,0.0006397367249580412
res_mu,MorganFP_1523,0.0006391333178664808
res_mu,MorganFP_1723,0.0006379729598538688
res_mu,MorganFP_1613,0.000636699499842166
res_mu,MorganFP_561,0.0006361182928085327
res_mu,MorganFP_2,0.0006359903563154603
res_mu,MorganFP_13,0.0006349628379398382
res_mu,MorganFP_1894,0.0006346092147661153
res_mu,MorganFP_1327,0.0006306177737738494
res_mu,MorganFP_833,0.0006305793935279098
res_mu,MorganFP_182,0.0006299662982046357
res_mu,MorganFP_774,0.0006280155405920595
res_mu,MorganFP_575,0.0006276890794615611
res_mu,MorganFP_1294,0.0006264396065181472
res_mu,MorganFP_81,0.0006251495884333735
res_mu,MorganFP_2044,0.0006233109907871039
res_mu,MorganFP_406,0.0006226987999516496
res_mu,MorganFP_2025,0.0006218008797618495
res_mu,MorganFP_785,0.00062086151663447
res_mu,MorganFP_721,0.0006191053875013495
res_mu,MorganFP_1934,0.0006181359455462996
res_mu,MorganFP_1090,0.0006164125306531787
res_mu,MorganFP_1604,0.0006156153427305071
res_mu,MorganFP_911,0.0006154619414426179
res_mu,MorganFP_1902,0.0006152403691737618
res_mu,MorganFP_1130,0.0006152149113336236
res_mu,MorganFP_296,0.00061282978074928
res_mu,MorganFP_1453,0.0006127701722114978
res_mu,MorganFP_1540,0.0006115705491920381
res_mu,MorganFP_528,0.00061150989374255
res_mu,MorganFP_165,0.0006104649291338404
res_mu,MorganFP_391,0.0006096108262425446
res_mu,MorganFP_1530,0.000609530530522079
res_mu,MorganFP_1518,0.0006089772636823909
res_mu,MorganFP_716,0.0006083183446744442
res_mu,MorganFP_1168,0.0006078896616314751
res_mu,MorganFP_1554,0.0006059379388298112
res_mu,MorganFP_689,0.000605380940600952
res_mu,MorganFP_1586,0.0006050959818943511
res_mu,MorganFP_1075,0.0006031422374404372
res_mu,MorganFP_947,0.0006028852048743829
res_mu,MorganFP_1223,0.0006028113833632461
res_mu,MorganFP_1878,0.0006022362031478838
res_mu,MorganFP_1996,0.0006021638998320214
res_mu,MorganFP_1833,0.0006019881145830368
res_mu,MorganFP_545,0.0005997028908786888
res_mu,MorganFP_1941,0.0005996465590133652
res_mu,MorganFP_393,0.000598908446372775
res_mu,MorganFP_686,0.000598717949600541
res_mu,MorganFP_337,0.0005986000857874387
res_mu,MorganFP_1750,0.0005982091287468165
res_mu,MorganFP_468,0.0005975345791871405
res_mu,MorganFP_91,0.0005972130124308137
res_mu,MorganFP_533,0.0005969083529938075
res_mu,MorganFP_637,0.000595187134731134
res_mu,MorganFP_271,0.0005950055427019834
res_mu,MorganFP_1446,0.0005935489755919718
res_mu,MorganFP_1405,0.0005931261149829013
res_mu,MorganFP_586,0.0005925793594699655
res_mu,MorganFP_63,0.0005910837131343669
res_mu,MorganFP_386,0.000590630811776009
res_mu,MorganFP_2012,0.0005906127111056776
res_mu,MorganFP_1978,0.0005901865594137235
res_mu,MorganFP_868,0.0005899075119159534
res_mu,MorganFP_1236,0.0005891965693967904
res_mu,MorganFP_760,0.0005879133267467864
res_mu,MorganFP_826,0.0005877114733400504
res_mu,MorganFP_143,0.0005875301953963117
res_mu,MorganFP_434,0.0005866185821489011
res_mu,MorganFP_1794,0.0005853532728306163
res_mu,MorganFP_2030,0.0005847575528783864
res_mu,MorganFP_119,0.000584421512481768
res_mu,MorganFP_1455,0.0005816492484699864
res_mu,MorganFP_899,0.0005807240703693992
res_mu,MorganFP_129,0.0005803811575489703
res_mu,MorganFP_1468,0.0005797740397683242
res_mu,MorganFP_936,0.0005794293709131324
res_mu,MorganFP_1957,0.0005779921900320915
res_mu,MorganFP_615,0.000577298059728264
res_mu,MorganFP_1912,0.0005768856477563418
res_mu,MorganFP_1830,0.0005766889559641868
res_mu,MorganFP_2041,0.0005761367839095329
res_mu,MorganFP_228,0.0005760583579102452
res_mu,MorganFP_909,0.0005754494244051784
res_mu,MorganFP_193,0.0005747425440754342
res_mu,MorganFP_1333,0.0005731104347645726
res_mu,MorganFP_96,0.0005710392379105542
res_mu,MorganFP_1011,0.000570037977121558
res_mu,MorganFP_2045,0.0005688421561001746
res_mu,MorganFP_1474,0.0005663140757489202
res_mu,MorganFP_453,0.000566147061417098
res_mu,MorganFP_1125,0.0005660548069515415
res_mu,MorganFP_1044,0.0005655255592319008
res_mu,MorganFP_645,0.0005648722715486656
res_mu,MorganFP_1648,0.0005647202168155445
res_mu,MorganFP_1120,0.0005642684199118548
res_mu,MorganFP_1508,0.0005633751453308946
res_mu,MorganFP_1634,0.0005631527639237675
res_mu,MorganFP_1442,0.0005627845723970494
res_mu,MorganFP_1373,0.0005606848275710945
res_mu,MorganFP_1261,0.0005604462963848391
res_mu,MorganFP_1099,0.0005599685866206983
res_mu,MorganFP_41,0.0005596961726419068
res_mu,MorganFP_717,0.0005595471540419795
res_mu,MorganFP_446,0.0005588604665763341
res_mu,MorganFP_635,0.0005586236355346301
res_mu,MorganFP_668,0.000557746567339791
res_mu,MorganFP_108,0.0005556044124241453
res_mu,MorganFP_1056,0.0005555973871433527
res_mu,MorganFP_1675,0.000555454477403913
res_mu,MorganFP_1562,0.0005549037226134033
res_mu,MorganFP_1433,0.000554449105554113
res_mu,MorganFP_1439,0.0005538658826019117
res_mu,MorganFP_1563,0.0005537249058970986
res_mu,MorganFP_1134,0.0005530151311501186
res_mu,MorganFP_2023,0.000551634480525081
res_mu,MorganFP_474,0.0005510433780727908
res_mu,MorganFP_1511,0.0005487815866430311
res_mu,MorganFP_191,0.0005474414899297955
res_mu,MorganFP_1888,0.0005472914484463445
res_mu,MorganFP_102,0.0005462345259094263
res_mu,MorganFP_1030,0.0005457800406901185
res_mu,MorganFP_1121,0.0005456130621337252
res_mu,MorganFP_997,0.000544948096943699
res_mu,MorganFP_1389,0.000544245045194657
res_mu,MorganFP_2047,0.0005427728470420448
res_mu,MorganFP_23,0.0005418630320189095
res_mu,MorganFP_906,0.0005403176134285559
res_mu,MorganFP_1240,0.0005379774247257956
res_mu,MorganFP_367,0.0005379133965457186
res_mu,MorganFP_552,0.0005376182551445936
res_mu,MorganFP_1618,0.0005371427539786957
res_mu,MorganFP_2006,0.0005367715351499953
res_mu,MorganFP_1673,0.0005363863573608114
res_mu,MorganFP_252,0.0005362897505619913
res_mu,MorganFP_836,0.0005360444862941307
res_mu,MorganFP_1225,0.0005360286534416474
res_mu,MorganFP_2016,0.0005351089080729139
res_mu,MorganFP_1682,0.000534694806893949
res_mu,MorganFP_494,0.0005344558069623418
res_mu,MorganFP_1905,0.0005341942893619489
res_mu,MorganFP_154,0.0005338251825347129
res_mu,MorganFP_428,0.0005334093073922048
res_mu,MorganFP_816,0.0005314838700008977
res_mu,MorganFP_1877,0.0005304169219411392
res_mu,MorganFP_1880,0.000530071634186811
res_mu,MorganFP_1231,0.0005299324102020293
res_mu,MorganFP_1288,0.0005267775425151057
res_mu,MorganFP_25,0.0005256783260556404
res_mu,MorganFP_352,0.0005239330846093537
res_mu,MorganFP_775,0.000522152959432221
res_mu,MorganFP_1300,0.0005216173145367975
res_mu,MorganFP_1481,0.0005211090026255078
res_mu,MorganFP_1124,0.000520900975047482
res_mu,MorganFP_1743,0.0005197052499675152
res_mu,MorganFP_1913,0.0005189491379014726
res_mu,MorganFP_1526,0.0005181050314427723
res_mu,MorganFP_783,0.0005180966722426916
res_mu,MorganFP_1549,0.0005179214032461132
res_mu,MorganFP_92,0.0005178420794857175
res_mu,MorganFP_1642,0.0005166108039678648
res_mu,MorganFP_69,0.0005165590970084395
res_mu,MorganFP_511,0.0005159100309330142
res_mu,MorganFP_1861,0.0005149983164758396
res_mu,MorganFP_544,0.0005146360403140306
res_mu,MorganFP_1582,0.0005143007618103184
res_mu,MorganFP_1281,0.0005142750236561824
res_mu,MorganFP_1837,0.0005135385428114177
res_mu,MorganFP_1617,0.0005128792856771724
res_mu,MorganFP_22,0.0005127608342232292
res_mu,MorganFP_33,0.0005122298425114593
res_mu,MorganFP_610,0.0005119666929058439
res_mu,MorganFP_1244,0.0005117650867777001
res_mu,MorganFP_61,0.0005114178908520444
res_mu,MorganFP_435,0.0005111477974293166
res_mu,MorganFP_366,0.0005105848109428734
res_mu,MorganFP_1307,0.0005100403985915137
res_mu,MorganFP_1531,0.000509970120010621
res_mu,MorganFP_1069,0.0005095617784145361
res_mu,MorganFP_1671,0.0005076718776383586
res_mu,MorganFP_387,0.0005066980664176412
res_mu,MorganFP_1635,0.0005055312852930065
res_mu,MorganFP_701,0.0005054878909409126
res_mu,MorganFP_1029,0.0005050121017927722
res_mu,MorganFP_1013,0.0005042440007337063
res_mu,MorganFP_514,0.0005035135632749074
res_mu,MorganFP_753,0.0005031092526136547
res_mu,MorganFP_399,0.0005007872491669332
res_mu,MorganFP_987,0.0005004085744985786
res_mu,MorganFP_1340,0.0005001545893023831
res_mu,MorganFP_1483,0.0004995681312900615
res_mu,MorganFP_16,0.0004992268651338918
res_mu,MorganFP_1697,0.0004991724798409791
res_mu,MorganFP_1595,0.0004980222456206888
res_mu,MorganFP_19,0.000497385018512432
res_mu,MorganFP_1071,0.0004951799187761026
res_mu,MorganFP_1737,0.0004947369058040749
res_mu,MorganFP_664,0.0004943305780672347
res_mu,MorganFP_867,0.0004943168000654551
res_mu,MorganFP_267,0.0004939498696915621
res_mu,MorganFP_268,0.0004937577019856008
res_mu,MorganFP_504,0.0004936371780099762
res_mu,MorganFP_571,0.0004918841021906246
res_mu,MorganFP_1519,0.0004918641850983932
res_mu,MorganFP_1651,0.0004904080325427315
res_mu,MorganFP_682,0.0004903376815582305
res_mu,MorganFP_1536,0.0004902410605818659
res_mu,MorganFP_53,0.0004902266222452454
res_mu,MorganFP_212,0.0004900411872749544
res_mu,MorganFP_1293,0.000488831162226802
res_mu,MorganFP_507,0.00048775785476436797
res_mu,MorganFP_1176,0.0004873405856177442
res_mu,MorganFP_8,0.00048637889921837997
res_mu,MorganFP_1622,0.0004862729848417757
res_mu,MorganFP_488,0.0004859109827229986
res_mu,MorganFP_496,0.00048499682270283984
res_mu,MorganFP_1026,0.0004819874541965987
res_mu,MorganFP_1055,0.0004812943341026994
res_mu,MorganFP_1232,0.00048098530461993503
res_mu,MorganFP_803,0.0004806581582585068
res_mu,MorganFP_260,0.00048050662057801217
res_mu,MorganFP_526,0.0004802964289216902
res_mu,MorganFP_1706,0.00047930870954245107
res_mu,MorganFP_1473,0.00047791706556836287
res_mu,MorganFP_1620,0.00047707611537401817
res_mu,MorganFP_172,0.00047698639150712554
res_mu,MorganFP_395,0.0004763094857360102
res_mu,MorganFP_1695,0.00047609704714534474
res_mu,MorganFP_1836,0.00047542410375717734
res_mu,MorganFP_430,0.0004745542757432304
res_mu,MorganFP_1968,0.0004742307671813819
res_mu,MorganFP_1430,0.000474095916804572
res_mu,MorganFP_160,0.0004731469049363568
res_mu,MorganFP_1079,0.00047229754398722435
res_mu,MorganFP_1521,0.00047198115832679835
res_mu,MorganFP_870,0.00047178436263442335
res_mu,MorganFP_1951,0.0004701955212995017
res_mu,MorganFP_2026,0.00046959408139230163
res_mu,MorganFP_1149,0.0004693168676290043
res_mu,MorganFP_1362,0.0004689437594205117
res_mu,MorganFP_1375,0.0004681865804232075
res_mu,MorganFP_1489,0.0004680505484602691
res_mu,MorganFP_840,0.00046800680593742073
res_mu,MorganFP_1113,0.0004677209858567437
res_mu,MorganFP_152,0.00046667341707297714
res_mu,MorganFP_461,0.00046646558120937696
res_mu,MorganFP_1533,0.0004664285322766091
res_mu,MorganFP_433,0.00046633240945936905
res_mu,MorganFP_795,0.0004661401239504812
res_mu,MorganFP_150,0.00046570506967509573
res_mu,MorganFP_1091,0.00046533516231806973
res_mu,MorganFP_388,0.0004653321568681577
res_mu,MorganFP_1504,0.0004652902555619107
res_mu,MorganFP_1386,0.00046456251495874314
res_mu,MorganFP_1885,0.00046434551503989497
res_mu,MorganFP_1298,0.0004633766683327849
res_mu,MorganFP_2018,0.00046307368340279707
res_mu,MorganFP_1262,0.0004620504706002748
res_mu,MorganFP_654,0.00046168869429791926
res_mu,MorganFP_137,0.0004613881980176302
res_mu,MorganFP_361,0.00046063444979586166
res_mu,MorganFP_1840,0.0004605106562145238
res_mu,MorganFP_1383,0.0004603100304971122
res_mu,MorganFP_117,0.0004600868596048713
res_mu,MorganFP_205,0.0004590747355592839
res_mu,MorganFP_99,0.000458538184377602
res_mu,MorganFP_1435,0.0004565877035589452
res_mu,MorganFP_1148,0.00045622651366284116
res_mu,MorganFP_1616,0.00045605138667374946
res_mu,MorganFP_1517,0.00045464428530337384
res_mu,MorganFP_1801,0.0004541453015335719
res_mu,MorganFP_448,0.00045399892910779726
res_mu,MorganFP_1898,0.000453896215871282
res_mu,MorganFP_1371,0.0004538385247762733
res_mu,MorganFP_1447,0.00045304268350976427
res_mu,MorganFP_1773,0.00045259514172335004
res_mu,MorganFP_809,0.0004517163849709718
res_mu,MorganFP_457,0.000451642680554869
res_mu,MorganFP_1306,0.00044982904361427246
res_mu,MorganFP_1875,0.00044960115919839437
res_mu,MorganFP_1189,0.00044823925074908286
res_mu,MorganFP_487,0.0004479378607294677
res_mu,MorganFP_1608,0.00044775348500979817
res_mu,MorganFP_1612,0.0004457722742988608
res_mu,MorganFP_1731,0.000445735605225309
res_mu,MorganFP_234,0.00044520641668896135
res_mu,MorganFP_1185,0.00044476227208591014
res_mu,MorganFP_1492,0.0004446863002082466
res_mu,MorganFP_1674,0.0004442422890972466
res_mu,MorganFP_581,0.00044397490172292997
res_mu,MorganFP_893,0.00044369849548093045
res_mu,MorganFP_1227,0.0004425441682051883
res_mu,MorganFP_740,0.00044219657591455076
res_mu,MorganFP_1762,0.0004418100402315872
res_mu,MorganFP_1491,0.0004412313195035722
res_mu,MorganFP_255,0.00044006305122206866
res_mu,MorganFP_890,0.0004397346855985234
res_mu,MorganFP_1072,0.0004394476425006815
res_mu,MorganFP_1611,0.0004392295671852935
res_mu,MorganFP_1388,0.00043917263479295343
res_mu,MorganFP_1600,0.00043841044359146507
res_mu,MorganFP_884,0.00043826411484087656
res_mu,MorganFP_458,0.0004377137419951396
res_mu,MorganFP_1195,0.0004376660100163292
res_mu,MorganFP_1356,0.00043569024668317977
res_mu,MorganFP_748,0.00043496545162032875
res_mu,MorganFP_385,0.0004347980707825627
res_mu,MorganFP_1733,0.00043290474600621564
res_mu,MorganFP_1123,0.00043241792845317664
res_mu,MorganFP_1005,0.0004300359065691737
res_mu,MorganFP_491,0.00042996089293171735
res_mu,MorganFP_1835,0.0004287216599375938
res_mu,MorganFP_584,0.0004275980694413448
res_mu,MorganFP_415,0.00042721379571867147
res_mu,MorganFP_680,0.0004270033840329788
res_mu,MorganFP_1252,0.0004269842881729744
res_mu,MorganFP_1991,0.00042691357573153255
res_mu,MorganFP_1186,0.00042659900859179345
res_mu,MorganFP_1862,0.00042625588616215283
res_mu,MorganFP_1163,0.00042565620735729226
res_mu,MorganFP_161,0.0004255197242896429
res_mu,MorganFP_1020,0.0004254920016574033
res_mu,MorganFP_71,0.00042543650730590346
res_mu,MorganFP_855,0.00042487759187724805
res_mu,MorganFP_590,0.0004239896260784235
res_mu,MorganFP_846,0.00042380081869185915
res_mu,MorganFP_1808,0.0004235057392414845
res_mu,MorganFP_636,0.0004226178849646658
res_mu,MorganFP_237,0.00042222148566497706
res_mu,MorganFP_600,0.000421697310971922
res_mu,MorganFP_1993,0.00042067526398091104
res_mu,MorganFP_1676,0.00042049847410737586
res_mu,MorganFP_865,0.0004196236763780057
res_mu,MorganFP_1625,0.00041954398212510567
res_mu,MorganFP_1724,0.00041944945063119123
res_mu,MorganFP_582,0.000419292662209898
res_mu,MorganFP_1412,0.0004188550647878344
res_mu,MorganFP_1755,0.0004184144607139615
res_mu,MorganFP_1544,0.0004181296685501366
res_mu,MorganFP_1886,0.00041804172930665117
res_mu,MorganFP_573,0.00041730934958332
res_mu,MorganFP_1899,0.00041728790218738254
res_mu,MorganFP_824,0.00041720365058000653
res_mu,MorganFP_180,0.000415443469933507
res_mu,MorganFP_1849,0.00041532607863035764
res_mu,MorganFP_139,0.00041530958134694627
res_mu,MorganFP_187,0.000414968900688109
res_mu,MorganFP_283,0.00041444950887716914
res_mu,MorganFP_36,0.00041331496681556247
res_mu,MorganFP_812,0.00041313789380268415
res_mu,NumAromaticCarbocycles,0.0004131258841662202
res_mu,MorganFP_1589,0.00041275802692791784
res_mu,MorganFP_1964,0.0004120267418468302
res_mu,MorganFP_101,0.00040995554165101564
res_mu,MorganFP_2003,0.0004098981682241174
res_mu,MorganFP_842,0.00040973215447325374
res_mu,fr_alkyl_carbamate,0.0004090830204294775
res_mu,MorganFP_502,0.0004090366145412645
res_mu,MorganFP_1016,0.0004081556005210132
res_mu,MorganFP_1237,0.00040812791532297864
res_mu,MorganFP_1916,0.00040704056018495296
res_mu,MorganFP_1982,0.0004061766442594603
res_mu,MorganFP_1112,0.0004051430588945095
res_mu,MorganFP_2010,0.0004050363317745678
res_mu,MorganFP_956,0.00040488056514635673
res_mu,MorganFP_1556,0.0004048487760192074
res_mu,MorganFP_782,0.0004042977362940263
res_mu,MorganFP_1317,0.0004042968451976776
res_mu,MorganFP_413,0.0004035729821380301
res_mu,MorganFP_539,0.0004035412320663454
res_mu,MorganFP_629,0.00040316257589904583
res_mu,MorganFP_132,0.0004027614916540188
res_mu,MorganFP_1816,0.0004025481613201691
res_mu,MorganFP_1640,0.00040226902545691703
res_mu,MorganFP_723,0.00040120606170000885
res_mu,MorganFP_510,0.0004006532898897177
res_mu,MorganFP_784,0.00039998298635076426
res_mu,MorganFP_1638,0.0003998083712290281
res_mu,MorganFP_1118,0.00039952088239749627
res_mu,MorganFP_998,0.0003980665411772861
res_mu,MorganFP_1280,0.00039720365388106415
res_mu,MorganFP_2002,0.0003972024574446067
res_mu,MorganFP_1392,0.00039654932871872005
res_mu,MorganFP_862,0.0003963115006799853
res_mu,MorganFP_643,0.0003960341977754069
res_mu,MorganFP_416,0.000395547223897438
res_mu,MorganFP_1605,0.0003955339097644881
res_mu,MorganFP_39,0.0003952799013903672
res_mu,MorganFP_1870,0.00039461381675391747
res_mu,MorganFP_847,0.0003941469511109972
res_mu,MorganFP_612,0.0003935541635613617
res_mu,MorganFP_1937,0.0003934620689915391
res_mu,MorganFP_1570,0.00039333611529036714
res_mu,MorganFP_1108,0.0003932148095308605
res_mu,MorganFP_1039,0.0003930390777162529
res_mu,MorganFP_543,0.0003923198366498752
res_mu,MorganFP_1219,0.00039197907100046336
res_mu,MorganFP_638,0.0003911506057648921
res_mu,MorganFP_437,0.0003905248852713896
res_mu,MorganFP_1158,0.0003902328276983269
res_mu,MorganFP_114,0.0003901913453804013
res_mu,MorganFP_2036,0.00038908152499323026
res_mu,MorganFP_298,0.00038817261268150107
res_mu,MorganFP_660,0.0003881487498186971
res_mu,MorganFP_1347,0.00038812707358738406
res_mu,MorganFP_168,0.0003879659172469019
res_mu,MorganFP_505,0.0003877571852935944
res_mu,MorganFP_632,0.00038748973723289737
res_mu,MorganFP_627,0.00038728535557083885
res_mu,MorganFP_1906,0.00038724862330865407
res_mu,MorganFP_2042,0.00038695254329962835
res_mu,MorganFP_722,0.000386731127461303
res_mu,MorganFP_954,0.0003866338396495621
res_mu,MorganFP_1233,0.0003861392241444719
res_mu,MorganFP_1102,0.0003860357804836099
res_mu,MorganFP_1800,0.0003857051534992024
res_mu,MorganFP_1291,0.0003856869765659212
res_mu,MorganFP_299,0.0003855358158587023
res_mu,MorganFP_1454,0.00038520725327089166
res_mu,MorganFP_1609,0.0003848998002236641
res_mu,MorganFP_845,0.00038482351577090413
res_mu,MorganFP_1097,0.0003847682929977623
res_mu,MorganFP_1167,0.00038476180521973904
res_mu,MorganFP_1758,0.0003844166537843989
res_mu,MorganFP_554,0.00038439128683552326
res_mu,MorganFP_76,0.0003833497469049405
res_mu,MorganFP_250,0.0003832403120650838
res_mu,MorganFP_844,0.00038316515511831997
res_mu,MorganFP_1892,0.0003821378947235701
res_mu,MorganFP_1470,0.00038201167988381713
res_mu,MorganFP_1896,0.0003820036425852322
res_mu,MorganFP_1458,0.00038156590163907823
res_mu,MorganFP_769,0.00038114832639729454
res_mu,MorganFP_903,0.00038072994764075927
res_mu,MorganFP_176,0.0003800719844589793
res_mu,MorganFP_289,0.00037927062345079324
res_mu,MorganFP_217,0.00037907776888459923
res_mu,MorganFP_1151,0.0003789345643597244
res_mu,MorganFP_832,0.00037783604788046434
res_mu,MorganFP_478,0.0003775873728145598
res_mu,MorganFP_1751,0.0003773989714682102
res_mu,MorganFP_368,0.00037710431949198144
res_mu,MorganFP_1929,0.0003770614005691186
res_mu,MorganFP_730,0.0003766491238532126
res_mu,MorganFP_30,0.0003765703177314208
res_mu,MorganFP_411,0.0003755507960412388
res_mu,MorganFP_186,0.0003750014388138823
res_mu,MorganFP_1650,0.00037497794179205355
res_mu,MorganFP_400,0.0003748907811227582
res_mu,MorganFP_251,0.00037420095049822065
res_mu,MorganFP_463,0.0003740499073537649
res_mu,MorganFP_1763,0.0003735401917804495
res_mu,MorganFP_2017,0.0003735395089429403
res_mu,MorganFP_1590,0.00037308091651200927
res_mu,MorganFP_1179,0.0003728537625497097
res_mu,MorganFP_1335,0.0003724268251116882
res_mu,MorganFP_1863,0.000372092639869237
res_mu,MorganFP_1766,0.0003717105953151076
res_mu,MorganFP_894,0.0003711049819877701
res_mu,MorganFP_1066,0.0003704198979941111
res_mu,MorganFP_892,0.0003696830792025594
res_mu,MorganFP_1488,0.00036963957529439996
res_mu,MorganFP_1818,0.00036956712269451943
res_mu,MorganFP_1847,0.00036952331465232646
res_mu,MorganFP_1907,0.00036941279211652044
res_mu,MorganFP_321,0.00036915495021776223
res_mu,MorganFP_1441,0.000369134143024894
res_mu,MorganFP_683,0.00036860585440226144
res_mu,MorganFP_1048,0.00036756712937312843
res_mu,MorganFP_1303,0.0003674957954426077
res_mu,MorganFP_103,0.0003674205885571382
res_mu,MorganFP_409,0.00036644529883369614
res_mu,MorganFP_10,0.00036635754302278656
res_mu,MorganFP_436,0.0003661681679758999
res_mu,MorganFP_485,0.0003660031965910093
res_mu,MorganFP_335,0.0003653470421609768
res_mu,MorganFP_1693,0.00036527513349639664
res_mu,MorganFP_65,0.000364566753014401
res_mu,MorganFP_1230,0.00036409658036950533
res_mu,MorganFP_42,0.00036374670267105103
res_mu,MorganFP_827,0.00036301292572625245
res_mu,MorganFP_1353,0.00036277398827681395
res_mu,MorganFP_923,0.000361717614892882
res_mu,MorganFP_1187,0.0003608193430110589
res_mu,MorganFP_7,0.0003601998857707258
res_mu,MorganFP_1865,0.00035988655099896506
res_mu,MorganFP_1350,0.0003597292276275539
res_mu,MorganFP_733,0.0003596652701003222
res_mu,MorganFP_837,0.0003593799858796274
res_mu,MorganFP_170,0.00035865085480315883
res_mu,MorganFP_1485,0.00035847904029290235
res_mu,MorganFP_79,0.00035836518326422604
res_mu,MorganFP_693,0.0003583209612106941
res_mu,MorganFP_486,0.00035760756612842216
res_mu,MorganFP_639,0.0003575350922423297
res_mu,MorganFP_206,0.0003572712409619498
res_mu,MorganFP_1308,0.0003572232772760344
res_mu,MorganFP_429,0.00035659265495851855
res_mu,MorganFP_1764,0.00035553134574820434
res_mu,MorganFP_1271,0.00035552114474029394
res_mu,MorganFP_710,0.0003552897353989408
res_mu,MorganFP_1954,0.0003549425400461246
res_mu,MorganFP_438,0.0003547392184836724
res_mu,MorganFP_323,0.0003544688451051456
res_mu,MorganFP_1206,0.0003528404921128754
res_mu,MorganFP_97,0.0003527565370933985
res_mu,MorganFP_1932,0.00035246864695136535
res_mu,MorganFP_995,0.00035239989395495285
res_mu,MorganFP_1365,0.00035209115536670763
res_mu,MorganFP_1525,0.0003515955670376094
res_mu,MorganFP_885,0.00035065693017281776
res_mu,MorganFP_1509,0.0003506104445962137
res_mu,MorganFP_973,0.0003501688773612273
res_mu,MorganFP_265,0.00034972980153725076
res_mu,MorganFP_813,0.0003493686389797972
res_mu,MorganFP_425,0.0003489349608965995
res_mu,fr_piperzine,0.00034864872749623286
res_mu,MorganFP_1704,0.00034855298603622486
res_mu,MorganFP_1348,0.0003470005491157053
res_mu,MorganFP_897,0.0003466137202137425
res_mu,MorganFP_1248,0.0003465303527376591
res_mu,MorganFP_819,0.00034574420749055435
res_mu,MorganFP_1255,0.0003454515207579334
res_mu,MorganFP_1201,0.00034500055838444153
res_mu,MorganFP_174,0.0003448404065595696
res_mu,MorganFP_1161,0.0003442692512544454
res_mu,MorganFP_1889,0.00034386913398452634
res_mu,MorganFP_1193,0.0003437841481903661
res_mu,MorganFP_667,0.0003437277553189233
res_mu,MorganFP_1852,0.00034360439447976885
res_mu,MorganFP_537,0.00034356879952309783
res_mu,MorganFP_1264,0.0003429430065406791
res_mu,MorganFP_1883,0.0003427656683930991
res_mu,MorganFP_852,0.0003423524489043075
res_mu,MorganFP_591,0.000342060622509166
res_mu,MorganFP_1510,0.0003418619908384102
res_mu,MorganFP_1643,0.00034185239072959914
res_mu,MorganFP_620,0.0003417702994628371
res_mu,MorganFP_628,0.000341684852069875
res_mu,MorganFP_208,0.0003414327940322437
res_mu,MorganFP_1746,0.00034064332798766373
res_mu,MorganFP_1464,0.00034054892936228497
res_mu,MorganFP_971,0.000340289317921588
res_mu,MorganFP_1471,0.0003399728409533509
res_mu,MorganFP_1379,0.00033789308753694056
res_mu,MorganFP_1234,0.0003373745344101735
res_mu,MorganFP_1358,0.00033675297512991166
res_mu,MorganFP_1006,0.00033661412106243915
res_mu,MorganFP_1329,0.00033615941634479896
res_mu,MorganFP_1022,0.0003360740771349526
res_mu,MorganFP_1270,0.0003359240354319866
res_mu,MorganFP_1734,0.0003357980092065418
res_mu,MorganFP_471,0.0003351243951244669
res_mu,MorganFP_1411,0.000334125292920902
res_mu,MorganFP_1598,0.00033363854854275135
res_mu,MorganFP_524,0.0003334755295987577
res_mu,MorganFP_671,0.00033332020511352313
res_mu,MorganFP_789,0.00033314147530632
res_mu,MorganFP_1479,0.00033256302466421064
res_mu,MorganFP_641,0.00033204529310751243
res_mu,MorganFP_1352,0.00033171204857774226
res_mu,MorganFP_1999,0.00033165900127193025
res_mu,MorganFP_322,0.0003310426531787698
res_mu,MorganFP_334,0.0003308782895987861
res_mu,MorganFP_312,0.0003306005924306419
res_mu,MorganFP_1087,0.00033044061933368594
res_mu,MorganFP_456,0.00033012076393424647
res_mu,MorganFP_1686,0.00032867492829785763
res_mu,MorganFP_1394,0.00032858983554245923
res_mu,MorganFP_1851,0.0003281725444744268
res_mu,MorganFP_1115,0.0003281269005175318
res_mu,MorganFP_1970,0.0003280973550826047
res_mu,MorganFP_55,0.0003276283050422535
res_mu,MorganFP_1943,0.0003275290802585573
res_mu,fr_unbrch_alkane,0.00032750552265792976
res_mu,MorganFP_564,0.0003274770838075938
res_mu,MorganFP_207,0.00032626272179510704
res_mu,MorganFP_767,0.0003253617148921819
res_mu,MorganFP_1432,0.00032500448384553237
res_mu,MorganFP_285,0.00032488860089647175
res_mu,MorganFP_1283,0.00032483801238112166
res_mu,MorganFP_153,0.00032463881983275656
res_mu,MorganFP_1646,0.00032441993052270847
res_mu,MorganFP_541,0.00032399612015221636
res_mu,MorganFP_2008,0.0003233779346862775
res_mu,MorganFP_1495,0.0003232430053199096
res_mu,MorganFP_1137,0.00032320083033630454
res_mu,MorganFP_989,0.00032304329872738437
res_mu,MorganFP_1926,0.0003230193600802522
res_mu,MorganFP_331,0.00032300836345473274
res_mu,MorganFP_773,0.000322393340779854
res_mu,MorganFP_1199,0.00032204857514523153
res_mu,MorganFP_960,0.00032196350280992193
res_mu,MorganFP_141,0.0003216353081061243
res_mu,MorganFP_1551,0.0003207232127336965
res_mu,MorganFP_898,0.000320665959133521
res_mu,MorganFP_908,0.0003201469176096623
res_mu,MorganFP_1920,0.0003199395314347839
res_mu,MorganFP_933,0.00031971811221457
res_mu,MorganFP_1210,0.0003186356573497733
res_mu,MorganFP_1545,0.00031852571297031316
res_mu,MorganFP_681,0.0003184426542566143
res_mu,MorganFP_1275,0.00031816627804269617
res_mu,MorganFP_896,0.00031810078564444667
res_mu,MorganFP_1289,0.0003179578179333475
res_mu,MorganFP_1258,0.00031786750634080365
res_mu,MorganFP_856,0.0003178092819750873
res_mu,MorganFP_126,0.0003172485906041516
res_mu,MorganFP_743,0.00031720440397688777
res_mu,MorganFP_1663,0.0003170009379251724
res_mu,MorganFP_1729,0.0003165569697488877
res_mu,MorganFP_2020,0.00031645453533337786
res_mu,MorganFP_1200,0.0003163604265583899
res_mu,MorganFP_672,0.00031608009473643506
res_mu,MorganFP_1707,0.00031536100565760704
res_mu,MorganFP_1051,0.0003149644200837685
res_mu,MorganFP_592,0.00031398939254781053
res_mu,MorganFP_75,0.00031378754820056545
res_mu,MorganFP_286,0.00031343514692639475
res_mu,MorganFP_540,0.0003130662132257953
res_mu,MorganFP_1702,0.000312810002530739
res_mu,MorganFP_529,0.0003124700922127204
res_mu,MorganFP_1573,0.00031238540645051673
res_mu,MorganFP_1025,0.0003120309244099531
res_mu,MorganFP_240,0.00031190476900201246
res_mu,MorganFP_2046,0.0003114745278053306
res_mu,MorganFP_1931,0.00031137565285172284
res_mu,MorganFP_1684,0.00031136428219178926
res_mu,MorganFP_574,0.00031075545906716684
res_mu,MorganFP_192,0.0003106595916195616
res_mu,MorganFP_642,0.0003101041389725907
res_mu,MorganFP_1337,0.0003094138969434681
res_mu,MorganFP_1398,0.00030845524946835213
res_mu,MorganFP_1249,0.0003083241824585059
res_mu,MorganFP_454,0.00030766799678838194
res_mu,MorganFP_1709,0.00030736767780035736
res_mu,MorganFP_1402,0.0003072064818479703
res_mu,MorganFP_1160,0.000307195806494633
res_mu,MorganFP_1524,0.0003066339808762848
res_mu,MorganFP_593,0.0003065551784852687
res_mu,MorganFP_985,0.0003063704069397772
res_mu,MorganFP_2001,0.00030627545498529684
res_mu,MorganFP_1192,0.00030580854526192526
res_mu,MorganFP_131,0.00030507573852895574
res_mu,MorganFP_1692,0.00030504514877665657
res_mu,MorganFP_757,0.00030485153080257987
res_mu,MorganFP_1655,0.0003045875311221948
res_mu,MorganFP_1428,0.00030453365764905984
res_mu,MorganFP_1512,0.00030440019254683647
res_mu,MorganFP_711,0.00030439369666247274
res_mu,MorganFP_149,0.00030396031664069054
res_mu,MorganFP_1868,0.00030378482881940273
res_mu,MorganFP_1566,0.00030369375904319896
res_mu,MorganFP_1927,0.0003035732081408593
res_mu,MorganFP_324,0.0003033805696846912
res_mu,MorganFP_1127,0.00030332520309817924
res_mu,MorganFP_1528,0.00030325246473965085
res_mu,MorganFP_1477,0.00030324534085457346
res_mu,MorganFP_993,0.00030318363957303516
res_mu,MorganFP_1338,0.00030299127525040603
res_mu,MorganFP_1461,0.0003029882081646633
res_mu,MorganFP_765,0.0003027782860788193
res_mu,MorganFP_148,0.00030248099403877403
res_mu,MorganFP_801,0.00030246795086964084
res_mu,MorganFP_98,0.0003019988998017311
res_mu,MorganFP_522,0.00030143809525085886
res_mu,MorganFP_1031,0.0003013238987908835
res_mu,MorganFP_972,0.0003006261703362725
res_mu,MorganFP_1043,0.0003005575527583062
res_mu,MorganFP_1680,0.00029889661619029084
res_mu,MorganFP_910,0.0002987391386615741
res_mu,MorganFP_1838,0.0002986839071088525
res_mu,MorganFP_28,0.0002985614853917582
res_mu,MorganFP_2039,0.0002985025837651847
res_mu,MorganFP_469,0.00029832031615933377
res_mu,MorganFP_649,0.00029829795476803156
res_mu,MorganFP_1795,0.00029823122505331413
res_mu,MorganFP_158,0.00029822173955354003
res_mu,MorganFP_1942,0.0002981147406670743
res_mu,MorganFP_1581,0.0002979818899485167
res_mu,MorganFP_202,0.0002978396321357053
res_mu,MorganFP_726,0.00029766686890798157
res_mu,MorganFP_732,0.0002975577335882917
res_mu,MorganFP_738,0.0002970366889605316
res_mu,MorganFP_878,0.00029584379213025614
res_mu,MorganFP_1202,0.000295290757092971
res_mu,MorganFP_1304,0.0002952264125083772
res_mu,MorganFP_1247,0.00029515835391831047
res_mu,MorganFP_1467,0.00029468929201675566
res_mu,MorganFP_1408,0.0002945077822894291
res_mu,MorganFP_1341,0.00029450776557222015
res_mu,MorganFP_1537,0.00029448346651633983
res_mu,MorganFP_583,0.0002942530186960539
res_mu,MorganFP_86,0.00029424222201342333
res_mu,MorganFP_513,0.00029390804478180143
res_mu,MorganFP_1378,0.0002938869069409407
res_mu,MorganFP_796,0.0002937793928093697
res_mu,MorganFP_203,0.0002934046780438848
res_mu,MorganFP_1699,0.0002932088251240543
res_mu,MorganFP_426,0.00029313000464549076
res_mu,MorganFP_1183,0.0002929370707856798
res_mu,MorganFP_1553,0.00029234584012056075
res_mu,MorganFP_1844,0.0002923287058173116
res_mu,MorganFP_527,0.00029226991443175623
res_mu,MorganFP_3,0.0002920313123647702
res_mu,MorganFP_372,0.00029189157121260577
res_mu,MorganFP_1752,0.0002917604190984093
res_mu,MorganFP_1728,0.00029104307095155946
res_mu,MorganFP_244,0.0002908596449937022
res_mu,MorganFP_480,0.00029055868519685645
res_mu,MorganFP_1690,0.0002905361445616563
res_mu,MorganFP_1059,0.0002904378110010839
res_mu,MorganFP_1305,0.00029033074338804
res_mu,MorganFP_1538,0.0002902843979068166
res_mu,MorganFP_673,0.00028983259107917547
res_mu,MorganFP_1061,0.00028967379113960766
res_mu,MorganFP_1027,0.0002895266351115424
res_mu,MorganFP_572,0.000289273334651341
res_mu,MorganFP_401,0.0002892197863421302
res_mu,MorganFP_1342,0.00028913020674826837
res_mu,MorganFP_1930,0.0002889277910327337
res_mu,MorganFP_755,0.00028884419749192604
res_mu,MorganFP_859,0.00028844381059957416
res_mu,MorganFP_1334,0.00028813398439419305
res_mu,MorganFP_94,0.0002877223424418389
res_mu,MorganFP_869,0.0002877095291413241
res_mu,MorganFP_1871,0.0002875161414804097
res_mu,MorganFP_1661,0.00028750302203578215
res_mu,MorganFP_146,0.0002871539363357698
res_mu,MorganFP_414,0.0002870059842797446
res_mu,MorganFP_1628,0.00028670136409323277
res_mu,MorganFP_858,0.00028635978748070556
res_mu,MorganFP_1973,0.00028609080148839894
res_mu,MorganFP_479,0.0002855032070267498
res_mu,MorganFP_157,0.0002854379617772338
res_mu,MorganFP_2033,0.00028539739035107916
res_mu,MorganFP_838,0.00028534147894345097
res_mu,MorganFP_1826,0.00028525986160045136
res_mu,MorganFP_1918,0.00028477495455172174
res_mu,MorganFP_1678,0.0002847174916007589
res_mu,MorganFP_1557,0.00028445829370134847
res_mu,MorganFP_1296,0.0002841914903566476
res_mu,MorganFP_1641,0.0002838483400256386
res_mu,MorganFP_771,0.00028365196504141467
res_mu,MorganFP_752,0.00028329706841913094
res_mu,MorganFP_1182,0.00028319717845005243
res_mu,MorganFP_778,0.000283007701858196
res_mu,MorganFP_1472,0.00028283485297902187
res_mu,MorganFP_1812,0.00028261463173384984
res_mu,MorganFP_1328,0.0002824694714514635
res_mu,MorganFP_1267,0.0002813224590886421
res_mu,MorganFP_328,0.0002811785512906155
res_mu,MorganFP_1587,0.0002808305736805323
res_mu,MorganFP_1014,0.00027984582514991983
res_mu,MorganFP_677,0.00027983410330443805
res_mu,MorganFP_112,0.00027982281163237843
res_mu,MorganFP_556,0.0002794447335513155
res_mu,MorganFP_551,0.00027936091548281183
res_mu,MorganFP_1045,0.0002792708164975011
res_mu,MorganFP_1213,0.00027877618793127113
res_mu,MorganFP_243,0.00027860108980048894
res_mu,MorganFP_834,0.0002784475637236028
res_mu,MorganFP_82,0.0002779110204047868
res_mu,MorganFP_449,0.0002779002432919242
res_mu,MorganFP_939,0.0002778787181137545
res_mu,MorganFP_1828,0.0002777675040702263
res_mu,MorganFP_1503,0.00027716085104032115
res_mu,MorganFP_200,0.00027695311696990645
res_mu,MorganFP_1222,0.0002763860262930393
res_mu,MorganFP_54,0.000276378133286471
res_mu,MorganFP_1278,0.0002762456313528645
res_mu,MorganFP_1155,0.00027563713725649563
res_mu,MorganFP_699,0.0002755895903656551
res_mu,MorganFP_724,0.00027539897679082514
res_mu,MorganFP_764,0.00027536227768337084
res_mu,MorganFP_1429,0.0002751981048986636
res_mu,MorganFP_804,0.0002745380282668748
res_mu,MorganFP_1578,0.0002738829917511225
res_mu,MorganFP_805,0.0002738767470532366
res_mu,MorganFP_266,0.00027383654058667163
res_mu,MorganFP_1085,0.0002734809677723433
res_mu,MorganFP_520,0.0002733645276850325
res_mu,MorganFP_1403,0.0002733413475150428
res_mu,MorganFP_829,0.0002728290434271585
res_mu,MorganFP_727,0.00027263855795445126
res_mu,MorganFP_394,0.00027234963383705236
res_mu,MorganFP_1583,0.0002722777978720785
res_mu,MorganFP_929,0.00027225165964159714
res_mu,MorganFP_1315,0.00027217864487484887
res_mu,MorganFP_1008,0.0002720593278054366
res_mu,MorganFP_1820,0.0002719451176517396
res_mu,MorganFP_46,0.0002714015675915107
res_mu,MorganFP_1572,0.00027116653833536477
res_mu,MorganFP_1094,0.00027110569078104163
res_mu,MorganFP_1313,0.0002710498268684205
res_mu,MorganFP_817,0.00027099226024779457
res_mu,MorganFP_1933,0.00027092761385554454
res_mu,MorganFP_634,0.0002707020491361618
res_mu,MorganFP_872,0.00027045052331345685
res_mu,MorganFP_1064,0.00027024731895448895
res_mu,MorganFP_1687,0.0002698059391848915
res_mu,MorganFP_1515,0.0002697968720564177
res_mu,MorganFP_1768,0.0002695105932949105
res_mu,MorganFP_2021,0.000269196571889438
res_mu,MorganFP_559,0.0002691826113903062
res_mu,MorganFP_1422,0.0002690999378533121
res_mu,MorganFP_1076,0.00026900043174764223
res_mu,MorganFP_1129,0.0002688304048830332
res_mu,MorganFP_1465,0.0002681040602083158
res_mu,MorganFP_1198,0.0002680938235931194
res_mu,MorganFP_49,0.00026800830274171974
res_mu,MorganFP_389,0.00026784092506716207
res_mu,MorganFP_1035,0.00026765621857828136
res_mu,MorganFP_1667,0.000267626142129302
res_mu,MorganFP_1197,0.0002676166075344213
res_mu,MorganFP_1204,0.000267229952557102
res_mu,MorganFP_167,0.0002671180344341337
res_mu,MorganFP_1242,0.0002668697090440446
res_mu,MorganFP_325,0.00026661653121385595
res_mu,MorganFP_274,0.00026613971028314153
res_mu,MorganFP_538,0.00026566326286206276
res_mu,MorganFP_953,0.00026550379463260044
res_mu,fr_nitro,0.0002654178859502281
res_mu,MorganFP_1817,0.0002650411559758368
res_mu,MorganFP_424,0.0002645535656228901
res_mu,MorganFP_1095,0.00026429786433753577
res_mu,MorganFP_1649,0.00026425397023558615
res_mu,MorganFP_376,0.0002642124872238014
res_mu,MorganFP_886,0.0002639597665881297
res_mu,MorganFP_745,0.00026349042680682546
res_mu,MorganFP_709,0.00026341932304025306
res_mu,MorganFP_828,0.0002627683121170321
res_mu,MorganFP_284,0.00026259837036622
res_mu,MorganFP_1253,0.0002621281115270904
res_mu,MorganFP_68,0.0002619483729473586
res_mu,MorganFP_1021,0.0002618895610794425
res_mu,MorganFP_1694,0.0002616310366018766
res_mu,MorganFP_123,0.0002615297782908215
res_mu,MorganFP_1343,0.000261065717004044
res_mu,MorganFP_1601,0.00026073707445877403
res_mu,MorganFP_691,0.0002602739794538138
res_mu,MorganFP_253,0.0002602688285296608
res_mu,MorganFP_786,0.00026011906146197815
res_mu,MorganFP_580,0.000260079501401421
res_mu,MorganFP_232,0.000259538798364467
res_mu,MorganFP_1122,0.0002595184707618614
res_mu,MorganFP_1372,0.00025947194981259256
res_mu,MorganFP_1080,0.0002590253444992925
res_mu,MorganFP_815,0.000258797719567724
res_mu,MorganFP_373,0.0002585656289088547
res_mu,MorganFP_734,0.0002585293756884539
res_mu,MorganFP_758,0.000258064163724768
res_mu,MorganFP_214,0.0002580602127166003
res_mu,MorganFP_1767,0.0002579106451070743
res_mu,MorganFP_925,0.0002578122407917931
res_mu,MorganFP_766,0.000257684274596329
res_mu,MorganFP_1047,0.0002565635515102258
res_mu,MorganFP_652,0.0002565055396768372
res_mu,MorganFP_1144,0.00025618124948846344
res_mu,MorganFP_1769,0.00025601345390441566
res_mu,MorganFP_1250,0.00025582535166670086
res_mu,MorganFP_1715,0.0002552998026828703
res_mu,MorganFP_1732,0.0002552877745522437
res_mu,MorganFP_14,0.0002549035424942758
res_mu,MorganFP_1939,0.00025350043048229053
res_mu,MorganFP_646,0.00025349439156047994
res_mu,MorganFP_797,0.0002533366550118643
res_mu,MorganFP_1834,0.00025275234232259434
res_mu,MorganFP_1997,0.00025188034892700275
res_mu,MorganFP_1874,0.0002516667338635443
res_mu,MorganFP_704,0.00025153887262560203
res_mu,MorganFP_1421,0.0002515358941952854
res_mu,MorganFP_916,0.00025129797757347203
res_mu,MorganFP_927,0.00025037675761547005
res_mu,MorganFP_1624,0.00025018607095046263
res_mu,MorganFP_277,0.00025014330413927153
res_mu,MorganFP_229,0.0002501077613197822
res_mu,MorganFP_58,0.000249969787181044
res_mu,MorganFP_1599,0.00024980145419635844
res_mu,MorganFP_1588,0.00024978305435574555
res_mu,MorganFP_1779,0.00024977617194437584
res_mu,MorganFP_981,0.00024910323335848263
res_mu,MorganFP_169,0.0002487890634664609
res_mu,MorganFP_1977,0.00024844431919078145
res_mu,MorganFP_339,0.00024809285947435453
res_mu,MorganFP_90,0.0002473649181200699
res_mu,MorganFP_1959,0.00024726878393721563
res_mu,MorganFP_1100,0.00024697973611437354
res_mu,MorganFP_749,0.0002469507843386509
res_mu,MorganFP_1364,0.0002464977690459591
res_mu,MorganFP_1387,0.00024584582295028665
res_mu,MorganFP_922,0.0002457108288005116
res_mu,MorganFP_52,0.00024540620397226577
res_mu,MorganFP_608,0.0002453913057412507
res_mu,MorganFP_407,0.00024523259834290914
res_mu,MorganFP_1725,0.00024501120369927777
res_mu,MorganFP_1484,0.00024452933788313657
res_mu,MorganFP_1869,0.0002443948136842664
res_mu,MorganFP_595,0.00024434526081896027
res_mu,MorganFP_1140,0.000243868420034687
res_mu,MorganFP_1417,0.00024382571810684794
res_mu,MorganFP_1245,0.0002436546514084057
res_mu,MorganFP_1323,0.00024358340985963878
res_mu,MorganFP_1710,0.0002433126886176069
res_mu,MorganFP_913,0.0002432462375228397
res_mu,MorganFP_344,0.0002429739210482964
res_mu,MorganFP_850,0.00024289285488430324
res_mu,MorganFP_1938,0.00024236272172285567
res_mu,MorganFP_1788,0.00024231603727571384
res_mu,MorganFP_883,0.00024210411213334738
res_mu,MorganFP_969,0.00024161976278378461
res_mu,MorganFP_839,0.00024149119945235498
res_mu,MorganFP_1814,0.00024145120326161872
res_mu,MorganFP_781,0.00024127898104882206
res_mu,MorganFP_125,0.00024118085333452654
res_mu,MorganFP_644,0.0002410088378049977
res_mu,MorganFP_1050,0.00024003698622203728
res_mu,MorganFP_1998,0.0002400132961541246
res_mu,MorganFP_1229,0.0002396759103880868
res_mu,MorganFP_964,0.00023962313493032639
res_mu,MorganFP_1529,0.00023954662729966004
res_mu,MorganFP_444,0.00023948504080385647
res_mu,MorganFP_1216,0.00023940011538297769
res_mu,MorganFP_32,0.00023916646286477317
res_mu,fr_HOCCN,0.00023899198176900426
res_mu,MorganFP_330,0.00023892737265600772
res_mu,MorganFP_1357,0.00023866956867277622
res_mu,MorganFP_1131,0.00023806569538305667
res_mu,MorganFP_353,0.00023784327033121144
res_mu,MorganFP_78,0.0002377284945773539
res_mu,MorganFP_788,0.0002376877048737356
res_mu,MorganFP_402,0.00023767079910271604
res_mu,MorganFP_735,0.00023685236947028443
res_mu,MorganFP_596,0.00023663744267992114
res_mu,MorganFP_606,0.00023625758182652134
res_mu,MorganFP_736,0.0002360630697119177
res_mu,MorganFP_1771,0.00023605637192275708
res_mu,MorganFP_1520,0.00023532153780146813
res_mu,MorganFP_1884,0.000235168179710854
res_mu,MorganFP_1541,0.0002342746118811192
res_mu,MorganFP_1989,0.00023406823414029532
res_mu,MorganFP_490,0.00023406481381379508
res_mu,MorganFP_1218,0.0002338783841023968
res_mu,MorganFP_37,0.00023293522630402208
res_mu,MorganFP_945,0.00023290847134808246
res_mu,MorganFP_348,0.00023281318321824075
res_mu,MorganFP_920,0.00023266041126089476
res_mu,MorganFP_1882,0.00023252369818158058
res_mu,MorganFP_1314,0.00023237575227699381
res_mu,MorganFP_2009,0.00023199817301855318
res_mu,MorganFP_1615,0.0002314550118449006
res_mu,MorganFP_548,0.00023114148773746023
res_mu,MorganFP_1117,0.00023078847539818525
res_mu,MorganFP_1701,0.00023043943827173762
res_mu,MorganFP_1981,0.00023014781050778767
res_mu,MorganFP_597,0.0002296016793596536
res_mu,MorganFP_1727,0.0002292744967368776
res_mu,MorganFP_1774,0.000229187629871916
res_mu,MorganFP_688,0.0002290443852935411
res_mu,MorganFP_21,0.00022889263921604196
res_mu,MorganFP_904,0.0002287878394126892
res_mu,MorganFP_714,0.00022844070463600018
res_mu,MorganFP_1277,0.00022785145612436964
res_mu,MorganFP_379,0.00022756399706850062
res_mu,MorganFP_742,0.00022747055686465954
res_mu,MorganFP_1169,0.00022734711270726394
res_mu,MorganFP_258,0.00022715455727120572
res_mu,MorganFP_1437,0.00022679531144217436
res_mu,MorganFP_1077,0.00022674112779316147
res_mu,MorganFP_70,0.00022653943400041497
res_mu,MorganFP_546,0.00022612786272463835
res_mu,MorganFP_657,0.00022601359065851058
res_mu,MorganFP_1142,0.000224447182464246
res_mu,MorganFP_1780,0.00022438742621534402
res_mu,MorganFP_1799,0.00022408634126634298
res_mu,MorganFP_658,0.00022379793187420204
res_mu,MorganFP_1827,0.00022377264847591504
res_mu,MorganFP_770,0.00022374193393739005
res_mu,MorganFP_1778,0.0002235697403423842
res_mu,MorganFP_1700,0.00022327959485289738
res_mu,MorganFP_420,0.0002232318492656873
res_mu,MorganFP_1330,0.0002229400273949409
res_mu,MorganFP_702,0.00022268182481332134
res_mu,MorganFP_762,0.00022204889960767104
res_mu,MorganFP_1336,0.00022164484802419794
res_mu,MorganFP_589,0.00022161934832081443
res_mu,MorganFP_1806,0.00022141695419877828
res_mu,MorganFP_1558,0.00022138243580255334
res_mu,MorganFP_1497,0.00022132927122686397
res_mu,MorganFP_1082,0.00022121716290712356
res_mu,MorganFP_1987,0.00022108632203882907
res_mu,MorganFP_1286,0.00022107781321744824
res_mu,MorganFP_1427,0.00022104597467910024
res_mu,MorganFP_1462,0.00022098945565068105
res_mu,MorganFP_443,0.00022079761019301713
res_mu,MorganFP_648,0.0002207729600629591
res_mu,MorganFP_763,0.00022063932548235243
res_mu,MorganFP_24,0.00022039005970145807
res_mu,MorganFP_1208,0.000220321605007058
res_mu,MorganFP_310,0.0002199934311211109
res_mu,MorganFP_1053,0.0002199259959917299
res_mu,MorganFP_1107,0.0002198939300659788
res_mu,MorganFP_577,0.00021976436771927864
res_mu,MorganFP_419,0.00021894654814151693
res_mu,MorganFP_555,0.00021875149924846938
res_mu,MorganFP_676,0.00021856623089161077
res_mu,MorganFP_178,0.00021843498973646546
res_mu,MorganFP_179,0.00021818095573041774
res_mu,MorganFP_1853,0.00021808580548230338
res_mu,MorganFP_1660,0.0002180572861481096
res_mu,MorganFP_1424,0.00021804864723196714
res_mu,MorganFP_333,0.00021796670893081682
res_mu,MorganFP_1194,0.00021770570901026077
res_mu,MorganFP_1645,0.00021687417704148972
res_mu,MorganFP_60,0.00021654667578206954
res_mu,MorganFP_1269,0.00021642149836657154
res_mu,MorganFP_1716,0.0002162468083533895
res_mu,MorganFP_1033,0.000216154679188449
res_mu,MorganFP_996,0.00021540142057966703
res_mu,MorganFP_1955,0.00021497468506322549
res_mu,MorganFP_118,0.00021490422561510058
res_mu,MorganFP_999,0.00021456961468152257
res_mu,MorganFP_1450,0.00021410518311404302
res_mu,MorganFP_700,0.00021339610917749495
res_mu,MorganFP_1754,0.0002133088510502148
res_mu,MorganFP_219,0.00021283279654272746
res_mu,MorganFP_116,0.0002127677147726885
res_mu,MorganFP_184,0.00021242417210974907
res_mu,MorganFP_67,0.00021217629357045097
res_mu,MorganFP_921,0.00021186706841479008
res_mu,MorganFP_992,0.00021173588092290174
res_mu,MorganFP_1032,0.00021149604271710132
res_mu,MorganFP_1400,0.000210970226675272
res_mu,MorganFP_1287,0.00021086993429787526
res_mu,MorganFP_418,0.00021059359437370517
res_mu,MorganFP_957,0.00021058575666307178
res_mu,MorganFP_917,0.0002104904766127902
res_mu,MorganFP_405,0.00021004915205256224
res_mu,MorganFP_1445,0.0002092657591967395
res_mu,MorganFP_163,0.0002092158640105346
res_mu,MorganFP_1659,0.00020909593867918374
res_mu,MorganFP_1606,0.000208714010648805
res_mu,MorganFP_1018,0.00020840317503237316
res_mu,MorganFP_1610,0.00020840291491637685
res_mu,fr_benzene,0.00020817946495856176
res_mu,MorganFP_661,0.00020804159694520763
res_mu,MorganFP_20,0.00020788412541151047
res_mu,MorganFP_347,0.000207722404666697
res_mu,MorganFP_1036,0.0002077040448784828
res_mu,MorganFP_1960,0.00020758674614717166
res_mu,MorganFP_381,0.00020746368819118288
res_mu,MorganFP_983,0.0002072568240638475
res_mu,MorganFP_1514,0.0002072431817650795
res_mu,MorganFP_808,0.00020694307784543752
res_mu,MorganFP_1110,0.00020682238505037275
res_mu,MorganFP_1279,0.00020677034495207634
res_mu,MorganFP_236,0.00020669698767528645
res_mu,MorganFP_1626,0.00020663607493042946
res_mu,MorganFP_319,0.00020642860562895748
res_mu,MorganFP_144,0.00020611920789974646
res_mu,MorganFP_9,0.00020598492934345813
res_mu,MorganFP_1777,0.0002059572255097919
res_mu,MorganFP_938,0.00020584537330262264
res_mu,MorganFP_1196,0.00020581664048103222
res_mu,MorganFP_579,0.00020560375623644944
res_mu,MorganFP_1744,0.00020540176118072394
res_mu,MorganFP_257,0.00020540110697209
res_mu,MorganFP_1299,0.0002053573614484776
res_mu,MorganFP_1947,0.00020523643655566558
res_mu,MorganFP_440,0.000204759649056129
res_mu,MorganFP_93,0.0002046306635388646
res_mu,MorganFP_355,0.00020419141006897235
res_mu,MorganFP_901,0.00020412826303345356
res_mu,MorganFP_1668,0.0002038801277976745
res_mu,MorganFP_986,0.00020377178749970425
res_mu,MorganFP_2011,0.00020330123557913283
res_mu,MorganFP_560,0.00020298316778863068
res_mu,MorganFP_109,0.00020277526389563148
res_mu,MorganFP_6,0.00020267675406853415
res_mu,MorganFP_1376,0.00020260607865753855
res_mu,MorganFP_1478,0.00020201709918262622
res_mu,MorganFP_499,0.000201709781241334
res_mu,MorganFP_1049,0.00020132536712421257
res_mu,MorganFP_183,0.00019961563859999387
res_mu,MorganFP_1212,0.00019961135952996755
res_mu,MorganFP_707,0.0001995423354101149
res_mu,MorganFP_1139,0.00019931790231169088
res_mu,MorganFP_1547,0.0001992238276468772
res_mu,MorganFP_1658,0.00019909948790589738
res_mu,MorganFP_1414,0.00019890230195653658
res_mu,MorganFP_197,0.00019881922425429366
res_mu,MorganFP_963,0.00019853206009861423
res_mu,MorganFP_45,0.00019851306743228747
res_mu,MorganFP_1157,0.00019692166269875245
res_mu,MorganFP_1940,0.00019676229761563492
res_mu,MorganFP_304,0.00019597661161205337
res_mu,MorganFP_1891,0.0001956676282643457
res_mu,MorganFP_1522,0.00019557446259054246
res_mu,MorganFP_2043,0.00019551674836301914
res_mu,MorganFP_994,0.00019541854056842568
res_mu,MorganFP_1153,0.00019515896022932112
res_mu,MorganFP_1992,0.0001951404911249597
res_mu,MorganFP_857,0.0001950580381845839
res_mu,MorganFP_825,0.00019489877148248525
res_mu,MorganFP_462,0.0001948820740498718
res_mu,MorganFP_1759,0.0001947464717302978
res_mu,MorganFP_731,0.00019473296589967503
res_mu,MorganFP_223,0.00019461206575425294
res_mu,MorganFP_814,0.00019456795643858982
res_mu,MorganFP_171,0.00019438045232300283
res_mu,MorganFP_1848,0.00019429404111637893
res_mu,MorganFP_1324,0.00019202765935960996
res_mu,MorganFP_568,0.00019136723462364103
res_mu,MorganFP_1669,0.0001909270635392204
res_mu,MorganFP_525,0.00019057225891208417
res_mu,MorganFP_558,0.00019050777387747076
res_mu,MorganFP_1068,0.00018984494456168478
res_mu,MorganFP_863,0.00018981142907794534
res_mu,MorganFP_1297,0.00018980686804758308
res_mu,MorganFP_396,0.0001897135093012423
res_mu,MorganFP_1813,0.00018921733430001097
res_mu,MorganFP_1845,0.00018876875443292818
res_mu,MorganFP_630,0.00018851832759494869
res_mu,MorganFP_1614,0.00018845150162533742
res_mu,MorganFP_2019,0.00018841406050304244
res_mu,MorganFP_1290,0.00018835216716539093
res_mu,MorganFP_876,0.00018794714355874475
res_mu,MorganFP_1623,0.00018788167070715644
res_mu,MorganFP_216,0.0001874332444638469
res_mu,MorganFP_1864,0.00018703194510089817
res_mu,MorganFP_1119,0.00018621301799316825
res_mu,MorganFP_737,0.00018596883075355208
res_mu,MorganFP_1295,0.00018556887349885186
res_mu,MorganFP_703,0.00018547551499634095
res_mu,MorganFP_1654,0.000185416020049729
res_mu,MorganFP_1569,0.0001853551919302845
res_mu,MorganFP_1302,0.0001847354264286878
res_mu,MorganFP_1571,0.00018384214127088684
res_mu,MorganFP_1555,0.00018375305726227965
res_mu,MorganFP_360,0.00018338811643263853
res_mu,MorganFP_121,0.0001833005835859467
res_mu,MorganFP_383,0.0001832623257320165
res_mu,MorganFP_1591,0.00018279446727160575
res_mu,MorganFP_279,0.0001827605437534885
res_mu,MorganFP_320,0.0001823338312309435
res_mu,MorganFP_744,0.00018195540893911754
res_mu,MorganFP_166,0.00018193643775873624
res_mu,MorganFP_1190,0.00018165537498689589
res_mu,MorganFP_1346,0.00018162460715892337
res_mu,MorganFP_269,0.00018146544964935173
res_mu,MorganFP_549,0.00018131184379512887
res_mu,MorganFP_481,0.00018131167162209748
res_mu,MorganFP_273,0.00018090674743848466
res_mu,MorganFP_1719,0.00018021467053023344
res_mu,MorganFP_1802,0.00018011123768724247
res_mu,MorganFP_1736,0.0001796535374674022
res_mu,MorganFP_133,0.00017955716103199392
res_mu,MorganFP_1712,0.00017936064704493048
res_mu,MorganFP_1900,0.00017929147934508637
res_mu,MorganFP_2014,0.00017919674864168655
res_mu,MorganFP_295,0.0001786148705196666
res_mu,MorganFP_122,0.00017845059001822961
res_mu,MorganFP_1436,0.00017808069574661546
res_mu,MorganFP_363,0.00017793063207280113
res_mu,MorganFP_1084,0.00017789327042690316
res_mu,MorganFP_498,0.00017766645453622232
res_mu,MorganFP_880,0.00017737537042876285
res_mu,MorganFP_889,0.00017736766914943302
res_mu,MorganFP_977,0.00017707021498461018
res_mu,MorganFP_512,0.0001770464866321504
res_mu,MorganFP_1949,0.0001768314068051069
res_mu,MorganFP_199,0.00017656316844443155
res_mu,MorganFP_1798,0.00017613442394250002
res_mu,MorganFP_951,0.0001759649717021148
res_mu,MorganFP_501,0.00017578299792751296
res_mu,MorganFP_451,0.00017563514107183663
res_mu,MorganFP_1228,0.00017518683522939682
res_mu,MorganFP_1936,0.00017503542251199632
res_mu,MorganFP_336,0.0001748448915972709
res_mu,MorganFP_365,0.00017424683122845862
res_mu,MorganFP_1857,0.0001738910650448986
res_mu,MorganFP_530,0.00017381051920213508
res_mu,MorganFP_1666,0.00017350619087581266
res_mu,MorganFP_484,0.00017305142635268565
res_mu,MorganFP_1543,0.0001727997213602066
res_mu,MorganFP_1318,0.00017276224946328968
res_mu,MorganFP_1042,0.0001726280370871649
res_mu,MorganFP_811,0.00017257348522423398
res_mu,MorganFP_190,0.0001724412813782692
res_mu,MorganFP_1513,0.00017237851033144124
res_mu,MorganFP_1382,0.00017208277262466254
res_mu,MorganFP_218,0.00017135553492498445
res_mu,MorganFP_961,0.00017093848553980707
res_mu,MorganFP_1377,0.0001708361016379172
res_mu,MorganFP_1214,0.00017062340834786484
res_mu,MorganFP_1805,0.00017057516811283335
res_mu,MorganFP_1443,0.00017046798049432255
res_mu,MorganFP_87,0.00017046693723168005
res_mu,MorganFP_1285,0.00017033222963686967
res_mu,MorganFP_1793,0.00017009445181409433
res_mu,MorganFP_1499,0.00016976031328999852
res_mu,MorganFP_1856,0.00016959939403750468
res_mu,MorganFP_633,0.0001694434955716133
res_mu,MorganFP_1260,0.0001690320058357102
res_mu,MorganFP_194,0.00016884596373094497
res_mu,MorganFP_356,0.00016864269226789474
res_mu,MorganFP_1420,0.00016752008818156128
res_mu,MorganFP_1065,0.0001673821445939865
res_mu,MorganFP_1576,0.00016679869478081598
res_mu,MorganFP_1272,0.00016658599602072853
res_mu,MorganFP_195,0.0001664675997634504
res_mu,MorganFP_311,0.00016618063258087544
res_mu,MorganFP_1749,0.00016614875900984317
res_mu,MorganFP_944,0.00016614012819057678
res_mu,MorganFP_990,0.00016612264800278353
res_mu,MorganFP_1621,0.00016574888812783683
res_mu,MorganFP_1983,0.00016574557764340625
res_mu,MorganFP_791,0.00016511865633231083
res_mu,MorganFP_1876,0.00016494188993610237
res_mu,MorganFP_450,0.00016411017853215526
res_mu,MorganFP_1925,0.0001637599936062415
res_mu,MorganFP_1761,0.00016365527242872703
res_mu,MorganFP_278,0.0001634539275327711
res_mu,MorganFP_1721,0.0001633599996623616
res_mu,MorganFP_1475,0.0001625198330202693
res_mu,MorganFP_329,0.0001620841313753374
res_mu,MorganFP_1596,0.00016202241265189342
res_mu,MorganFP_1007,0.00016174363345714936
res_mu,MorganFP_1574,0.00016169745711096085
res_mu,MorganFP_1390,0.000161670735230814
res_mu,MorganFP_793,0.0001609133485694656
res_mu,MorganFP_1897,0.00016075875621048396
res_mu,MorganFP_1221,0.00016069778780517652
res_mu,MorganFP_235,0.00016047133000016346
res_mu,MorganFP_460,0.00016035572994647394
res_mu,MorganFP_404,0.00016033405533187305
res_mu,MorganFP_113,0.00016000698506832124
res_mu,MorganFP_213,0.00015989802248478214
res_mu,MorganFP_976,0.00015987762331759825
res_mu,MorganFP_338,0.0001594732161513761
res_mu,MorganFP_1081,0.000158982919177447
res_mu,MorganFP_991,0.00015884389534221555
res_mu,MorganFP_1632,0.00015861792862415314
res_mu,MorganFP_306,0.00015846656731764597
res_mu,MorganFP_1986,0.00015784678608179092
res_mu,MorganFP_177,0.00015782094433026828
res_mu,MorganFP_621,0.00015746877589077713
res_mu,MorganFP_1653,0.0001573552177985391
res_mu,MorganFP_603,0.0001569356088381255
res_mu,MorganFP_272,0.0001568866084751992
res_mu,MorganFP_1714,0.0001568196243013631
res_mu,MorganFP_204,0.00015664972638978724
res_mu,MorganFP_1058,0.00015628261827186306
res_mu,MorganFP_357,0.00015584138365873912
res_mu,MorganFP_1319,0.00015578694254099901
res_mu,MorganFP_988,0.0001553967442256976
res_mu,MorganFP_1217,0.00015481035394805076
res_mu,MorganFP_1000,0.00015467152683644691
res_mu,MorganFP_1988,0.00015441790223121642
res_mu,MorganFP_341,0.00015430791668882192
res_mu,MorganFP_1490,0.00015400896943992847
res_mu,MorganFP_1753,0.00015304426694594042
res_mu,MorganFP_290,0.000152073432864384
res_mu,MorganFP_830,0.00015183221439302486
res_mu,MorganFP_1203,0.00015106156238726598
res_mu,MorganFP_1975,0.0001506184145084717
res_mu,MorganFP_1166,0.0001503089997366942
res_mu,MorganFP_1266,0.00015004725287302278
res_mu,MorganFP_792,0.000149825050913023
res_mu,MorganFP_567,0.00014946211400138055
res_mu,MorganFP_877,0.00014923187276784234
res_mu,MorganFP_967,0.00014914670533968888
res_mu,MorganFP_1708,0.0001490342933629023
res_mu,MorganFP_768,0.00014870155808057462
res_mu,MorganFP_350,0.00014826138153517832
res_mu,MorganFP_326,0.00014789711334686116
res_mu,MorganFP_89,0.00014769654854990223
res_mu,MorganFP_1037,0.00014765687170495312
res_mu,MorganFP_66,0.00014732682211288762
res_mu,MorganFP_1637,0.00014694459305201235
res_mu,MorganFP_882,0.00014670277386903764
res_mu,MorganFP_1116,0.00014645312957954103
res_mu,MorganFP_659,0.0001462578271689381
res_mu,MorganFP_690,0.00014603082921443898
res_mu,MorganFP_354,0.00014554499446602166
res_mu,MorganFP_1209,0.00014510445799476203
res_mu,MorganFP_1301,0.00014487373178869234
res_mu,MorganFP_1630,0.00014436063429440084
res_mu,MorganFP_104,0.00014417679502821555
res_mu,MorganFP_2015,0.0001439610122222348
res_mu,MorganFP_1953,0.00014359852367255144
res_mu,MorganFP_382,0.0001428053081035614
res_mu,MorganFP_578,0.00014278922866137121
res_mu,MorganFP_1395,0.0001427668059733378
res_mu,MorganFP_2037,0.0001424127174560681
res_mu,MorganFP_1720,0.00014237189574214427
res_mu,MorganFP_1273,0.00014218220114707946
res_mu,MorganFP_1966,0.00014213807811006517
res_mu,MorganFP_618,0.00014193178453166411
res_mu,MorganFP_1246,0.00014192567975783278
res_mu,MorganFP_980,0.0001418292748791714
res_mu,MorganFP_1444,0.0001414714376597317
res_mu,MorganFP_1683,0.0001413716790089694
res_mu,MorganFP_962,0.00014078886737434003
res_mu,MorganFP_189,0.00013956311212209017
res_mu,MorganFP_1015,0.00013933088630849966
res_mu,MorganFP_599,0.00013928636675359485
res_mu,MorganFP_466,0.00013898512721061707
res_mu,MorganFP_820,0.00013860967158166204
res_mu,MorganFP_1360,0.00013841468972718474
res_mu,MorganFP_1807,0.0001381456035948645
res_mu,MorganFP_1156,0.00013812186086124712
res_mu,MorganFP_1945,0.00013809465351184258
res_mu,MorganFP_1825,0.00013803555352400566
res_mu,MorganFP_38,0.00013802125482334304
res_mu,MorganFP_1735,0.00013779802603625059
res_mu,MorganFP_1796,0.00013732292962288285
res_mu,MorganFP_958,0.0001366800996565303
res_mu,MorganFP_1211,0.00013664065279317584
res_mu,MorganFP_1619,0.00013523792771297848
res_mu,MorganFP_1146,0.00013346812839054324
res_mu,MorganFP_1409,0.00013306070752673805
res_mu,MorganFP_517,0.00013300150547001976
res_mu,MorganFP_1785,0.0001329744048005068
res_mu,MorganFP_1354,0.00013289240925826106
res_mu,MorganFP_1220,0.00013266826218075777
res_mu,MorganFP_224,0.00013251965157959944
res_mu,MorganFP_697,0.00013248062316769448
res_mu,MorganFP_696,0.00013210966169759786
res_mu,MorganFP_423,0.0001318912152819962
res_mu,MorganFP_1775,0.00013182628643721727
res_mu,MorganFP_557,0.00013168754852694065
res_mu,MorganFP_483,0.00013163302785908115
res_mu,MorganFP_1001,0.00013146018219805454
res_mu,MorganFP_1103,0.00013096901329225828
res_mu,MorganFP_1804,0.0001309334361508263
res_mu,MorganFP_1890,0.00013088618811718788
res_mu,MorganFP_1177,0.00012952456262172517
res_mu,MorganFP_871,0.00012904215955973085
res_mu,MorganFP_1494,0.00012853596047062866
res_mu,MorganFP_233,0.0001283583106144306
res_mu,MorganFP_500,0.00012828631900947584
res_mu,MorganFP_565,0.00012801874422103764
res_mu,MorganFP_51,0.00012753350026071075
res_mu,MorganFP_1174,0.0001271800332954456
res_mu,MorganFP_1331,0.00012702059270529276
res_mu,MorganFP_604,0.0001267411963536915
res_mu,MorganFP_741,0.00012640220092251296
res_mu,MorganFP_374,0.00012634070049432467
res_mu,MorganFP_776,0.00012594350452934576
res_mu,MorganFP_254,0.00012511852805221224
res_mu,MorganFP_653,0.00012502187927321983
res_mu,MorganFP_317,0.00012491032915784217
res_mu,MorganFP_495,0.00012475183429077675
res_mu,MorganFP_780,0.00012451471294491512
res_mu,MorganFP_576,0.0001241383414035795
res_mu,MorganFP_1276,0.0001239362614763877
res_mu,MorganFP_536,0.00012368861795403064
res_mu,MorganFP_616,0.00012349816006940274
res_mu,MorganFP_1367,0.00012345199752553527
res_mu,MorganFP_371,0.00012224181180852157
res_mu,MorganFP_2022,0.0001221136756897465
res_mu,MorganFP_2032,0.00012201462334223834
res_mu,MorganFP_853,0.00012092171962184751
res_mu,MorganFP_982,0.00012065740498162113
res_mu,MorganFP_1901,0.00012008603123730666
res_mu,MorganFP_1426,0.000119773890885142
res_mu,MorganFP_1567,0.00011940245125015281
res_mu,MorganFP_1359,0.00011924050948118747
res_mu,MorganFP_262,0.00011876714013112633
res_mu,MorganFP_1438,0.00011862136469426332
res_mu,MorganFP_647,0.00011812193537170402
res_mu,MorganFP_442,0.00011779420098853776
res_mu,MorganFP_626,0.00011517175166284232
res_mu,MorganFP_124,0.00011507458492047817
res_mu,MorganFP_1662,0.00011494370390755648
res_mu,MorganFP_303,0.00011447024405703132
res_mu,MorganFP_1078,0.00011416859179735184
res_mu,MorganFP_1207,0.00011403165923616143
res_mu,MorganFP_1561,0.0001132807600958543
res_mu,MorganFP_1074,0.00011294727475703326
res_mu,MorganFP_475,0.00011265067385150473
res_mu,MorganFP_1527,0.00011210339828789983
res_mu,MorganFP_685,0.00011199998669326306
res_mu,MorganFP_949,0.00011155139028748807
res_mu,MorganFP_1644,0.00011126534118795916
res_mu,MorganFP_1979,0.00011124162434843753
res_mu,MorganFP_509,0.0001104020781792201
res_mu,MorganFP_107,0.00011012255400419235
res_mu,MorganFP_874,0.0001100544772939287
res_mu,MorganFP_979,0.00010966274257177844
res_mu,MorganFP_861,0.00010950182932071328
res_mu,MorganFP_1532,0.00010940767964794418
res_mu,MorganFP_1505,0.00010938947901368579
res_mu,MorganFP_1003,0.00010859897504741411
res_mu,MorganFP_663,0.00010798964322097504
res_mu,MorganFP_719,0.00010766897335081183
res_mu,MorganFP_1740,0.00010722966147994838
res_mu,MorganFP_1843,0.00010717002749743187
res_mu,MorganFP_1914,0.00010680306465872035
res_mu,MorganFP_1784,0.00010662014795681785
res_mu,MorganFP_40,0.00010654862947728816
res_mu,MorganFP_1344,0.00010623422816493643
res_mu,MorganFP_1631,0.0001061319933962146
res_mu,MorganFP_756,0.0001058399775792509
res_mu,MorganFP_506,0.00010537672527021868
res_mu,MorganFP_72,0.00010532785312466331
res_mu,MorganFP_1024,0.00010522856070849685
res_mu,MorganFP_2031,0.00010498638140012417
res_mu,MorganFP_516,0.00010445239383233229
res_mu,MorganFP_375,0.00010444650840284453
res_mu,MorganFP_1636,0.0001033547080813264
res_mu,MorganFP_1191,0.00010274278117425695
res_mu,MorganFP_665,0.00010214518353652125
res_mu,MorganFP_1469,0.00010177414011056385
res_mu,MorganFP_256,0.00010171103782855084
res_mu,MorganFP_1647,0.00010097944908238788
res_mu,MorganFP_15,0.00010027957544645006
res_mu,MorganFP_640,9.960452681976917e-05
res_mu,MorganFP_1012,9.954453259706497e-05
res_mu,MorganFP_619,9.843725267677427e-05
res_mu,MorganFP_292,9.807380814820732e-05
res_mu,MorganFP_156,9.767183730416207e-05
res_mu,MorganFP_1782,9.681247665901083e-05
res_mu,MorganFP_1184,9.679940113399078e-05
res_mu,MorganFP_587,9.643561639569498e-05
res_mu,MorganFP_1410,9.628589466012726e-05
res_mu,MorganFP_459,9.616241604089736e-05
res_mu,MorganFP_1565,9.575674130519474e-05
res_mu,MorganFP_136,9.5377720656872e-05
res_mu,MorganFP_185,9.507281496604491e-05
res_mu,MorganFP_1850,9.488653950393199e-05
res_mu,MorganFP_1449,9.4807292991959e-05
res_mu,MorganFP_2034,9.424016949657244e-05
res_mu,MorganFP_1109,9.404275338567914e-05
res_mu,MorganFP_209,9.392531999040443e-05
res_mu,MorganFP_1180,9.294157923713442e-05
res_mu,MorganFP_1310,9.264610752426706e-05
res_mu,MorganFP_1023,9.249409923125995e-05
res_mu,MorganFP_1770,9.235389089246837e-05
res_mu,MorganFP_1821,9.177844806998792e-05
res_mu,MorganFP_1756,9.16324557701671e-05
res_mu,MorganFP_1633,9.122936674954473e-05
res_mu,MorganFP_1326,9.078584131711408e-05
res_mu,MorganFP_1311,9.05109029301343e-05
res_mu,MorganFP_1178,8.985306664486359e-05
res_mu,MorganFP_1580,8.943477814477774e-05
res_mu,MorganFP_1703,8.881259935445485e-05
res_mu,MorganFP_342,8.874172001833358e-05
res_mu,MorganFP_377,8.851272097643914e-05
res_mu,MorganFP_1935,8.816201602343199e-05
res_mu,MorganFP_288,8.801905486464534e-05
res_mu,MorganFP_105,8.800201909537009e-05
res_mu,MorganFP_919,8.762658059956152e-05
res_mu,MorganFP_364,8.713778036963759e-05
res_mu,MorganFP_1098,8.703815256092184e-05
res_mu,MorganFP_984,8.686144872899959e-05
res_mu,MorganFP_59,8.583549028861093e-05
res_mu,MorganFP_698,8.552787429653108e-05
res_mu,MorganFP_1434,8.552173336840951e-05
res_mu,MorganFP_1038,8.52488819951418e-05
res_mu,MorganFP_1984,8.499335464779279e-05
res_mu,MorganFP_2024,8.495059948637618e-05
res_mu,MorganFP_138,8.487772829627716e-05
res_mu,MorganFP_1165,8.465216227252626e-05
res_mu,MorganFP_493,8.436834967022832e-05
res_mu,MorganFP_1321,8.420175365421301e-05
res_mu,MorganFP_245,8.417168692409404e-05
res_mu,MorganFP_1965,8.416620555840382e-05
res_mu,MorganFP_230,8.352979845528807e-05
res_mu,MorganFP_1361,8.315955531758234e-05
res_mu,MorganFP_1002,8.275195956230164e-05
res_mu,MorganFP_1776,8.273983161853949e-05
res_mu,MorganFP_309,8.270175729481366e-05
res_mu,MorganFP_1132,8.238887786865235e-05
res_mu,MorganFP_1251,8.162720598784467e-05
res_mu,MorganFP_1924,8.145016431808472e-05
res_mu,MorganFP_675,8.131944239107725e-05
res_mu,MorganFP_1370,8.024668879806995e-05
res_mu,MorganFP_1460,7.978935368356588e-05
res_mu,MorganFP_1345,7.976967090189646e-05
res_mu,MorganFP_934,7.972205138503342e-05
res_mu,MorganFP_1757,7.954640313982964e-05
res_mu,MorganFP_1268,7.907230180887836e-05
res_mu,MorganFP_390,7.83139293129338e-05
res_mu,MorganFP_1451,7.779783530361328e-05
res_mu,MorganFP_4,7.713826158278181e-05
res_mu,MorganFP_270,7.686405972805233e-05
res_mu,MorganFP_1985,7.619922972139648e-05
res_mu,MorganFP_570,7.470436786940126e-05
res_mu,MorganFP_1041,7.459170678589544e-05
res_mu,MorganFP_1111,7.4128514928816e-05
res_mu,MorganFP_315,7.411046766413065e-05
res_mu,MorganFP_1713,7.399261362443176e-05
res_mu,MorganFP_83,7.347515145028182e-05
res_mu,MorganFP_1188,7.309063524007797e-05
res_mu,MorganFP_1962,7.293034258458419e-05
res_mu,MorganFP_64,7.194742946594346e-05
res_mu,MorganFP_0,7.16091276544102e-05
res_mu,MorganFP_1797,7.078756304287026e-05
res_mu,MorganFP_47,7.056957262324204e-05
res_mu,MorganFP_159,6.929916659402124e-05
res_mu,MorganFP_1792,6.896843965036225e-05
res_mu,MorganFP_1316,6.875126466005099e-05
res_mu,MorganFP_1594,6.761301774531603e-05
res_mu,MorganFP_1406,6.751955813500387e-05
res_mu,MorganFP_1419,6.741012944350189e-05
res_mu,MorganFP_891,6.715882667497653e-05
res_mu,MorganFP_327,6.695020916785666e-05
res_mu,MorganFP_754,6.608786832229896e-05
res_mu,MorganFP_307,6.406247444635938e-05
res_mu,MorganFP_1423,6.38412874493639e-05
res_mu,MorganFP_518,6.383073027103592e-05
res_mu,MorganFP_631,6.287948787212371e-05
res_mu,MorganFP_605,6.234911157164902e-05
res_mu,MorganFP_905,6.143597625719365e-05
res_mu,MorganFP_1239,6.038105301558971e-05
res_mu,MorganFP_759,5.9858186419020854e-05
res_mu,fr_phenol_noOrthoHbond,5.9715972986793986e-05
res_mu,MorganFP_1339,5.939875511489845e-05
res_mu,fr_phenol,5.885682532344472e-05
res_mu,MorganFP_259,5.8800916176433126e-05
res_mu,MorganFP_1534,5.827577477077739e-05
res_mu,MorganFP_127,5.811144553555891e-05
res_mu,MorganFP_928,5.8097649374587946e-05
res_mu,MorganFP_1086,5.789358913898468e-05
res_mu,MorganFP_1092,5.6708054371199525e-05
res_mu,MorganFP_1841,5.6079892711849765e-05
res_mu,MorganFP_432,5.5745952336479833e-05
res_mu,MorganFP_44,5.52311318660399e-05
res_mu,MorganFP_467,5.503588206241261e-05
res_mu,MorganFP_1010,5.4796155372116576e-05
res_mu,MorganFP_346,5.468750389739796e-05
res_mu,MorganFP_1397,5.4673396050930024e-05
res_mu,MorganFP_1994,5.4405358073154276e-05
res_mu,MorganFP_1046,5.315985373870191e-05
res_mu,MorganFP_1284,5.264979306772233e-05
res_mu,MorganFP_532,5.233704133235761e-05
res_mu,MorganFP_100,5.222953432527788e-05
res_mu,MorganFP_1969,5.104108640754213e-05
res_mu,MorganFP_452,5.0767735469776196e-05
res_mu,MorganFP_1396,4.999906331158854e-05
res_mu,MorganFP_772,4.953519254922867e-05
res_mu,MorganFP_408,4.894369429977985e-05
res_mu,MorganFP_1822,4.8622688858586116e-05
res_mu,MorganFP_1401,4.845217863527296e-05
res_mu,MorganFP_1368,4.841277365818542e-05
res_mu,MorganFP_1254,4.792459309101105e-05
res_mu,MorganFP_729,4.78177039692298e-05
res_mu,MorganFP_912,4.766810634271046e-05
res_mu,MorganFP_1548,4.533346880521805e-05
res_mu,MorganFP_1062,4.436419437968198e-05
res_mu,MorganFP_1958,4.3753460327423e-05
res_mu,MorganFP_887,4.2955863190570655e-05
res_mu,MorganFP_1502,4.180153831839561e-05
res_mu,MorganFP_1393,4.064892435640388e-05
res_mu,MorganFP_952,4.010956361889839e-05
res_mu,MorganFP_662,3.8956177056661546e-05
res_mu,MorganFP_188,3.817528375890333e-05
res_mu,MorganFP_1560,3.7763818308732764e-05
res_mu,MorganFP_1332,3.725155082707943e-05
res_mu,MorganFP_746,3.680684044957161e-05
res_mu,MorganFP_1679,3.508118348980815e-05
res_mu,MorganFP_1742,3.264636918902397e-05
res_mu,MorganFP_175,3.208241188882965e-05
res_mu,MorganFP_835,3.204030405317582e-05
res_mu,MorganFP_705,3.139372427627762e-05
res_mu,MorganFP_1579,2.5252582505345345e-05
res_mu,MorganFP_1568,2.5182636454701425e-05
res_mu,Kappa3,2.291751755913296e-05
res_mu,MorganFP_439,1.5475420281291008e-05
res_mu,MorganFP_1995,1.1903024278581142e-05
res_mu,MorganFP_12,1.0136877186596393e-05
res_mu,MorganFP_50,6.509150844067335e-06
res_mu,MorganFP_948,4.598859697580338e-06
res_mu,MorganFP_728,3.6261172499507666e-06
res_mu,MorganFP_18,3.0204674694687126e-06
res_mu,fr_thiophene,0.0
res_mu,SlogP_VSA12,0.0
res_mu,MorganFP_1067,0.0
res_mu,SMR_VSA8,0.0
res_mu,fr_thiocyan,0.0
res_mu,VSA_EState10,0.0
res_mu,EState_VSA11,0.0
res_mu,SlogP_VSA7,0.0
res_mu,SlogP_VSA9,0.0
res_mu,fr_thiazole,0.0
res_mu,MorganFP_198,0.0
res_mu,fr_isothiocyan,0.0
res_mu,fr_benzodiazepine,0.0
res_mu,fr_Ar_COO,0.0
res_mu,fr_diazo,0.0
res_mu,fr_dihydropyridine,0.0
res_mu,fr_hdrzine,0.0
res_mu,fr_hdrzone,0.0
res_mu,fr_isocyan,0.0
res_mu,MorganFP_35,0.0
res_mu,MorganFP_1052,0.0
res_mu,fr_sulfide,0.0
res_mu,fr_prisulfonamd,0.0
res_mu,fr_sulfonamd,0.0
res_mu,fr_sulfone,0.0
res_mu,MorganFP_427,0.0
res_mu,MorganFP_1688,0.0
res_mu,MorganFP_860,0.0
res_mu,MorganFP_851,0.0
res_mu,MorganFP_1829,0.0
res_mu,MorganFP_1597,0.0
res_mu,MorganFP_1895,0.0
res_mu,MorganFP_1501,0.0
res_mu,MorganFP_955,0.0
res_mu,MorganFP_1903,0.0
res_mu,MorganFP_1559,0.0
res_mu,MorganFP_1215,0.0
res_mu,MorganFP_1381,0.0
res_mu,MorganFP_1106,0.0
res_mu,MorganFP_215,0.0
res_mu,MorganFP_173,0.0
res_mu,NumRadicalElectrons,0.0
res_mu,MorganFP_1320,0.0
res_mu,fr_para_hydroxylation,0.0
res_mu,fr_nitroso,0.0
res_mu,fr_nitro_arom_nonortho,0.0
res_mu,fr_nitro_arom,0.0
res_mu,fr_barbitur,0.0
res_mu,fr_SH,0.0
res_mu,fr_azide,0.0
res_mu,fr_azo,0.0
res_mu,fr_C_S,0.0
res_mu,MorganFP_1815,0.0
res_mu,fr_N_O,0.0
res_mu,fr_phos_ester,0.0
res_mu,fr_phos_acid,0.0
res_mu,MorganFP_800,0.0
res_mu,MorganFP_810,0.0
res_mu,MorganFP_822,0.0
