mol_id,original_smiles,mutated_smiles,original_u0_res,gnn_orig_pred,gnn_mut_pred,gnn_shift,xgb_orig_pred,xgb_mut_pred,xgb_shift
gdb_148,C1CN1C=O,OCN1CC1,0.9552011068637398,1.7666419,2.6260703,0.8594284,0.57670623,0.8513776,0.27467138
gdb_437,N=C1CN=CN1,NC1CNCN1,4.505292489343447,6.7044926,7.099909,0.39541626,1.9906403,1.5501233,-0.44051695
gdb_441,C1C(=O)OC=N1,OC1CNCO1,0.2453769788726845,0.8065092,1.3249304,0.51842123,0.49959174,0.07340031,-0.42619142
gdb_443,C1CC(=O)C=C1,OC1CCCC1,-1.0338087554211484,-1.4005983,-0.3137911,1.0868073,-0.9221771,-0.36586922,0.55630785
gdb_444,C1C=CC(=O)N1,OC1CCCN1,0.6605244893434588,1.0509512,2.0303366,0.9793854,0.6477021,0.60890025,-0.03880185
gdb_454,C1COC(=O)N1,OC1NCCO1,0.5376548339212377,0.7597105,1.2916434,0.5319329,0.5895488,0.064479254,-0.5250696
gdb_609,CC1CN1C=O,CC1CN1CO,1.0082903443920372,1.4666731,2.216738,0.75006485,0.6425421,0.88177615,0.23923403
gdb_629,CC(=O)N1CC1,CC(O)N1CC1,1.0025033443919824,1.5786879,2.0219824,0.44329453,0.57779545,0.6810727,0.103277266
gdb_631,NC(=O)C1CN1,NC(O)C1CN1,2.696739589156607,3.8935263,4.1775837,0.28405738,2.2382958,1.2125056,-1.0257902
gdb_633,C1CN1C(=O)N,NC(O)N1CC1,2.695918589156633,3.7716582,4.2769833,0.5053251,2.311608,0.06457777,-2.2470303
gdb_687,O=C1OC2CC12,OC1OC2CC12,-1.356152351780338,-1.7568529,-1.44544,0.3114128,-1.1017749,-0.5764452,0.5253297
gdb_817,C1CCC(=NO)C1,ONC1CCCC1,1.0835645819202,1.2344687,1.4797499,0.24528122,0.9168685,-0.66302645,-1.579895
gdb_820,CC(=NO)C1CN1,CC(NO)C1CN1,2.8320068266847898,3.4543784,3.4897711,0.03539276,1.4198856,0.8716679,-0.5482177
gdb_1329,CC1(CN1C=O)C,CC1(C)CN1CO,1.0604245819201878,1.4216559,2.0069182,0.5852623,0.8424861,0.8819883,0.039502203
gdb_1803,CC1(CN1)C(N)=O,CC1(C(N)O)CN1,2.75030582668478,3.4029715,3.594683,0.19171143,2.0855553,1.6640095,-0.42154586
gdb_1819,N=C1NC(=O)C=C1,NC1CCC(O)N1,2.115728116587775,2.4227087,3.6451209,1.2224121,2.3827372,1.3074538,-1.0752834
gdb_1823,N=C1CC(=O)CO1,NC1CC(=O)CO1,0.3165482164009745,0.27696818,0.5143377,0.23736954,0.6537007,0.09322347,-0.56047726
gdb_1824,N=C1CCC(=O)N1,NC1CCC(O)N1,2.40429297163638,3.086611,3.6451209,0.5585098,2.0553796,1.3074538,-0.7479259
gdb_1825,N=C1CCC(=O)O1,NC1CCC(O)O1,0.2894862164009737,0.7133886,1.0311072,0.31771857,0.63496405,0.39783707,-0.23712698
gdb_1838,CC1=CC(=O)CC1,CC1CCC(O)C1,-0.9852285178928925,-1.4782465,-0.29153615,1.1867104,-0.8423992,-0.31017593,0.5322232
gdb_1839,CC1=CC(=O)NC1,CC1CNC(O)C1,0.7100267268717744,0.71539515,1.6933424,0.9779473,0.5660239,0.54447246,-0.02155143
gdb_1842,C1CC(=O)C=C1N,NC1CCC(O)C1,0.7158097268717256,0.605406,1.5646155,0.9592095,0.7376571,0.22789991,-0.5097572
gdb_1843,C1C(=CC(=O)N1)N,NC1CNC(O)C1,2.416938971636341,2.890341,3.5492384,0.6588974,2.4040768,1.3784503,-1.0256265
gdb_1848,CC1=NCC(=N)N1,CC1NCC(N)N1,4.55113372687174,6.0092793,6.145479,0.13619995,2.8321846,1.464097,-1.3680875
gdb_1850,CC1=NCC(=O)O1,CC1NCC(O)O1,0.2886412164009471,1.0183966,1.1309378,0.1125412,0.22177887,0.44298497,0.2212061
gdb_1852,CC1CC(=O)C=C1,CC1CCC(O)C1,-0.9765055178928606,-1.1734216,-0.29153997,0.88188165,-0.9212637,-0.31017593,0.6110878
gdb_1853,CC1NC(=O)C=C1,CC1CCC(O)N1,0.7151027268717485,0.87380046,1.771517,0.8977166,0.50256324,0.56353235,0.060969114
gdb_1856,OC1CC(=O)C=C1,OC1CCC(O)C1,-1.377641028363655,-1.7256944,-0.77310354,0.9525909,-0.8806089,-0.79707533,0.083533585
gdb_1871,CC1CNC(=O)O1,CC1CNC(O)O1,0.5884930714494203,0.8394949,1.1259787,0.28648382,0.6112436,0.40585506,-0.20538855
gdb_1875,CC1COC(=O)N1,CC1COC(O)N1,0.5911270714494208,0.7168028,1.0695975,0.3527947,0.63846517,0.39734223,-0.24112293
gdb_1908,CC12CC1C(=O)O2,CC12CC1C(O)O2,-1.3087901142521332,-1.4325082,-1.2892282,0.14328003,-0.90899545,-0.7436885,0.16530693
gdb_1989,NC(=O)CC1CN1,NC(O)CC1CN1,2.7605628266848043,3.1352332,3.5596182,0.42438507,1.9877275,1.4235113,-0.56421626
gdb_1991,C1CN1CC(=O)N,NC(O)CN1CC1,2.765404826684801,3.313681,3.64308,0.3293991,1.9814894,0.57894075,-1.4025487
gdb_2052,C1C=CCNC1=O,OC1CC=CCN1,0.72008572687173,0.86907786,1.4334548,0.5643769,0.8561491,0.36048132,-0.49566776
gdb_2081,C1COC(=O)CO1,OC1COCCO1,-1.494928683785986,-1.8103731,-1.4161317,0.39424133,-0.8707732,-1.0016892,-0.130916
gdb_2122,C1CNC(=O)C1=O,OC1CCNC1O,0.297646216400949,0.31513423,1.2134039,0.8982697,0.5242969,0.31550536,-0.20879152
gdb_2125,C1C(=O)C(=O)CO1,OC1COCC1O,-1.778766538834418,-2.2733133,-1.4185121,0.8548012,-1.8383799,-1.0181222,0.82025766
gdb_2129,CC1=CCCC1=O,CC1CCCC1O,-0.9844825178928432,-1.2961595,-0.26563817,1.0305214,-0.7853621,-0.31041285,0.47494927
gdb_2130,CC1=CCNC1=O,CC1CCNC1O,0.709267726871758,0.7907507,1.7475722,0.9568215,0.6236623,0.61378163,-0.009880662
gdb_2136,CC1N=CNC1=N,CC1NCNC1N,4.559329726871738,5.7670155,6.1346455,0.36763,2.8152208,1.4542329,-1.3609879
gdb_2138,CC1N=COC1=O,CC1NCOC1O,0.2994952164009987,0.8122732,1.1400626,0.32778937,0.29798326,0.4451135,0.14713025
gdb_2140,CN1C=NCC1=N,CN1CNCC1N,4.561976726871762,6.080824,6.067671,-0.013153076,2.005888,1.3545295,-0.6513585
gdb_2144,CC1CC=CC1=O,CC1CCCC1O,-0.9770025178928564,-1.0535562,-0.265642,0.7879142,-0.9701532,-0.31041285,0.6597403
gdb_2145,CN1CC=CC1=O,CN1CCCC1O,0.7198667268717713,1.0272238,1.7821829,0.7549591,0.31851497,0.7176685,0.3991535
gdb_2146,OC1CC=CC1=O,OC1CCCC1O,-1.3801800283636112,-1.5497148,-0.79784185,0.75187296,-1.0257908,-0.80589545,0.21989536
gdb_2165,CN1CCOC1=O,CN1CCOC1O,0.5970760714494077,0.7101194,1.198992,0.4888726,0.29461688,-0.0066243336,-0.30124122
gdb_2251,CC12CC1OC2=O,CC12CC1OC2O,-1.3045281142521503,-1.5463045,-1.2550943,0.29121017,-0.90101457,-0.7714775,0.12953705
gdb_2256,NC12CC1OC2=O,NC12CC1OC2O,0.4108581305125085,0.4406225,0.6666853,0.22606277,0.76821625,0.78000176,0.011785507
gdb_2260,OC12CC1OC2=O,OC1OC2CC12O,-1.702447624722879,-2.0926301,-2.2565134,-0.16388321,-0.7305422,-1.0137227,-0.28318048
gdb_2377,CC1CN1C(C)=O,CC(O)N1CC1C,1.056036581920182,1.3727858,1.7093832,0.33659744,0.8363559,0.7757149,-0.06064105
gdb_2378,CC1CN1C(N)=O,CC1CN1C(N)O,2.7502148266847826,3.2613204,3.6342185,0.3728981,2.4832382,0.51456094,-1.9686773
gdb_2380,CC1NC1C(N)=O,CC1NC1C(N)O,2.757928826684804,3.4199927,3.6477835,0.22779083,2.0023873,1.7619956,-0.24039173
gdb_2384,CN1CC1C(N)=O,CN1CC1C(N)O,2.7653908266847798,3.4332678,3.6219885,0.1887207,2.0516837,0.39255664,-1.659127
gdb_2451,O=C1CC2CC2N1,OC1CC2CC2N1,0.7817376409832377,0.8748495,1.4922087,0.6173592,0.89639527,0.7439813,-0.15241396
gdb_2823,O=CN1CC1C#C,C#CC1CN1CO,0.0123891401088371,-0.02499181,0.60324305,0.62823486,-1.0014548,-0.65274507,0.34870976
gdb_2824,O=CN1CC1C#N,N#CC1CN1CO,1.6693443848734546,2.0850585,2.7157462,0.6306877,0.6395384,0.49472743,-0.14481097
gdb_2826,O=CC1CN1C=O,O=CC1CN1CO,0.3563912164009934,0.43209285,1.1497748,0.71768194,-0.38757753,-0.3442943,0.043283224
gdb_2846,CCC1CN1C=O,CCC1CN1CO,1.0672265819201812,1.2808745,1.9391539,0.6582794,0.930196,0.7511752,-0.17902076
gdb_2852,OCC1CN1C=O,OCC1CN1CO,0.6667530714494205,0.8193533,1.4687178,0.64936453,0.24802968,0.043086566,-0.20494312
gdb_2917,CN=C1CN=CN1,CNC1CNCN1,4.568683726871768,5.769575,6.3895893,0.6200142,2.0631082,1.5478535,-0.51525474
gdb_2955,N=C(C#N)N1CC1,N#CC(N)N1CC1,3.807315140108813,4.561838,4.958395,0.39655685,1.5393255,2.0462546,0.50692916
gdb_2957,O=C(C#C)C1CN1,C#CC(O)C1CN1,0.0159791401088114,-0.05832082,0.33476466,0.39308548,-0.16836403,-0.10219571,0.06616832
gdb_2959,C#CC(=O)N1CC1,C#CC(O)N1CC1,0.0104181401088112,-0.035733998,0.5095274,0.5452614,-0.91468704,-0.6966677,0.21801937
gdb_2961,O=C(C#N)C1CN1,N#CC(O)C1CN1,1.6769393848734353,1.9903052,2.4213278,0.43102264,1.0968542,1.2048285,0.10797429
gdb_2963,C1CN1C(=O)C#N,N#CC(O)N1CC1,1.6692393848734357,2.0214942,2.591551,0.5700569,1.0834374,0.534385,-0.5490524
gdb_2964,N=C(C=O)N1CC1,NC(CO)N1CC1,2.492477971636333,3.0506766,3.6990607,0.6483841,1.1059515,0.47003475,-0.6359168
gdb_2966,O=CC(=O)C1CN1,OCC(O)C1CN1,0.3640752164009768,0.49288768,1.2822134,0.7893258,-0.1422641,0.31277674,0.45504084
gdb_2968,C1CN1C(=O)C=O,OCC(O)N1CC1,0.3567582164009764,0.37767237,1.4140608,1.0363884,-0.27271336,-0.27780747,-0.005094111
gdb_2996,CCC(=O)N1CC1,CCC(O)N1CC1,1.060531581920145,1.2754996,1.8859351,0.6104355,0.8465856,0.73893315,-0.107652426
gdb_2998,CNC(=O)C1CN1,CNC(O)C1CN1,2.759632826684765,3.3979933,3.8781416,0.48014832,1.4518209,0.8004097,-0.6514112
gdb_3000,CNC(=O)N1CC1,CNC(O)N1CC1,2.759066826684773,3.3001883,4.037409,0.7372205,1.7555484,0.23915462,-1.5163938
gdb_3002,COC(=O)C1CN1,COC(O)C1CN1,0.643642071449392,0.72567195,1.1982367,0.47256476,0.45145735,-0.20403783,-0.65549517
gdb_3004,COC(=O)N1CC1,COC(O)N1CC1,0.6435380714494272,0.5614187,1.3653204,0.80390173,0.24682796,-0.060275413,-0.30710337
gdb_3008,C1CN1C(=O)CO,OCC(O)N1CC1,0.6571390714494214,0.8306524,1.4140608,0.5834084,0.20116313,-0.27780747,-0.4789706
gdb_3041,O=CC#CC1CN1,OCC#CC1CN1,0.0199891401088052,-0.05858022,0.31798,0.3765602,0.57165164,0.22257473,-0.34907693
gdb_3043,N=COCC1CN1,NCOCC1CN1,2.806821826684768,3.431784,3.8299239,0.39813995,1.3770965,0.67568415,-0.7014124
gdb_3050,O=CNCC1CN1,OCNCC1CN1,2.7732198266847945,3.2793143,3.8573554,0.5780411,1.4389787,0.5871216,-0.85185707
gdb_3053,O=COCC1CN1,OCOCC1CN1,0.6628750714493776,0.9214842,1.2390692,0.31758505,0.41550875,0.058380563,-0.35712817
gdb_3092,CC1C(C)N1C=O,CC1C(C)N1CO,1.0635515819201942,1.2522032,1.9736655,0.72146225,0.85769093,0.7565484,-0.101142526
gdb_3142,N=C1OCC11CN1,NC1OCC12CN2,2.55016788574784,3.0388854,3.3697455,0.33086014,1.9929762,1.6278148,-0.36516142
gdb_3166,C1CC12CN=CO2,C1NCC2(CC2)O1,0.8170936409832734,1.0868819,1.5253241,0.43844223,0.9200224,0.67281324,-0.24720919
gdb_3265,C1CCOC=NC1,C1CCOCNC1,1.057522581920182,1.4456351,1.813349,0.36771393,1.0474153,0.5098264,-0.53758883
gdb_3397,CC1C2OC(=O)C12,CC1C2OC(O)C12,-1.301604114252143,-1.4397867,-1.1948259,0.24496078,-0.9198047,-0.76226324,0.15754145
gdb_3402,OC1C2OC(=O)C12,OC1OC2C(O)C12,-1.70386562472288,-2.0055215,-1.9383066,0.067214966,-0.8413717,-1.008256,-0.16688424
gdb_3416,N=C1OCC2CN12,NC1OCC2CN21,2.5289888857478786,3.1027396,3.386492,0.28375244,1.7803518,0.7127363,-1.0676155
gdb_3429,O=C1OCC2CC12,OC1OCC2CC21,-1.3360131142521254,-1.5579126,-1.2180345,0.33987808,-1.1234727,-0.9155721,0.20790058
gdb_3915,c1c(nn[nH]1)C=O,OCc1c[nH]nn1,2.279697973821498,16.043478,17.271854,1.2283764,2.2689123,2.124132,-0.1447804
gdb_3923,c1c(non1)C=O,OCc1cnon1,0.2081592185861041,0.5582964,2.1395695,1.5812731,0.5608645,0.66545874,0.10459423
gdb_3926,c1cn(nn1)C=O,OCn1ccnn1,2.278720973821464,6.044444,4.7752028,-1.2692413,1.3545368,1.3741853,0.019648552
gdb_4038,CC(=NO)C1(C)CN1,CC(NO)C1(C)CN1,2.889186064212936,3.0562155,3.1109488,0.054733276,1.7263343,1.0007668,-0.7255676
gdb_4047,C1C(=NO)COC1=O,ONC1COC(O)C1,-0.0066810565417654,-0.17815953,0.2845022,0.46266174,0.7606532,-0.8630389,-1.623692
gdb_4056,CC1CCC(C1)=NO,CC1CCC(NO)C1,1.1395758194483392,1.0549033,1.2799246,0.22502136,0.9817759,-0.34365,-1.3254259
gdb_4057,ON=C1CCC(O)C1,ONC1CCC(O)C1,0.7359653089775406,0.65907496,0.8573896,0.19831467,0.7021546,-0.48833272,-1.1904873
gdb_4072,CC(=NO)CN1CC1,CC(CN1CC1)NO,2.899603064212954,3.080229,3.080702,0.00047302246,1.9118114,0.9845024,-0.927309
gdb_4107,CC1CCCC1=NO,CC1CCCC1NO,1.1396578194483595,1.1995757,1.3517706,0.15219498,1.0366071,-0.34846216,-1.3850694
gdb_4110,ON=C1CCCC1O,ONC1CCCC1O,0.7351623089775785,0.73514384,0.8932821,0.15813828,0.86272526,-0.43776634,-1.3004916
gdb_4132,CC1NC1C(C)=NO,CC(NO)C1NC1C,2.8883990642129334,3.1082861,3.1330245,0.024738312,1.6746666,1.0560458,-0.6186209
gdb_4134,CN1CC1C(C)=NO,CC(NO)C1CN1C,2.9001330642129237,3.1213477,3.0865576,-0.03479004,2.15622,1.0948491,-1.0613708
gdb_4165,ON=C(C#C)C1CN1,C#CC(NO)C1CN1,1.8359146224015035,2.114504,2.0017645,-0.11273956,1.0660853,0.69571483,-0.3703705
gdb_4167,CCC(=NO)C1CN1,CCC(NO)C1CN1,2.8921390642129268,3.01182,3.1164916,0.10467148,1.8497968,0.9841605,-0.8656363
gdb_4171,ON=C1CCC11CN1,ONC1CCC12CN2,2.657883123276008,2.84672,2.9545615,0.10784149,2.0968645,1.262157,-0.8347075
gdb_4192,ON=C1C=CN2CC12,ONC1CCN2CC12,2.3405992682274928,2.6427634,2.98057,0.3378067,1.7775124,1.3559577,-0.42155468
gdb_4206,ON=C1C2C3CC1N23,ONC1C2CC3C1N23,2.4362671823391224,2.6712897,2.6976912,0.02640152,2.280212,1.6716316,-0.60858035
gdb_5360,c1cnc(cn1)C=O,OCc1cnccn1,22.18888244077692,16.840319,17.908163,1.0678444,21.559723,22.493,0.93327713
gdb_5364,c1cnc(cn1)C=O,OCc1cnccn1,22.18888344077692,16.840322,17.90816,1.0678368,21.559723,22.493,0.93327713
gdb_6165,CC(=O)N1CC1(C)C,CC(O)N1CC1(C)C,1.108254819448348,1.400099,1.6352103,0.23511124,1.0432662,0.9909933,-0.052272856
gdb_6167,CC1(CN1C(=O)N)C,CC1(C)CN1C(N)O,2.802387064212951,3.065039,3.3152564,0.25021744,3.1848311,0.9133958,-2.2714353
gdb_6168,CC1(C)NC1C(N)=O,CC1(C)NC1C(N)O,2.8107080642129745,3.104502,3.2655356,0.16103363,2.2062864,1.5698675,-0.63641894
gdb_6179,CC1(CC(=O)C=C1)C,CC1(C)CCC(O)C1,-0.9194102803648434,-0.79418737,-0.15625554,0.6379318,-0.8104289,-0.29594842,0.5144805
gdb_6180,CC1(C=CC(=O)N1)C,CC1(C)CCC(O)N1,0.7705949643997769,0.9899275,1.6766379,0.6867104,0.53239185,0.8265042,0.29411232
gdb_6183,CC1(O)CC(=O)C=C1,CC1(O)CCC(O)C1,-1.325234790835566,-1.5198419,-0.77049047,0.74935144,-0.84915584,-0.6746849,0.17447096
gdb_6191,CC1(CNC(=O)O1)C,CC1(C)CNC(O)O1,0.6412733089775884,0.892832,1.0650427,0.17221075,1.1471208,0.58224875,-0.5648721
gdb_6195,CC1(COC(=O)N1)C,CC1(C)COC(O)N1,0.645293308977557,0.83860606,1.0794394,0.24083334,1.1900648,0.5838332,-0.6062316
gdb_6491,CC1(CC(N)=O)CN1,CC1(CC(N)O)CN1,2.809938064212929,2.8643744,3.1797316,0.3153572,2.241544,1.5735223,-0.6680217
gdb_6886,CC1N(C=O)C1(C)C,CC1N(CO)C1(C)C,1.1161148194483417,1.2373374,1.7962096,0.5588722,0.96874034,1.0114537,0.042713404
gdb_6944,CC1(C)N=CNC1=N,CC1(C)NCNC1N,4.613398964399778,4.97764,5.3993397,0.42169952,2.9199624,1.7207743,-1.1991881
gdb_6946,CC1(C(=O)OC=N1)C,CC1(C)NCOC1O,0.3535154539290488,0.75020045,0.98615474,0.23595428,0.73119587,0.56954277,-0.1616531
gdb_6949,CC1(CC=CC1=O)C,CC1(C)CCCC1O,-0.920543280364825,-0.8426264,-0.2616251,0.5810013,-0.83548,-0.29824546,0.53723454
gdb_6951,CC1(O)CC=CC1=O,CC1(O)CCCC1O,-1.3277947908355827,-1.4249246,-0.84427816,0.58064646,-0.88132083,-0.6513201,0.23000073
gdb_7610,CC1NC1(C)C(N)=O,CC1NC1(C)C(N)O,2.8041440642129487,3.098944,3.247904,0.14896011,2.2169554,1.5694672,-0.64748824
gdb_7614,CN1CC1(C)C(N)=O,CN1CC1(C)C(N)O,2.815652064212941,3.0944464,3.2217658,0.12731934,2.138927,0.85931545,-1.2796116
gdb_7682,CC1(C)C2OC(=O)C12,CC1(C)C2OC(O)C21,-1.2473408767239675,-1.2117326,-1.0363023,0.1754303,-1.0579273,-0.7334691,0.32445812
gdb_7686,CC1(O)C2OC(=O)C12,CC1(O)C2OC(O)C21,-1.6512143871947274,-1.80142,-1.6143396,0.18708038,-1.0114505,-0.9996648,0.011785746
gdb_7716,N=C1COCC(=N)N1,NC1COCC(N)N1,4.2155504539290405,4.724577,4.750433,0.025856018,3.400853,1.0906948,-2.3101583
gdb_7728,C1COC(=O)NC1=O,OC1CCOC(O)N1,-0.093287056541726,-0.13289434,0.55086726,0.6837616,0.13029762,-0.8491183,-0.9794159
gdb_7746,CC1=CCNC(=O)C1,CC1=CCNC(O)C1,0.7714879643997961,0.7016241,1.1939986,0.49237448,0.7282762,0.38835236,-0.33992383
gdb_7756,CC1NC(=O)CC=C1,CC1C=CCC(O)N1,0.7748599643998091,0.7228834,1.2390692,0.5161858,0.70258087,0.32898152,-0.37359935
gdb_7801,CC1COCC(=O)O1,CC1COCC(O)O1,-1.4436494462578366,-1.4641931,-1.2586496,0.20554352,-1.3504558,-1.0390872,0.31136858
gdb_7855,CC1CN1CC(N)=O,CC1CN1CC(N)O,2.821158064212966,2.9007895,3.1868842,0.28609467,2.091389,0.6898924,-1.4014965
gdb_7857,CC1NC1CC(N)=O,CC1NC1CC(N)O,2.8112950642129704,2.8036673,3.1903708,0.3867035,2.1405153,1.678144,-0.46237135
gdb_7862,CN1CC1CC(N)=O,CN1CC1CC(N)O,2.827408064212932,2.7534926,3.128794,0.37530136,2.084382,0.67127776,-1.4131043
gdb_7873,CC1=CC(=N)NC1=O,CC1CC(N)NC1O,2.163628354115985,2.3019812,3.1432517,0.84127045,1.1741979,1.3508111,0.17661321
gdb_7876,CC1=CC(=O)NC1=N,CC1CC(O)NC1N,2.163655354115974,2.308245,3.16733,0.8590851,1.1787554,1.3508111,0.17205572
gdb_7879,NC1=CC(=N)NC1=O,NC1CC(N)C(O)N1,3.866884598880517,4.266737,4.7446537,0.47791672,2.3062432,1.9827781,-0.3234651
gdb_7882,NC1=CC(=O)NC1=N,NC1CC(O)NC1N,3.864024598880519,4.29941,4.768259,0.46884918,2.293864,1.9827781,-0.31108594
gdb_7889,CC1N=C(C)NC1=N,CC1NC(C)C(N)N1,4.605221964399789,5.2317524,5.430647,0.1988945,3.0126271,1.6877335,-1.3248936
gdb_7891,CC1N=C(C)OC1=O,CC1NC(C)C(O)O1,0.3428774539290202,0.9037649,1.0030081,0.09924322,0.6179602,0.4242363,-0.19372392
gdb_7897,CC1CC(=O)C(=O)N1,CC1CC(O)C(O)N1,0.3511854539290198,0.26179713,1.0385611,0.776764,0.36996597,0.15648559,-0.21348038
gdb_7904,CC1=CC(O)CC1=O,CC1CC(O)CC1O,-1.3298137908356011,-1.6210687,-0.7205408,0.9005279,-0.8393978,-0.70085996,0.13853782
gdb_7905,CC1CC(=O)C(C)=C1,CC1CC(C)C(O)C1,-0.9271112803648408,-1.1077859,-0.2980669,0.809719,-0.7998763,-0.3074728,0.49240348
gdb_7907,CC1NC(=O)C(C)=C1,CC1CC(C)C(O)N1,0.7638639643997749,0.6365797,1.5070136,0.87043387,0.5896067,0.786778,0.19717127
gdb_7910,CC1=CC(=O)CC1O,CC1CC(O)CC1O,-1.3292177908355711,-1.7600877,-0.7205408,1.039547,-0.83751625,-0.70085996,0.13665628
gdb_7911,CC1CC(=O)C=C1C,CC1CC(O)CC1C,-0.9267972803648376,-1.2949045,-0.253393,1.0415115,-0.801426,-0.3074728,0.4939532
gdb_7912,CC1CC(=O)C=C1N,CC1CC(O)CC1N,0.7738929643998063,0.6053869,1.3449614,0.7395745,0.97753346,0.24438551,-0.733148
gdb_7913,CC1NC(=O)C=C1C,CC1CC(O)NC1C,0.7652019643998074,0.5681402,1.5471442,0.97900397,0.59498274,0.7851935,0.19021076
gdb_7914,CC1NC(=O)C=C1N,CC1NC(O)CC1N,2.4716002091644214,2.5442145,3.1485846,0.6043701,2.3933372,1.3508111,-1.0425261
gdb_7919,NC1=CC(=O)CC1O,NC1CC(O)CC1O,0.3681664539290068,0.15505809,0.87864894,0.72359085,0.55263907,-0.38361245,-0.9362515
gdb_7920,CC1CC(=N)NC1=O,CC1CC(N)NC1O,2.460763209164384,2.7916358,3.1432593,0.35162354,2.1408663,1.3508111,-0.79005516
gdb_7921,CC1CC(=N)OC1=O,CC1CC(N)OC1O,0.3455974539290309,0.72857875,0.8522207,0.12364197,0.3920119,0.23810475,-0.15390716
gdb_7923,CC1CC(=O)NC1=N,CC1CC(O)NC1N,2.460811209164433,2.7455695,3.1673224,0.42175293,2.1742325,1.3508111,-0.82342136
gdb_7925,CC1CC(=O)OC1=N,CC1CC(O)OC1N,0.3456314539290019,0.6895506,0.8579237,0.16837311,0.3920119,0.23810475,-0.15390716
gdb_7931,CC1OC(=N)CC1=O,CC1OC(N)CC1=O,0.368002453929023,0.29969233,0.49595088,0.19625854,0.39762634,0.11964292,-0.27798343
gdb_7942,NC1CC(=N)OC1=O,NC1CC(N)C(O)O1,2.063611698693649,2.37768,2.4493506,0.07167053,1.783753,0.87839645,-0.9053566
gdb_7944,NC1CC(=O)OC1=N,NC1CC(O)OC1N,2.062990698693625,2.3384078,2.4590094,0.120601654,1.7728137,0.87839645,-0.8944172
gdb_7945,OC1CC(=N)NC1=O,NC1CC(O)C(O)N1,2.058532698693625,2.3681815,2.6763175,0.308136,1.803735,0.8988165,-0.9049185
gdb_7946,OC1CC(=N)OC1=O,NC1CC(O)C(O)O1,-0.0552810565417303,0.30031413,0.3773176,0.07700348,-0.13826041,-0.09203883,0.046221577
gdb_7948,OC1CC(=O)NC1=N,NC1NC(O)CC1O,2.056644698693617,2.3186972,2.7024138,0.38371658,1.803735,0.87550384,-0.9282312
gdb_7950,OC1CC(=O)OC1=N,NC1OC(O)CC1O,-0.0571180565417535,0.26030177,0.3898298,0.12952805,-0.13826041,-0.091526054,0.046734355
gdb_7959,CC1NC(=O)OC1C,CC1NC(O)OC1C,0.6443363089775858,0.7545759,0.98483866,0.23026276,1.2361958,0.42297804,-0.81321776
gdb_7967,CC1=CC(=O)C(O)C1,CC1CC(O)C(O)C1,-1.3322017908355974,-1.632467,-0.76745397,0.86501306,-0.83455515,-0.7087999,0.12575525
gdb_7968,CC1CC(C)=CC1=O,CC1CC(C)C(O)C1,-0.9285032803647936,-1.1995218,-0.2980631,0.9014587,-0.794705,-0.3074728,0.48723218
gdb_7969,CC1CC(N)=CC1=O,CC1CC(N)CC1O,0.772262964399772,0.6530401,1.3235419,0.67050177,0.97753346,0.24438551,-0.733148
gdb_7970,CC1=CC(=O)N(C1)C,CC1CC(O)N(C)C1,0.7695099643997878,0.752474,1.5272925,0.7748185,0.82678646,1.0475686,0.2207821
gdb_7971,CN1CC(=CC1=O)N,CN1CC(N)CC1O,2.4762882091644087,2.6506941,3.1537764,0.5030823,1.853845,0.20850436,-1.6453407
gdb_7972,NC1=CC(=O)C(O)C1,NC1CC(O)C(O)C1,0.3667714539290045,0.22042292,0.8555929,0.63517,0.5393701,-0.38361245,-0.9229826
gdb_7992,CC1CN(C)C(=O)O1,CC1CN(C)C(O)O1,0.6480003089775437,0.8040182,1.0859358,0.28191763,0.60727704,0.5112254,-0.09605163
gdb_8096,CC12OC(=O)C1C2O,CC12OC(O)C1C2O,-1.6541983871947536,-1.6571558,-1.5297754,0.12738037,-0.96038216,-0.9922366,-0.03185445
gdb_8101,CC1C2C(=O)OC12C,CC1C2C(O)OC12C,-1.2541178767239671,-1.1856897,-1.0542123,0.13147736,-1.0278091,-0.72585106,0.30195808
gdb_8122,CC12CC1CC(=O)N2,CC12CC1CC(O)N2,0.833486878511394,0.87066096,1.3284934,0.4578324,0.9279832,0.92292506,-0.0050581694
gdb_8124,CC12CC1NC(=O)C2,CC12CC(O)NC1C2,0.8353668785114223,0.85114497,1.310034,0.45888907,0.9215981,0.93454725,0.012949169
gdb_8134,OC12CC1NC(=O)C2,OC1CC2(O)CC2N1,0.4331453680406412,0.31724375,0.8019087,0.48466492,0.56043357,0.48112202,-0.07931155
gdb_8321,N=C1CC2(CCC2)O1,NC1CC2(CCC2)O1,0.8785698785114278,1.065367,1.142443,0.07707596,1.0668836,0.8830667,-0.18381685
gdb_8467,CC12CC1(C)C(=O)O2,CC12CC1(C)C(O)O2,-1.2569368767239553,-1.2975099,-1.0914857,0.20602417,-1.0643551,-0.6732701,0.39108503
gdb_8469,CC12CC1(N)C(=O)O2,CC12CC1(N)C(O)O2,0.458048368040636,0.45885295,0.6069967,0.14814377,0.799043,0.7293208,-0.069722176
gdb_8474,CC12CC1(O)C(=O)O2,CC12CC1(O)C(O)O2,-1.6554853871947444,-1.7642114,-1.7232988,0.04091263,-0.7735155,-0.97663164,-0.20311612
gdb_8591,O=C1OC23CC(C2)C13,OC1OC23CC(C2)C13,-1.388640817660871,-1.4769075,-1.337652,0.13925552,-1.0123007,-1.1554348,-0.14313412
gdb_9589,CC1(CN1C=O)C#C,C#CC1(C)CN1CO,0.0642513776368787,0.100378215,0.59872645,0.49834824,-0.55916774,-0.34515327,0.21401447
gdb_9590,CC1(CN1C=O)C#N,CC1(C#N)CN1CO,1.7216796224014956,1.8925345,2.3973792,0.50484467,1.2130014,1.2071964,-0.0058050156
gdb_9598,CC1(CN1C=O)C=O,CC1(C=O)CN1CO,0.4071144539290117,0.45698375,0.98540324,0.5284195,-0.1326088,-0.078689665,0.053919137
gdb_9622,CC1(CO)CN1C=O,CC1(CO)CN1CO,0.7173243089775383,0.8498251,1.3426077,0.49278265,0.5091227,0.19438013,-0.3147426
gdb_9626,CCC1(C)CN1C=O,CCC1(C)CN1CO,1.1199088194483124,1.3478415,1.8359778,0.4881363,1.02184,1.0541023,0.032262325
gdb_9811,CC1(CN1)C(=O)C#C,C#CC(O)C1(C)CN1,0.0768463776368548,-0.0513857,0.38955134,0.44093704,-0.41356775,-0.07128527,0.34228247
gdb_9812,CC1(CN1)C(=O)C#N,CC1(C(O)C#N)CN1,1.7360126224014607,1.7368605,2.212023,0.4751625,0.76248163,1.3712289,0.6087473
gdb_9818,CC1(CN1)C(=O)C=O,CC1(C(O)CO)CN1,0.4259404539290017,0.44434947,1.1193717,0.6750222,-0.27550542,0.3790466,0.654552
gdb_9829,CNC(=O)C1(C)CN1,CNC(O)C1(C)CN1,2.81347906421297,2.979334,3.4312422,0.4519081,1.8207386,1.0079955,-0.81274307
gdb_9833,COC(=O)C1(C)CN1,COC(O)C1(C)CN1,0.6965713089775818,0.6128294,1.0714285,0.45859915,0.62905145,0.032227587,-0.5968239
gdb_9869,CC1(CN1)C#CC=O,CC1(C#CCO)CN1,0.0751543776368635,0.04884547,0.35400218,0.3051567,0.16080953,-0.121622816,-0.28243235
gdb_9886,CC1(CNC=O)CN1,CC1(CNCO)CN1,2.8233860642129684,2.9435828,3.4937613,0.5501785,1.5426359,0.86741716,-0.67521876
gdb_9890,CC1(COC=O)CN1,CC1(COCO)CN1,0.7121763089775754,0.91174525,1.1483595,0.23661429,0.4496806,-0.19149636,-0.64117694
gdb_10671,NC(=O)C1(CN1)C#C,C#CC1(C(N)O)CN1,1.7514386224015084,1.8875296,2.018366,0.13083649,1.4548239,1.2941461,-0.16067779
gdb_10672,NC(=O)C1(CN1)C#N,N#CC1(C(N)O)CN1,3.406065867166092,3.6870825,3.8226798,0.13559723,3.0205138,2.7651684,-0.25534534
gdb_10679,NC(=O)C1(CN1)C=O,NC(O)C1(C=O)CN1,2.0890676986936683,2.200411,2.3534567,0.15304565,1.7107037,0.59257317,-1.1181306
gdb_10709,CCC1(CN1)C(N)=O,CCC1(C(N)O)CN1,2.8089960642129768,3.0962546,3.2630866,0.16683197,2.318951,1.6241883,-0.6947626
gdb_10716,NC(=O)C1(CO)CN1,NC(O)C1(CO)CN1,2.4031275537421948,2.597441,2.762171,0.16473007,2.0410717,0.6342493,-1.4068223
gdb_10719,[NH3+]CC1(CN1)C([O-])=O,[NH3+]CC1(C([O-])O)CN1,2.4090765537421817,2.5282767,1.7162268,-0.81204987,2.2213333,0.98964727,-1.231686
gdb_10798,C1C(=O)COC(=O)N1,O=C1CNC(O)OC1,-0.0614030565417351,-0.19453603,0.15606135,0.35059738,-0.0037333197,-1.1086681,-1.1049348
gdb_10804,CC1=CCC(=O)NC1,CC1=CCC(O)NC1,0.7719669643997804,0.74924296,1.2267058,0.47746283,0.6609029,0.35951427,-0.30138865
gdb_10837,CC1COC(=O)CO1,CC1COC(O)CO1,-1.443340446257821,-1.5588586,-1.2622468,0.2966118,-1.4258639,-1.1524245,0.2734394
gdb_11004,CC12CC1C(=O)OC2,CC12COC(O)C1C2,-1.283058876723942,-1.2999704,-1.0682275,0.23174286,-1.0417209,-0.8966553,0.14506555
gdb_11007,CC12CN1C(=N)OC2,CC12COC(N)N1C2,2.579431123276038,2.9292128,3.0769217,0.1477089,2.631975,1.0810938,-1.5508811
gdb_11020,OC12CC1C(=O)OC2,OC1OCC2(O)CC12,-1.6836323871947343,-1.8490503,-1.598089,0.2509613,-1.360836,-1.2706591,0.09017694
gdb_11142,O=C1CC(C=C1)C#C,C#CC1CCC(O)C1,-1.9727257221761647,-2.2564676,-1.4779794,0.77848816,-1.74303,-1.251776,0.49125397
gdb_11143,O=C1CC(C=C1)C#N,N#CC1CCC(O)C1,-0.3191964774115376,-0.41729146,0.38248652,0.799778,-0.9407006,0.23023848,1.1709391
gdb_11144,O=C1NC(C=C1)C#C,C#CC1CCC(O)N1,-0.2771384774115404,-0.50527745,0.37837428,0.88365173,-0.9035675,-0.45500362,0.44856387
gdb_11146,N=C1CN=C(N1)C#C,C#CC1NCC(N)N1,3.558301522588465,3.9797423,4.2669926,0.28725028,0.550903,1.5090567,0.95815367
gdb_11147,N=C1CN=C(N1)C#N,N#CC1NCC(N)N1,5.218684767353068,5.7856083,6.1093006,0.32369232,2.5917408,3.5381813,0.94644046
gdb_11155,C#CC1=NCC(=O)O1,C#CC1NCC(O)O1,-0.699999987882336,-0.38480932,-0.13219625,0.25261307,-1.5190732,-0.15552373,1.3635495
gdb_11158,C#CC1=CC(=O)CC1,C#CC1CCC(O)C1,-1.9860187221761976,-2.3238885,-1.4779794,0.8459091,-2.710513,-1.251776,1.4587371
gdb_11159,C1CC(=O)C=C1C#N,N#CC1CCC(O)C1,-0.3275564774115764,-0.5921915,0.38248652,0.97467804,-1.1126317,0.23023848,1.3428701
gdb_11160,C#CC1=CC(=O)NC1,C#CC1CNC(O)C1,-0.291073477411544,-0.41524297,0.28891963,0.7041626,-0.1490104,-0.45052776,-0.30151737
gdb_11186,O=C1NC(CO1)C#C,C#CC1COC(O)N1,-0.4021961328339216,-0.56762487,-0.23385793,0.33376694,0.11743037,-0.17592543,-0.2933558
gdb_11189,O=C1NCC(O1)C#C,C#CC1CNC(O)O1,-0.4021181328338912,-0.572275,-0.22333318,0.3489418,0.09203684,-0.16863225,-0.2606691
gdb_11190,O=C1NCC(O1)C#N,N#CC1CNC(O)O1,1.255206111930704,1.2402136,1.6180747,0.37786102,1.2238117,0.53837556,-0.6854362
gdb_11194,C1CC(=O)C=C1C=O,OCC1CCC(O)C1,-1.6372256458840295,-1.8972719,-0.639303,1.2579689,-1.402147,-0.64829487,0.7538522
gdb_11195,N=C1CN=C(N1)C=O,NC1CNC(CO)N1,3.9110755988805295,4.320879,5.017191,0.69631195,2.5477595,0.9290897,-1.6186697
gdb_11200,C1C(=O)OC(=N1)C=O,OCC1NCC(O)O1,-0.3491499115902456,0.05094737,0.63420314,0.58325577,-0.72924525,-0.8681538,-0.13890857
gdb_11202,O=CC1CC(=O)C=C1,O=CC1CCC(O)C1,-1.628289645884024,-1.8723619,-0.9696558,0.9027061,-1.3411808,-1.0942683,0.24691248
gdb_11215,O=CC1CNC(=O)O1,O=CC1CNC(O)O1,-0.0596740565417235,-0.13549596,0.21920222,0.35469818,-0.08893645,-0.77594894,-0.6870125
gdb_11217,O=CC1COC(=O)N1,O=CC1COC(O)N1,-0.0585930565417243,-0.16430837,0.21461695,0.37892532,0.044715326,-0.7726207,-0.817336
gdb_11317,CN=C1NC(=O)C=C1,CNC1CCC(O)N1,2.1780783541159963,2.0327399,3.4524786,1.4197388,1.7624323,1.5766112,-0.18582118
gdb_11320,CC1=NCC(=NC)N1,CNC1CNC(C)N1,4.614538964399799,5.2775135,5.6461163,0.36860275,3.1046445,2.326969,-0.7776756
gdb_11321,CN=C1CC(=O)CO1,CNC1CC(=O)CO1,0.38080245392905,0.3134367,0.6956236,0.3821869,0.39880976,0.012660771,-0.386149
gdb_11322,CN=C1CCC(=O)N1,CNC1CCC(O)N1,2.468089209164418,2.7141821,3.452471,0.7382889,2.1289852,1.5766112,-0.552374
gdb_11323,CN=C1CCC(=O)O1,CNC1CCC(O)O1,0.3529664539290138,0.71349543,1.1556952,0.44219977,0.41523832,0.6371825,0.22194415
gdb_11339,CCC1=CC(=O)CC1,CCC1CCC(O)C1,-0.924878280364794,-1.1690195,-0.23883611,0.93018335,-0.8304168,-0.35598192,0.47443488
gdb_11340,CCC1=CC(=O)NC1,CCC1CNC(O)C1,0.7701969643998154,0.7461187,1.5009139,0.75479513,0.9970878,0.81373507,-0.18335271
gdb_11343,CNC1=CC(=O)CC1,CNC1CCC(O)C1,0.7787789643998053,0.8812124,1.6261618,0.7449494,0.73583156,-0.3503888,-1.0862204
gdb_11344,CNC1=CC(=O)NC1,CNC1CNC(O)C1,2.4804012091644267,2.8808348,3.367224,0.48638916,2.5794969,1.6258599,-0.953637
gdb_11348,C1CC(=O)C=C1CO,OCC1CCC(O)C1,-1.3246517908356168,-1.5992105,-0.639303,0.9599075,-0.8671768,-0.64829487,0.2188819
gdb_11349,C1C(=CC(=O)N1)CO,OCC1CNC(O)C1,0.3712174539290345,0.3138296,1.0999167,0.7860871,0.50188655,0.25706857,-0.24481797
gdb_11362,CCC1=NCC(=N)N1,CCC1NCC(N)N1,4.609849964399814,5.270029,5.432207,0.16217804,3.1401258,1.6649863,-1.4751395
gdb_11364,CCC1=NCC(=O)O1,CCC1NCC(O)O1,0.3471484539290372,0.8732168,1.05316,0.17994314,0.6748564,0.6090469,-0.06580955
gdb_11366,COC1=NCC(=N)N1,COC1NCC(N)N1,4.203105453929027,4.627527,5.045187,0.41765976,3.90737,0.4093442,-3.498026
gdb_11371,OCC1=NCC(=N)N1,NC1CNC(CO)N1,4.210304453929041,4.880785,5.0171986,0.13641357,3.1450202,0.9290897,-2.2159305
gdb_11373,C1C(=O)OC(=N1)CO,OCC1NCC(O)O1,-0.0449930565417275,0.48650187,0.6341955,0.14769363,0.16683182,-0.8681538,-1.0349857
gdb_11381,CCC1CC(=O)C=C1,CCC1CCC(O)C1,-0.9169682803648128,-1.0653665,-0.23883611,0.8265304,-0.87348497,-0.35598192,0.517503
gdb_11382,CCC1NC(=O)C=C1,CCC1CCC(O)N1,0.7738659643998176,0.7612173,1.5842764,0.82305914,0.5909731,0.803049,0.21207595
gdb_11385,COC1CC(=O)C=C1,COC1CCC(O)C1,-1.3099927908355653,-1.4805124,-0.5906885,0.88982385,-1.4962416,-0.6751784,0.82106316
gdb_11389,OCC1CC(=O)C=C1,OCC1CCC(O)C1,-1.319458790835597,-1.4827249,-0.639303,0.8434219,-0.9212646,-0.64829487,0.27296972
gdb_11390,OCC1NC(=O)C=C1,OCC1CCC(O)N1,0.3721044539290119,0.35786647,1.173384,0.8155175,0.34472612,0.26554775,-0.07917836
gdb_11415,CCC1CNC(=O)O1,CCC1CNC(O)O1,0.6468043089775506,0.7227194,1.020941,0.29822165,1.1015282,0.63675344,-0.46477473
gdb_11419,CCC1COC(=O)N1,CCC1COC(O)N1,0.6498983089775834,0.6268484,0.96788234,0.34103394,1.1072091,0.63675344,-0.47045565
gdb_11429,COC1CNC(=O)O1,COC1CNC(O)O1,0.2448537985067673,0.2437002,0.5965635,0.3528633,0.25712162,-1.5638496,-1.8209713
gdb_11442,OCC1CNC(=O)O1,OCC1CNC(O)O1,0.245100798506769,0.31070918,0.60264796,0.29193878,0.52697223,-0.8678267,-1.394799
gdb_11446,OCC1COC(=O)N1,OCC1COC(O)N1,0.2477977985067809,0.21584147,0.5555975,0.339756,0.51826,-0.8548829,-1.373143
gdb_11484,O=C(CC1CN1)C#C,C#CC(O)CC1CN1,0.0815103776368459,-0.21393377,0.22418422,0.43811798,0.056618508,0.06326715,0.006648641
gdb_11485,O=C(CC1CN1)C#N,N#CC(O)CC1CN1,1.7416306224014877,1.5923483,2.0525382,0.46018982,1.1456627,1.7391301,0.5934675
gdb_11488,C#CC(=O)CN1CC1,C#CC(O)CN1CC1,0.0897173776368731,-0.050821126,0.3240835,0.37490463,-0.62120557,-0.32761315,0.29359242
gdb_11489,C1CN1CC(=O)C#N,N#CC(O)CN1CC1,1.7488736224015042,1.7552168,2.1527274,0.39751053,0.90269595,0.7932417,-0.109454274
gdb_11495,O=CC(=O)CC1CN1,OCC(O)CC1CN1,0.4270674539289985,0.2718069,1.1277373,0.8559304,-0.30708197,0.66192394,0.96900594
gdb_11497,C1CN1CC(=O)C=O,OCC(O)CN1CC1,0.4385344539290372,0.4309637,1.1976225,0.76665884,-0.71269995,0.4339618,1.1466618
gdb_11529,CN(CC1CN1)C=O,CN(CO)CC1CN1,2.8363550642129667,3.0226386,3.4825232,0.45988464,1.1221365,1.2552173,0.13308084
gdb_11543,CNC(=O)CC1CN1,CNC(O)CC1CN1,2.8234670642129345,2.8040106,3.3837607,0.57975006,1.7193183,1.010229,-0.7090893
gdb_11545,CNC(=O)CN1CC1,CNC(O)CN1CC1,2.8279350642129657,2.9605658,3.4568427,0.49627686,2.0339773,0.95094883,-1.0830284
gdb_11549,COC(=O)CC1CN1,COC(O)CC1CN1,0.7073593089775727,0.5159399,1.0638449,0.547905,0.5660514,0.1357315,-0.4303199
gdb_11551,COC(=O)CN1CC1,COC(O)CN1CC1,0.7161823089775794,0.67186946,1.1402228,0.46835333,0.55013454,0.28798437,-0.26215017
gdb_11580,CC(=O)C#CC1CN1,CC(O)C#CC1CN1,0.0646203776368565,0.28724498,0.19790477,-0.08934021,0.39575174,0.2613996,-0.13435215
gdb_11583,NC(=O)C#CC1CN1,NC(O)C#CC1CN1,1.7545936224015009,1.9614508,1.810221,-0.15122986,2.09748,1.929241,-0.16823912
gdb_11586,CC(=N)OCC1CN1,CC(N)OCC1CN1,2.8470130642129448,3.147444,3.1866286,0.03918457,1.7660917,0.6060703,-1.1600214
gdb_11593,CC(=O)NCC1CN1,CC(O)NCC1CN1,2.8214560642129527,2.9448035,3.220465,0.27566147,1.9091505,0.9698795,-0.939271
gdb_11596,CC(=O)OCC1CN1,CC(O)OCC1CN1,0.700112308977566,0.85189265,0.88065547,0.028762817,0.63318276,0.019466456,-0.6137163
gdb_11600,C1CN1CCC(=O)N,NC(O)CCN1CC1,2.824974064212938,2.8568213,3.2371848,0.38036346,2.5533674,0.80479556,-1.7485719
gdb_11603,NC(=O)NCC1CN1,NC(O)NCC1CN1,4.517415308977547,4.661669,4.9106083,0.24893951,3.579791,1.1538087,-2.4259825
gdb_11606,NC(=O)OCC1CN1,NC(O)OCC1CN1,2.397859553742194,2.500643,2.5444663,0.043823242,2.2712646,0.13394989,-2.1373146
gdb_11692,O=C1OC2(CC12)C#C,C#CC12CC1C(O)O2,-2.3022343185354543,-2.5313241,-2.2853944,0.24592972,-2.0569649,-1.6729698,0.38399506
gdb_11693,O=C1OC2(CC12)C#N,N#CC12CC1C(O)O2,-0.6429390737708331,-0.72830755,-0.48534566,0.24296188,-1.3759329,-0.09497605,1.2809569
gdb_11699,O=CC12CC1C(=O)O2,O=CC12CC1C(O)O2,-1.9561532422432608,-2.1424844,-1.9415185,0.20096588,-1.6553442,-1.6622028,-0.0068585873
gdb_11733,CCC12CC1C(=O)O2,CCC12CC1C(O)O2,-1.25030387672399,-1.1562135,-1.0211198,0.13509369,-0.9178131,-0.8669883,0.05082482
gdb_11741,OCC12CC1C(=O)O2,OCC12CC1C(O)O2,-1.649838387194734,-1.6585901,-1.5240686,0.13452148,-1.3179542,-1.2596726,0.05828154
gdb_11850,C1CC12CN(C2)C=O,OCN1CC2(CC2)C1,0.8831288785113998,1.0854208,1.5594656,0.4740448,0.80220646,0.7148921,-0.08731437
gdb_11866,C1CC12CC(=O)C=C2,OC1CCC2(CC2)C1,-1.1501972213017666,-1.1007745,-0.43424016,0.66653436,-1.1057764,-0.50251937,0.60325706
gdb_11874,N=C1CCC2(CC2)O1,NC1CCC2(CC2)O1,0.8626248785114399,1.0569632,1.1888449,0.13188171,0.88709694,0.79710513,-0.08999181
gdb_11881,O=C1CC2(CO2)CO1,OC1CC2(CO1)CO2,-1.6804743871947494,-1.8269556,-1.4932497,0.3337059,-1.5060178,-1.0990988,0.406919
gdb_11900,CC1=NCC2(O1)CC2,CC1NCC2(CC2)O1,0.8622258785114241,1.3236411,1.3663466,0.042705536,0.92047036,0.99526954,0.07479918
gdb_12298,N=C1NCCOC1=O,NC1NCCOC1O,2.071923698693638,2.149439,2.6497138,0.50027466,2.335016,-0.05684212,-2.391858
gdb_12327,CC1C=CCNC1=O,CC1C=CCNC1O,0.7775879643997996,0.86578196,1.2872107,0.42142874,0.72488,0.3653983,-0.3594817
gdb_12336,OC1C=CCNC1=O,OC1C=CCNC1O,0.3717314539290441,0.40863627,0.7639219,0.35528564,0.52114624,0.4655727,-0.055573523
gdb_12343,CN1CC=CCC1=O,CN1CC=CCC1O,0.7816629643997999,0.9219038,1.3604605,0.43855673,0.69547504,0.574693,-0.12078202
gdb_12392,CC1OCCOC1=O,CC1OCCOC1O,-1.4424194462578157,-1.5307481,-1.260164,0.2705841,-1.3421143,-1.0531391,0.28897524
gdb_12427,C1C=CCC(=O)C=C1,OC1CC=CCCC1,-1.197212135413224,-1.2267625,-0.53476125,0.6920013,-0.2919285,-0.61136955,-0.31944105
gdb_12460,C1CN=CNC(=O)N1,OC1NCCNCN1,4.180112453929041,4.3832645,5.0806065,0.6973419,3.503431,0.35235894,-3.151072
gdb_12469,C1COCC(=O)C=C1,OC1CCCCOC1,-1.3057957908355888,-1.4411905,-0.6606005,0.78059,-1.410535,-0.67217946,0.7383555
gdb_12475,N=C1CCCCCO1,NC1CCCCCO1,1.1086998194483613,1.2012122,1.4612525,0.26004028,1.0941608,0.75203,-0.34213078
gdb_12486,C1CC(=O)OCOC1,OC1CCCOCO1,-1.4365704462578035,-1.6466653,-1.1399133,0.506752,-1.3538306,-1.035798,0.31803262
gdb_12518,CC1=NCCCCO1,CC1NCCCCO1,1.1058298194483314,1.4233878,1.5644934,0.14110565,1.2194052,1.0046439,-0.21476126
gdb_12535,CC1CCN=COC1,CC1CCNCOC1,1.114951819448322,1.2768042,1.5471671,0.27036285,1.1673119,1.0032119,-0.16410005
gdb_12538,OC1CCN=COC1,OC1CCNCOC1,0.7113923089775653,0.8653967,1.1205161,0.25511938,0.65953684,0.5096328,-0.14990401
gdb_12541,CC1CCCN=CO1,CC1CCCNCO1,1.1106328194483126,1.2111266,1.5759299,0.3648033,1.1685915,1.0331264,-0.13546515
gdb_12542,CC1CCOC=NC1,CC1CCOCNC1,1.1148838194483233,1.2398627,1.5600073,0.32014465,1.1627247,1.0032119,-0.15951288
gdb_12547,OC1CCOC=NC1,OC1CCOCNC1,0.7099803089775492,0.84283274,1.1398413,0.29700857,0.65953684,0.5096328,-0.14990401
gdb_12550,CC1CCCOC=N1,CC1CCCOCN1,1.1130838194483204,1.290827,1.5993788,0.3085518,1.1666433,1.0032119,-0.1634314
gdb_12575,CC1=C(C(=O)CC1)C,CC1CCC(O)C1C,-0.9345102803648048,-0.7067545,-0.18457586,0.52217865,-0.7336845,-0.3020505,0.43163398
gdb_12576,CC1=C(C(=O)NC1)C,CC1CNC(O)C1C,0.760024964399804,1.1532004,1.5578024,0.40460205,0.82935053,0.81465006,-0.014700472
gdb_12578,CC1=C(CCC1=O)N,CC1C(N)CCC1O,0.7666849643998148,1.1759131,1.4070075,0.23109436,0.9858093,0.3236946,-0.66211474
gdb_12579,CC1=C(CNC1=O)N,CC1C(N)CNC1O,2.467715209164396,3.1151984,3.155535,0.04033661,2.8466654,1.3930513,-1.4536141
gdb_12585,C1C(=O)C(=O)C(=N1)N,NC1NCC(O)C1O,1.777950843645158,1.8441794,2.6921217,0.84794235,1.4860026,0.9157236,-0.57027894
gdb_12587,CN1C(=N)C=CC1=O,CN1C(N)CCC1O,2.1733853541159647,2.2331946,3.1882956,0.955101,3.1852756,0.2517184,-2.933557
gdb_12594,CN1C(=N)CN=C1C,CC1NCC(N)N1C,4.608972964399811,5.3594837,5.336912,-0.022571564,2.9861295,1.674235,-1.3118945
gdb_12599,CC1C(=N)OCC1=O,CC1C(=O)COC1N,0.3722314539290323,0.3516943,0.51797694,0.16628265,0.5563135,0.1893216,-0.3669919
gdb_12603,CN1C(=N)CCC1=O,CN1C(N)CCC1O,2.461992209164407,2.9712203,3.1882956,0.21707535,2.1838503,0.2517184,-1.9321319
gdb_12613,OC1C(=N)OCC1=O,NC1OCC(=O)C1O,-0.0245870565417476,-0.015882313,0.06910151,0.084983826,-0.15789601,-0.634275,-0.476379
gdb_12621,CC1C(O)C=CC1=O,CC1C(O)CCC1O,-1.3193317908355766,-1.3724039,-0.6566294,0.7157745,-1.0826881,-0.68146676,0.40122133
gdb_12622,CC1C=CC(=O)C1C,CC1CCC(O)C1C,-0.9169852803648268,-0.8614939,-0.18457204,0.67692184,-0.87660635,-0.3020505,0.5745559
gdb_12623,CC1C=CC(=O)C1O,CC1CCC(O)C1O,-1.3231207908356168,-1.27577,-0.6797045,0.59606546,-1.0731059,-0.6811206,0.39198536
gdb_12624,CC1C=CC(=O)N1C,CC1CCC(O)N1C,0.7751349643997969,0.9034254,1.5586188,0.6551934,0.6183762,1.0171499,0.39877373
gdb_12625,OC1C=CC(=O)C1O,OC1CCC(O)C1O,-1.7272423013063758,-1.7951334,-1.1541727,0.6409607,-1.1811845,-1.2689332,-0.08774865
gdb_12629,CC1N=CN(C)C1=N,CC1NCN(C)C1N,4.6192579643998215,5.2926617,5.3957806,0.1031189,2.9068222,1.653655,-1.2531672
gdb_12639,CC1=CCC(O)C1=O,CC1CCC(O)C1O,-1.330684790835562,-1.4691217,-0.6797083,0.7894134,-0.7999026,-0.6811206,0.11878204
gdb_12640,CC1CC=C(C)C1=O,CC1CCC(C)C1O,-0.9276332803648302,-1.0248239,-0.20319158,0.8216323,-0.7846679,-0.3020505,0.4826174
gdb_12642,CC1=CCN(C1=O)C,CC1CCN(C)C1O,0.76858996439978,0.8670141,1.5953009,0.7282868,0.83630973,1.0447756,0.20846587
gdb_12650,CC1CNC(=O)C1=O,CC1CNC(O)C1O,0.3536384539290225,0.38817424,1.0595229,0.67134863,0.4395873,0.21577393,-0.22381337
gdb_12654,CC1OCC(=O)C1=O,CC1OCC(O)C1O,-1.7265323013063494,-1.9152505,-1.2405488,0.6747017,-1.6279974,-0.955524,0.6724734
gdb_12656,CN1CCC(=O)C1=O,CN1CCC(O)C1O,0.3551774539290022,0.389826,1.1247427,0.73491675,0.32306856,0.35844344,0.03537488
gdb_12659,OC1CNC(=O)C1=O,OC1CNC(O)C1O,-0.0479670565417222,-0.066121876,0.5892584,0.65538025,-0.11190906,-0.30888236,-0.1969733
gdb_12676,CC1COC(=O)N1C,CC1COC(O)N1C,0.6517533089775611,0.70353526,0.99958247,0.2960472,0.69372,0.58571684,-0.10800314
gdb_12937,CC12C(O)C1OC2=O,CC12C(O)OC1C2O,-1.652264387194748,-1.7356088,-1.4714792,0.26412964,-0.9055835,-1.0006713,-0.09508777
gdb_12945,CC1C2OC(=O)C12C,CC1C2OC(O)C12C,-1.249690876723946,-1.25794,-0.9930399,0.26490015,-1.0531454,-0.729611,0.32353443
gdb_12946,CC1C2OC(=O)C12N,CC1C2OC(O)C12N,0.4656663680406723,0.49234217,0.6975309,0.20518875,0.97498095,0.7274611,-0.24751985
gdb_12947,CC1C2OC(=O)C12O,CC1C2OC(O)C12O,-1.648839387194755,-1.7351015,-1.5283716,0.20672989,-0.90080404,-0.99800307,-0.09719902
gdb_12952,NC12C(O)C1OC2=O,NC12C(O)OC1C2O,0.0628748575698523,0.010225475,0.22100657,0.2107811,0.8525285,-0.98410344,-1.836632
gdb_12955,NC1C2OC(=O)C12N,NC1C2OC(O)C12N,2.18326861280525,2.11529,2.3274214,0.2121315,2.4351416,0.3582125,-2.076929
gdb_12960,OC1C2OC(=O)C12O,OC1OC2C(O)C12O,-2.050062897665498,-2.663595,-3.1248147,-0.4612198,-0.7286251,-2.6888032,-1.9601781
gdb_12983,CC12CC1COC2=O,CC12CC1COC2O,-1.283761876723986,-1.4155138,-1.0880754,0.32743835,-1.0367473,-0.8966553,0.14009202
gdb_12994,NC12CC1COC2=O,NC12CC1COC2O,0.4318223680406277,0.32172602,0.5937521,0.27202606,0.7099558,0.64723355,-0.062722266
gdb_12998,OC12CC1COC2=O,OC1OCC2CC21O,-1.6852233871947533,-1.8801248,-1.5908983,0.28922653,-1.3648843,-1.2689974,0.09588683
gdb_13369,CCN=C1CN=CN1,CCNC1CNCN1,4.624250964399778,5.1357365,5.564234,0.4284973,2.2964408,2.3474877,0.05104685
gdb_13478,NC(=O)C1OCC1=O,NC(O)C1OCC1=O,-0.0245220565417412,-0.16846257,-0.006082356,0.16238022,0.2456041,-0.689652,-0.9352561
gdb_13572,CC1CN1C(=N)C#N,CC1CN1C(N)C#N,3.857366377636879,4.0000095,4.269022,0.26901245,2.0019732,2.801333,0.7993598
gdb_13573,CC1CN1C(=O)C#C,C#CC(O)N1CC1C,0.0634293776368508,-0.015127003,0.38036555,0.39549255,-0.58969873,-0.4361389,0.15355983
gdb_13574,CC1CN1C(=O)C#N,CC1CN1C(O)C#N,1.7215316224014714,1.7847998,2.2024024,0.41760254,1.1572245,0.8801957,-0.27702886
gdb_13575,CC1NC1C(=O)C#C,C#CC(O)C1NC1C,0.0754903776368678,0.02577418,0.35611552,0.33034134,-0.28585595,0.021738455,0.30759442
gdb_13576,CC1NC1C(=O)C#N,CC1NC1C(O)C#N,1.7346056224014887,1.8182051,2.182955,0.3647499,0.8191573,1.6761268,0.85696954
gdb_13579,CN1CC1C(=O)C#C,C#CC(O)C1CN1C,0.0842823776368959,0.032892406,0.3380949,0.30520248,-0.5258332,-0.41824678,0.10758641
gdb_13580,CN1CC1C(=O)C#N,CN1CC1C(O)C#N,1.7441486224014966,1.8247702,2.1647513,0.33998108,0.6943448,0.8801957,0.18585086
gdb_13584,CC1CN1C(=N)C=O,CC1CN1C(N)CO,2.5477842091644334,2.677725,3.2107565,0.53303146,1.6655524,0.6398731,-1.0256793
gdb_13585,CC1CN1C(=O)C=O,CC1CN1C(O)CO,0.4093294539290468,0.3478071,1.2042716,0.85646445,-0.16898456,0.22573258,0.39471716
gdb_13586,CC1NC1C(=O)C=O,CC1NC1C(O)CO,0.4220744539290422,0.5030691,1.1856749,0.6826058,-0.18975225,0.4219052,0.61165744
gdb_13588,CN1CC1C(=O)C=O,CN1CC1C(O)CO,0.4315584539290285,0.50931376,1.1505911,0.6412774,-0.7349613,0.12016817,0.8551294
gdb_13591,CC1CN1C(=O)CO,CC1CN1C(O)CO,0.7101143089775519,0.73291224,1.2042792,0.47136694,0.58692074,0.22573258,-0.36118817
gdb_13599,CCC(=O)N1CC1C,CCC(O)N1CC1C,1.1140368194483583,1.122042,1.6216414,0.49959946,1.0389951,1.1311619,0.09216678
gdb_13603,CNC(=O)C1CN1C,CNC(O)C1CN1C,2.828173064212933,3.0449927,3.4248068,0.37981415,2.3051078,1.0508199,-1.254288
gdb_13604,CNC(=O)C1NC1C,CNC(O)C1NC1C,2.820974064212976,3.035086,3.4567435,0.42165756,1.8237456,0.9996852,-0.8240604
gdb_13606,CNC(=O)N1CC1C,CNC(O)N1CC1C,2.8137300642129617,2.90111,3.4937422,0.5926323,2.6603975,1.0465494,-1.6138481
gdb_13609,COC(=O)C1CN1C,COC(O)C1CN1C,0.711370308977564,0.7092535,1.0855277,0.37627417,0.6545333,0.5718697,-0.082663655
gdb_13610,COC(=O)C1NC1C,COC(O)C1NC1C,0.7035153089775577,0.7047636,1.110224,0.40546042,0.79631513,-0.07625027,-0.8725654
gdb_13612,COC(=O)N1CC1C,COC(O)N1CC1C,0.6964553089775904,0.5129797,1.1443236,0.6313439,0.7546853,0.5868787,-0.16780657
gdb_13655,CC1NC1C#CC=O,CC1NC1C#CCO,0.0737993776368739,0.019190013,0.34504908,0.32585907,0.32955563,0.43504256,0.10548693
gdb_13657,CN1CC1C#CC=O,CN1CC1C#CCO,0.0832673776368437,0.061926067,0.3840887,0.32216263,-0.3298578,-0.17484319,0.1550146
gdb_13681,CC1NC1CNC=O,CC1NC1CNCO,2.8252860642129463,2.926016,3.4555762,0.5295601,1.6007186,1.0796655,-0.5210531
gdb_13682,CC1NC1COC=O,CC1NC1COCO,0.7144863089775413,0.85667247,1.1605704,0.30389792,0.61360997,0.16972001,-0.44388998
gdb_13688,CN1CC1CNC=O,CN1CC1CNCO,2.839259064212968,2.8858283,3.3943503,0.50852203,1.9476157,0.9818019,-0.9658138
gdb_13689,CN1CC1COC=O,CN1CC1COCO,0.7288043089775442,0.82429713,1.103472,0.27917486,0.3592106,0.34861505,-0.01059556
gdb_13739,CC(=O)N1CC1C#C,C#CC1CN1C(C)O,0.0617993776368734,0.058748424,0.32129115,0.26254272,-0.5689761,-0.4361389,0.1328372
gdb_13740,CC(=O)N1CC1C#N,CC(O)N1CC1C#N,1.7173436224014722,1.9046118,2.1689475,0.26433563,1.1929697,0.87831414,-0.31465554
gdb_13743,NC(=O)C1NC1C#C,C#CC1NC1C(N)O,1.75651962240147,1.8094809,2.0254614,0.21598053,1.2008098,1.3055164,0.104706526
gdb_13744,NC(=O)C1NC1C#N,N#CC1NC1C(N)O,3.4116518671660856,3.6532385,3.8691008,0.21586227,2.6712854,2.719529,0.048243523
gdb_13747,NC(=O)N1CC1C#C,C#CC1CN1C(N)O,1.7563416224014643,1.7146933,2.0053504,0.29065704,1.7386873,-0.00505066,-1.7437379
gdb_13748,NC(=O)N1CC1C#N,N#CC1CN1C(N)O,3.4114228671660958,3.5606406,3.8530676,0.29242706,1.7576643,1.1267738,-0.6308905
gdb_13750,CC(=O)C1CN1C=O,CC(=O)C1CN1CO,0.4011284539290045,0.43057078,1.0215895,0.59101874,-0.14679056,-0.03350241,0.11328815
gdb_13753,CC(=O)N1CC1C=O,CC(O)N1CC1C=O,0.4039584539290217,0.46513957,0.7838537,0.31871414,-0.21005498,-0.13498496,0.07507002
gdb_13755,NC(=O)C1CN1C=O,NC(O)C1CN1CO,2.0892686986936155,2.1652243,2.933077,0.7678528,1.5209646,-0.19980036,-1.720765
gdb_13756,NC(=O)C1NC1C=O,NC(O)C1NC1C=O,2.1045986986936214,2.256327,2.463053,0.20672607,1.5435958,0.7110699,-0.8325259
gdb_13758,NC(=O)N1CC1C=O,NC(O)N1CC1C=O,2.0988436986936563,2.1190436,2.4681876,0.34914398,1.5904216,-0.2551814,-1.845603
gdb_13759,[O-]C(=O)C1CN1C=[NH2+],[NH2+]CN1CC1C([O-])O,2.1019806986936374,2.5032752,1.5865347,-0.9167404,1.6244586,-0.47574377,-2.1002023
gdb_13776,CC(C)C1CN1C=O,CC(C)C1CN1CO,1.1280308194483268,1.247267,1.8452017,0.5979347,1.0534717,1.0228474,-0.03062427
gdb_13781,CC(O)C1CN1C=O,CC(O)C1CN1CO,0.7200203089775528,0.64765376,1.2491858,0.60153204,0.44342622,0.1956409,-0.24778531
gdb_13787,CC(=O)N1CC1CO,CC(O)N1CC1CO,0.7108073089775644,0.80987376,1.1045859,0.29471213,0.58379275,0.2262751,-0.35751766
gdb_13790,CCC1CN1C(C)=O,CCC1CN1C(C)O,1.1142518194483273,1.2158225,1.5207503,0.30492783,0.99714917,1.1311619,0.13401276
gdb_13791,CCC1CN1C(N)=O,CCC1CN1C(N)O,2.8084250642129405,2.8684332,3.2048285,0.33639526,2.7693443,0.60791534,-2.161429
gdb_13793,CCC1NC1C(N)=O,CCC1NC1C(N)O,2.816490064212928,3.01676,3.2245314,0.2077713,2.3120406,1.5982937,-0.7137469
gdb_13797,CCN1CC1C(N)=O,CCN1CC1C(N)O,2.821278064212948,3.002146,3.2038214,0.20167542,2.1576202,0.6212199,-1.5364003
gdb_13802,NC(=O)C1NC1CO,NC(O)C1NC1CO,2.4145945537421767,2.5971358,2.8035452,0.20640945,2.130487,0.6363735,-1.4941134
gdb_13804,NC(=O)N1CC1CO,NC(O)N1CC1CO,2.399839553742197,2.462515,2.7886755,0.32616043,1.4389682,-0.19980036,-1.6387686
gdb_13806,[NH3+]CC1NC1C([O-])=O,[NH3+]CC1NC1C([O-])O,2.405338553742183,2.3048308,1.5525992,-0.7522316,2.2272072,0.8689672,-1.35824
gdb_13904,CC1C(C)N1C(C)=O,CC(O)N1C(C)C1C,1.1119378194483147,1.2644904,1.5483572,0.28386688,0.9659061,0.99135655,0.025450468
gdb_13905,CC1C(C)N1C(N)=O,CC1C(C)N1C(N)O,2.8059740642129327,2.9269698,3.2300475,0.3030777,3.1252255,0.9109106,-2.214315
gdb_13908,CC1C(N1C)C(N)=O,CC1C(C(N)O)N1C,2.816093064212964,3.0024207,3.1761153,0.17369461,2.180901,0.9555914,-1.2253096
gdb_13925,C1CC2(C1)CNC2=O,OC1NCC12CCC2,0.8628868785114037,0.97250575,1.3520339,0.3795281,1.0624411,0.8776179,-0.18482322
gdb_13926,O=C1NCC11CCO1,OC1NCC12CCO2,0.4619203680406372,0.49315852,0.87494105,0.38178253,0.74544823,0.83779144,0.09234321
gdb_13959,N=COC12CC1OC2,NCOC12COC1C2,0.5206853680406311,0.37189692,0.7531797,0.3812828,0.5115131,0.8363846,0.32487148
gdb_13967,O=CNC12CC1OC2,OCNC12COC1C2,0.4880543680406504,0.18743342,0.81820124,0.6307678,0.44935083,0.56655365,0.11720282
gdb_13969,O=COC12CC1OC2,OCOC12COC1C2,-1.6219733871947142,-1.7790506,-1.4811952,0.29785538,-1.5058557,-1.3927972,0.11305845
gdb_14074,CC1NC11COC1=N,CC1NC12COC2N,2.602004123276004,2.7884696,3.0553153,0.2668457,2.4403138,2.1242595,-0.31605434
gdb_14083,CN1CC11COC1=N,CN1CC12COC2N,2.6179451232760584,2.7914832,3.0293677,0.23788452,2.345307,1.0854398,-1.2598673
gdb_14115,NC(=O)C12CC1CO2,NC(O)C12CC1CO2,0.4655843680406519,0.4291517,0.5676672,0.13851547,0.6898811,0.38761476,-0.30226633
gdb_14116,NC(=O)C12CC1OC2,NC(O)C12COC1C2,0.4714413680406437,0.44858378,0.61821955,0.16963577,0.6886899,0.31964692,-0.36904296
gdb_14134,CC1CC11CN=CO1,CC1CC12CNCO2,0.8725358785114281,0.9313986,1.3458998,0.41450125,0.8501084,1.0091074,0.15899897
gdb_14137,OC1CC11CN=CO1,OC1CC12CNCO2,0.4709553680406202,0.4285223,0.8402502,0.4117279,0.3871387,0.34811085,-0.03902784
gdb_14281,CC1C2CC(=O)NC12,CC1C2CC(O)NC12,0.8385788785114414,0.8236372,1.3830893,0.5594521,0.96961373,1.0002164,0.030602634
gdb_14290,OC1C2CC(=O)NC12,OC1CC2C(O)C2N1,0.4362773680406349,0.3315603,0.8892996,0.55773926,0.55837065,0.37194407,-0.18642658
gdb_14316,O=C1CC2CNC2=C1,OC1CC2CNC2C1,0.5756870234628764,0.71051234,1.3311713,0.62065893,0.86741024,0.8188832,-0.048527062
gdb_14319,O=C1NC2CCC2=C1,OC1CC2CCC2N1,0.5579560234628502,0.4895422,1.3845961,0.8950539,0.86741024,0.8188832,-0.048527062
gdb_14333,O=C1NC2CCC2N1,OC1NC2CCC2N1,2.534448123276036,2.6430762,3.1773398,0.5342636,2.844008,1.9904112,-0.8535968
gdb_14359,C1C2CC11OC=NC21,C1NC2C3CC2(C3)O1,0.7038289375744853,0.62846965,1.0672019,0.4387322,0.5726019,0.5595984,-0.013003528
gdb_15041,CN=C(C#N)N1CC1,CNC(C#N)N1CC1,3.866260377636877,4.0200825,4.708063,0.68798065,2.8632538,1.5355767,-1.3276771
gdb_15042,CN=C(C=O)N1CC1,CNC(CO)N1CC1,2.5608102091644014,2.6033728,3.5088904,0.9055176,1.4855729,0.88917726,-0.5963957
gdb_15127,O=CC#CCC1CN1,OCC#CCC1CN1,0.0803993776368656,-0.09183675,0.21651667,0.30835342,0.10358179,0.18676034,0.08317854
gdb_15129,C1CN1CC#CC=O,OCC#CCN1CC1,0.089151377636881,0.1447584,0.4483549,0.3035965,-0.5338224,-0.08590764,0.44791478
gdb_15145,C1CN1CCNC=O,OCNCCN1CC1,2.838796064212943,2.9896224,3.4519942,0.46237183,2.013147,0.6577721,-1.355375
gdb_15148,C1CN1CCOC=O,OCOCCN1CC1,0.7256953089775493,0.8951284,1.1947806,0.29965216,0.28122753,0.16687502,-0.11435251
gdb_15157,CN=COCC1CN1,CNCOCC1CN1,2.868844064212965,3.1247313,3.2842047,0.15947342,1.5195801,0.9441537,-0.5754264
gdb_15169,COC=NCC1CN1,COCNCC1CN1,2.8717880642129785,2.9629004,3.359896,0.39699554,1.4707509,0.9466256,-0.52412534
gdb_15213,CC1C(C#C)N1C=O,C#CC1C(C)N1CO,0.0673593776368761,-0.010518849,0.54894847,0.5594673,-0.640186,-0.3949625,0.24522352
gdb_15214,CC1C(C#N)N1C=O,CC1C(C#N)N1CO,1.7231246224014851,1.8325255,2.3927329,0.56020737,1.3619422,0.9414247,-0.42051744
gdb_15222,CC1C(C=O)N1C=O,CC1C(C=O)N1CO,0.4122964539290024,0.37825984,0.9826986,0.6044388,0.010957101,-0.10396512,-0.11492222
gdb_15248,CC1C(CO)N1C=O,CC1C(CO)N1CO,0.7227583089775749,0.7254202,1.3278983,0.6024781,0.47719553,0.25331938,-0.22387615
gdb_15250,CCC1C(C)N1C=O,CCC1C(C)N1CO,1.1227688194483108,1.120188,1.7391226,0.61893463,1.0865965,1.0825237,-0.0040727854
gdb_15299,O=CN1CC1CC#C,C#CCC1CN1CO,0.0698273776368409,-0.073453724,0.5171835,0.5906372,-0.50504017,-0.15606773,0.34897244
gdb_15300,O=CN1CC1CC#N,N#CCC1CN1CO,1.7237246224015053,1.675566,2.2673285,0.59176254,1.0037205,1.0017574,-0.0019631386
gdb_15317,O=CCC1CN1C=O,O=CCC1CN1CO,0.4165224539290193,0.34235972,0.93170756,0.58934784,0.24448983,-0.082059994,-0.32654983
gdb_15330,CC#CC1CN1C=O,CC#CC1CN1CO,0.0581093776368675,0.04574412,0.5883238,0.54257965,-0.4260068,-0.1633435,0.2626633
gdb_15333,CN=CN1CC1C#N,CNCN1CC1C#N,3.866444377636867,4.1425495,4.4314137,0.28886414,2.6736717,1.583045,-1.0906267
gdb_15404,CCCC1CN1C=O,CCCC1CN1CO,1.1257288194483408,1.1650107,1.7464316,0.5814209,1.0421079,1.1362107,0.09410274
gdb_15410,COCC1CN1C=O,COCC1CN1CO,0.7327743089775822,0.69899195,1.2760527,0.57706076,0.3504616,0.35639167,0.005930066
gdb_15414,OCCC1CN1C=O,OCCC1CN1CO,0.7257733089775797,0.7805883,1.3610175,0.58042914,0.51116455,0.5000139,-0.011150658
gdb_15446,O=C1C=CCC1C#C,C#CC1CCCC1O,-1.9725097221761985,-2.1325967,-1.4643304,0.6682663,-1.5613865,-1.2500379,0.31134856
gdb_15447,O=C1C=CCC1C#N,N#CC1CCCC1O,-0.3195354774115344,-0.28609258,0.38342494,0.6695175,-0.96996826,0.31194308,1.2819114
gdb_15449,N=C1NC=NC1C#C,C#CC1NCNC1N,3.569672522588462,3.8640425,4.248518,0.38447547,0.64465463,1.6806842,1.0360296
gdb_15454,O=C1OC=NC1C#C,C#CC1NCOC1O,-0.6888839878823205,-0.4525507,-0.13380224,0.31874847,-0.85926825,-0.03639603,0.8228722
gdb_15457,C#CC1=CCCC1=O,C#CC1CCCC1O,-1.9835867221761987,-2.3377054,-1.4643495,0.87335587,-2.5137298,-1.2500379,1.2636919
gdb_15458,C1CC(=O)C(=C1)C#N,N#CC1CCCC1O,-0.3273394774115559,-0.6215456,0.3834402,1.0049858,-1.0208067,0.31194308,1.3327497
gdb_15459,C#CC1=CCNC1=O,C#CC1CCNC1O,-0.2892804774115802,-0.5701044,0.30577296,0.8758774,-0.21922553,-0.36097082,-0.1417453
gdb_15460,C1C=C(C(=O)N1)C#N,N#CC1CCNC1O,1.3675097673530558,1.1447699,2.1530325,1.0082626,1.0082891,2.1156433,1.1073542
gdb_15484,C1CC(=O)C(=C1)C=O,OCC1CCCC1O,-1.632805645883991,-1.9540384,-0.6438654,1.310173,-1.4973594,-0.6161635,0.8811959
gdb_15485,C1C=C(C(=O)N1)C=O,OCC1CCNC1O,0.0615645988805226,-0.1896761,1.1242507,1.3139267,0.24844326,0.3260986,0.07765533
gdb_15488,N=C1CN=CN1C=O,NC1CNCN1CO,3.8924015988805536,4.0422993,5.132616,1.0903168,2.0063975,0.37371704,-1.6326804
gdb_15489,N=C1NC=NC1C=O,NC1NCNC1C=O,3.9121115988805286,4.182543,4.677099,0.49455643,2.5124774,1.6895847,-0.82289267
gdb_15491,N=CN1C=NCC1=N,NCN1CNCC1N,6.024567354115959,6.136595,7.211603,1.0750084,3.0221047,1.501065,-1.5210397
gdb_15498,N=CN1CC=CC1=O,NCN1CCCC1O,2.1926493541159857,2.2938483,3.4540427,1.1601944,1.6335711,0.5295315,-1.1040397
gdb_15499,O=CC1CC=CC1=O,O=CC1CCCC1O,-1.6324566458840195,-1.7000024,-0.9619654,0.73803705,-1.3995049,-1.0467545,0.35275042
gdb_15500,C1C=CC(=O)N1C=O,OCN1CCCC1O,0.052391598880547,0.20829219,1.3750823,1.16679,-0.28290978,0.6176978,0.9006076
gdb_15509,N=CN1CCOC1=O,NCN1CCOC1O,2.070756698693629,2.051409,2.950228,0.89881897,1.4580302,-0.70736146,-2.1653917
gdb_15517,C1COC(=O)N1C=O,OCN1CCOC1O,-0.0693150565417681,-0.033838093,0.87164515,0.90548325,-0.13807055,-1.8836133,-1.7455428
gdb_15608,CN=C1CN=CN1C,CNC1CNCN1C,4.626217964399814,5.3362827,5.6127033,0.2764206,3.2537858,2.1619582,-1.0918276
gdb_15609,CN=C1NC=NC1C,CNC1NCNC1C,4.622609964399771,5.0704517,5.635645,0.5651932,2.9359741,2.3338506,-0.6021235
gdb_15622,CCC1=CCCC1=O,CCC1CCCC1O,-0.9249972803648348,-1.1044557,-0.23036748,0.8740882,-0.86145097,-0.3316815,0.5297695
gdb_15623,CCC1=CCNC1=O,CCC1CCNC1O,0.7684009643998024,0.6826078,1.5377753,0.85516745,0.9904646,0.7996093,-0.19085532
gdb_15627,C1CC(=O)C(=C1)CO,OCC1CCCC1O,-1.325083790835606,-1.5071695,-0.6438387,0.8633308,-0.82023036,-0.6161635,0.20406687
gdb_15628,C1C=C(C(=O)N1)CO,OCC1CCNC1O,0.3686734539290341,0.28368586,1.1242507,0.8405648,0.6253202,0.3260986,-0.2992216
gdb_15639,CCC1N=CNC1=N,CCC1NCNC1N,4.617624964399795,5.0067234,5.4163303,0.40960693,3.3544776,1.692586,-1.6618917
gdb_15641,CCC1N=COC1=O,CCC1NCOC1O,0.3576404539290365,0.67688197,1.0399573,0.36307532,0.46642846,0.64752597,0.18109751
gdb_15643,CCN1C=NCC1=N,CCN1CNCC1N,4.617977964399813,5.1491795,5.4040966,0.25491714,2.603886,1.7295886,-0.87429726
gdb_15649,OCC1N=CNC1=N,NC1NCNC1CO,4.2142734539290245,4.615595,4.9968815,0.38128662,2.9452968,1.0590298,-1.886267
gdb_15651,OCC1N=COC1=O,OCC1NCOC1O,-0.044112056541735,0.28726786,0.62087077,0.3336029,0.10527218,-0.76642126,-0.87169343
gdb_15660,CCC1CC=CC1=O,CCC1CCCC1O,-0.917470280364796,-0.9382189,-0.23035985,0.70785904,-0.8337796,-0.3316815,0.5020981
gdb_15661,CCN1CC=CC1=O,CCN1CCCC1O,0.776565964399822,0.92264,1.6464598,0.7238198,0.5303974,1.1489573,0.61855984
gdb_15662,COC1CC=CC1=O,COC1CCCC1O,-1.3087977908355697,-1.3362596,-0.6206568,0.7156028,-1.4169753,-0.7027692,0.71420604
gdb_15663,OCC1CC=CC1=O,OCC1CCCC1O,-1.3244557908356,-1.346422,-0.64385015,0.7025718,-0.8689011,-0.6161635,0.25273758
gdb_15689,CCN1CCOC1=O,CCN1CCOC1O,0.6539213089775444,0.65738124,1.1427176,0.48533636,0.6786167,0.38572854,-0.29288816
gdb_15733,C#CCC(=O)N1CC1,C#CCC(O)N1CC1,0.0653613776368615,0.036394298,0.47016352,0.43376923,-0.62794167,-0.25720042,0.37074125
gdb_15737,C1CN1C(=O)CC#N,N#CCC(O)N1CC1,1.7179286224014731,1.774256,2.212126,0.43787003,1.189924,0.9253663,-0.26455772
gdb_15739,N=C(NC=O)C1CN1,NC(NCO)C1CN1,4.242977453929029,4.651678,5.0676556,0.41597748,2.9560015,1.1297514,-1.8262501
gdb_15741,C1CN1C(=N)NC=O,NC(NCO)N1CC1,4.230231453929036,4.5947514,5.1395435,0.5447922,2.8811996,0.33779615,-2.5434034
gdb_15743,N=C(OC=O)C1CN1,NC(OCO)C1CN1,2.115535698693634,2.6161826,2.7820723,0.16588974,1.8281857,-0.062987514,-1.8911732
gdb_15746,N=CNC(=O)C1CN1,NCNC(O)C1CN1,4.220293453929003,4.4429874,5.1494846,0.7064972,2.9581995,1.1144552,-1.8437443
gdb_15748,C1CN1C(=O)NC=N,NCNC(O)N1CC1,4.217849453929034,4.34836,5.285845,0.93748474,2.8499687,0.27970463,-2.570264
gdb_15750,N=COC(=O)C1CN1,NCOC(O)C1CN1,2.1104006986936383,2.514353,2.86677,0.352417,1.8270004,-0.09911387,-1.9261142
gdb_15752,N=COC(=O)N1CC1,NCOC(O)N1CC1,2.1081976986936297,2.3743384,3.0175612,0.6432228,1.4604073,-0.7720818,-2.232489
gdb_15756,C1CN1C(=O)CC=O,O=CCC(O)N1CC1,0.4086364539290343,0.32559794,0.87245387,0.5468559,0.073811226,-0.18447328,-0.2582845
gdb_15758,O=CNC(=O)C1CN1,OCNC(O)C1CN1,2.093726698693615,2.2509902,2.965212,0.71422195,1.4891187,0.07528429,-1.4138345
gdb_15760,C1CN1C(=O)NC=O,OCNC(O)N1CC1,2.089937698693632,2.1558173,3.1015112,0.94569397,1.3081377,-0.92044073,-2.2285783
gdb_15762,CC#CC(=O)C1CN1,CC#CC(O)C1CN1,0.0595633776368913,0.05332774,0.3454687,0.29214096,0.30539542,0.4504044,0.14500898
gdb_15764,CC#CC(=O)N1CC1,CC#CC(O)N1CC1,0.0547713776368823,0.047994792,0.50152034,0.45352554,-0.28203806,-0.19075064,0.09128742
gdb_15790,CC(NC=O)C1CN1,CC(NCO)C1CN1,2.8262220642129705,2.7324584,3.4205153,0.68805695,1.5787833,1.0354099,-0.54337335
gdb_15792,CC(OC=N)C1CN1,CC(OCN)C1CN1,2.857891064212936,2.9415724,3.372393,0.43082047,1.6034929,0.9763471,-0.62714577
gdb_15795,CC(OC=O)C1CN1,CC(OCO)C1CN1,0.7145313089775414,0.7334768,1.1270049,0.39352804,0.57551736,0.18633118,-0.38918617
gdb_15804,CCCC(=O)N1CC1,CCCC(O)N1CC1,1.119292819448333,1.1096365,1.6752532,0.5656166,1.0305191,1.141129,0.11060989
gdb_15806,CCNC(=O)C1CN1,CCNC(O)C1CN1,2.815490064212952,3.0480597,3.351145,0.30308533,1.7452477,0.98033875,-0.76490897
gdb_15808,CCNC(=O)N1CC1,CCNC(O)N1CC1,2.814743064212962,2.9514105,3.4875014,0.53609085,2.3502047,0.9243799,-1.4258249
gdb_15810,CCOC(=N)C1CN1,CCOC(N)C1CN1,2.843517064212961,2.995085,3.216921,0.22183609,1.7773875,0.9344528,-0.8429347
gdb_15813,CCOC(=O)C1CN1,CCOC(O)C1CN1,0.6969873089775547,0.73537654,1.056246,0.3208695,0.6473384,0.12747672,-0.5198617
gdb_15815,CCOC(=O)N1CC1,CCOC(O)N1CC1,0.696947308977542,0.6269247,1.2070563,0.5801316,0.64606816,0.33023033,-0.31583783
gdb_15819,COCC(=O)N1CC1,COCC(O)N1CC1,0.7319383089775897,0.648863,1.203932,0.555069,0.54067916,0.31011078,-0.23056838
gdb_15823,C1CN1C(=O)CCO,OCCC(O)N1CC1,0.7187163089775481,0.72104853,1.2910368,0.5699883,0.63935214,0.4757551,-0.16359705
gdb_15982,CN=C1OCC11CN1,CNC1OCC12CN2,2.6141841232760044,2.7580283,3.2221816,0.4641533,2.143294,1.6545476,-0.48874652
gdb_16200,O=C1NC=CC11CO1,OC1NCCC12CO2,0.1462585129921194,0.29294795,0.8113882,0.51844025,0.561519,1.11844,0.556921
gdb_16206,N=C1OCOC11CC1,NC1OCOC12CC2,0.4607353680406163,0.30831355,0.6806204,0.37230682,0.39905697,0.62173676,0.2226798
gdb_16219,C1CC12CCOC2=O,OC1OCCC12CC2,-1.2818448767239945,-1.3979967,-1.0156953,0.38230133,-1.1820737,-0.9114547,0.27061903
gdb_16229,CC1N=COC11CC1,CC1NCOC12CC2,0.8718998785114422,0.9704382,1.3121855,0.34174734,0.8480372,0.9671051,0.11906791
gdb_16268,O=C1OC2CC12C#C,C#CC12CC1OC2O,-2.301952318535428,-2.5287302,-2.2206857,0.30804443,-2.0685577,-1.6615744,0.40698338
gdb_16269,O=C1OC2CC12C#N,N#CC12CC1OC2O,-0.6447730737708071,-0.7233675,-0.4053324,0.31803513,-1.3835607,-0.07502992,1.3085307
gdb_16273,O=CC12CC1OC2=O,O=CC12CC1OC2O,-1.9551232422433031,-2.1219423,-1.8224771,0.29946518,-1.646117,-1.6508074,-0.0046904087
gdb_16313,CCC12CC1OC2=O,CCC12CC1OC2O,-1.2459698767239615,-1.2431085,-0.976137,0.26697153,-0.9354812,-0.84546125,0.09001994
gdb_16318,CNC12CC1OC2=O,CNC12CC1OC2O,0.4774503680406496,0.65372676,0.8977911,0.24406433,0.43736222,0.67497855,0.23761633
gdb_16322,COC12CC1OC2=O,COC12CC1OC2O,-1.6341833871947529,-1.7668779,-1.5033319,0.263546,-1.5281941,-1.2976109,0.23058319
gdb_16326,OCC12CC1OC2=O,OCC12CC1OC2O,-1.6460813871947266,-1.7320688,-1.4668672,0.26520157,-1.3114585,-1.2237242,0.08773422
gdb_16357,CC1OC(=N)C11CN1,CC1OC(N)C12CN2,2.6054441232760155,2.7845786,2.9676535,0.18307495,2.476525,2.1418476,-0.33467746
gdb_16400,N=C1OCC2CC1O2,NC1OCC2CC1O2,0.4692503680406616,0.49984187,0.6744482,0.17460632,0.6308496,1.0268568,0.39600718
gdb_16408,O=C1OCC2CC1C2,OC1OCC2CC1C2,-1.2736008767239468,-1.3295152,-1.0375345,0.29198074,-0.9272921,-0.8120884,0.11520374
gdb_16480,OC12C3CN(C13)C2=N,NC1N2CC3C2C31O,2.4077421823391205,2.4279234,2.717127,0.28920364,2.1950212,1.3546981,-0.8403231
gdb_16603,O=C1CC2CC2C1=O,OC1CC2CC2C1O,-1.566019731772485,-1.7886026,-0.98035985,0.80824274,-1.5125073,-1.0038385,0.5086688
gdb_16605,O=C1CC2NC2C1=O,OC1CC2NC2C1O,0.1568305129920872,0.13525599,0.90365046,0.7683945,-0.1336145,0.7185174,0.8521319
gdb_16625,CC1C2CC2NC1=O,CC1C(O)NC2CC21,0.8381808785114231,0.92589396,1.340872,0.4149781,0.9560494,0.986102,0.030052602
gdb_16632,CN1C2CC2CC1=O,CN1C(O)CC2CC21,0.8411378785114039,0.8909361,1.3312705,0.44033438,0.8100815,0.9808109,0.1707294
gdb_16637,OC1C2CC2NC1=O,OC1NC2CC2C1O,0.4344463680406534,0.51522654,0.8431646,0.32793808,0.5491017,0.3215148,-0.22758693
gdb_16749,O=CN1CC2NC2C1,OCN1CC2NC2C1,2.570381123276036,2.7889464,3.3709204,0.581974,1.712853,1.7579463,0.045093298
gdb_16785,N=C1OC(=O)C2NC12,NC1OC(O)C2NC12,1.845650757756744,2.4952872,2.4754508,-0.019836426,2.6285787,0.8801006,-1.748478
gdb_16787,N=C1OC(=O)N2CC12,NC1OC(O)N2CC12,1.8391497577567293,2.3737204,2.509165,0.13544464,1.7818984,-0.08671555,-1.868614
gdb_16794,O=C1NC(=O)C2OC12,OC1NC(O)C2OC12,-0.2979909974786778,-0.20775396,0.3101675,0.51792145,0.55684954,-0.4841514,-1.041001
gdb_16823,CC1OC(=N)N2CC12,CC1OC(N)N2CC12,2.5810851232760115,2.8391058,2.9951117,0.15600586,2.6782243,1.0884035,-1.5898209
gdb_16824,CC1OC(=O)C2CC12,CC1OC(O)C2CC12,-1.2838318767239798,-1.2374551,-1.0455682,0.1918869,-1.1508715,-0.82738936,0.32348216
gdb_16863,O=C1CC2NC2CN1,OC1CC2NC2CN1,2.5605871232760364,2.642485,3.1777594,0.5352745,2.7087488,2.5905576,-0.11819124
gdb_16866,O=C1CC2OC2CO1,OC1CC2OC2CO1,-1.674257387194757,-1.8972719,-1.4807794,0.41649246,-1.5034231,-1.0318227,0.4716004
gdb_16875,O=C1CN2CC2CO1,OC1CN2CC2CO1,0.4531953680406673,0.5521719,0.8538534,0.30168152,0.1572496,0.3148075,0.1575579
gdb_16877,O=C1CNC2CC2N1,OC1CNC2CC2N1,2.5637131232760453,2.7148917,3.1570761,0.44218445,2.368103,2.1161497,-0.25195336
gdb_16881,O=C1COC2CC2O1,OC1COC2CC2O1,-1.6641113871947368,-1.7475183,-1.4958322,0.2516861,-1.6946766,-1.4409647,0.25371194
gdb_16884,O=C1NCC2CC2O1,OC1NCC2CC2O1,0.4276913680406551,0.4849493,0.77337855,0.28842926,0.5756875,0.38973778,-0.18594974
gdb_16918,N=C1OC2OC1C=C2,NC1OC2C=CC1O2,0.1674195129921258,0.0330984,0.22003382,0.18693542,0.2247047,0.9072047,0.6825
gdb_16928,N=C1OC2COC1C2,NC1OC2COC1C2,0.4473923680406528,0.5307333,0.6572744,0.12654114,0.43163642,0.93073833,0.4991019
gdb_17118,N=C1CC(O1)C1CN1,NC1CC(C2CN2)O1,2.606516123276037,2.7808363,2.97415,0.1933136,2.6954277,2.1956043,-0.49982333
gdb_17371,NC(=O)C1OC2CC12,NC(O)C1OC2CC21,0.4805873680406307,0.44053096,0.64072627,0.20019531,0.72265625,0.27090433,-0.45175192
gdb_17595,CC(=O)C(=N)N1CC1,CC(O)C(N)N1CC1,2.538447209164417,2.7854178,3.180281,0.39486313,1.6457521,0.6478994,-0.9978527
gdb_17597,CC(=O)C(=O)C1CN1,CC(O)C(O)C1CN1,0.4076514539290201,0.5811598,1.0256789,0.4445191,-0.28812608,0.416722,0.70484805
gdb_17599,CC(=O)C(=O)N1CC1,CC(O)C(O)N1CC1,0.4005424539290061,0.5537512,1.1383078,0.58455664,0.032592975,0.21714218,0.18454921
gdb_17601,NC(=N)C(=O)C1CN1,NC(N)C(O)C1CN1,4.232980453929031,4.5795116,4.934664,0.35515213,3.311896,2.1154118,-1.1964843
gdb_17603,C1CN1C(=O)C(=N)N,NC(N)C(O)N1CC1,4.227967453929011,4.5398273,5.049425,0.5095978,3.0832405,1.0347239,-2.0485168
gdb_17604,NC(=O)C(=N)N1CC1,NC(O)C(N)N1CC1,4.222581453929024,4.3873997,4.849848,0.46244812,3.1025941,1.0659217,-2.0366726
gdb_17606,NC(=O)C(=O)C1CN1,NC(O)C(O)C1CN1,2.0913356986936265,2.1930182,2.689089,0.49607086,1.6193346,0.5804706,-1.0388639
gdb_17608,C1CN1C(=O)C(=O)N,NC(O)C(O)N1CC1,2.0839856986936525,2.1388533,2.8030875,0.66423416,1.5740263,-0.22818457,-1.8022109
gdb_17612,CC(C)C(=O)N1CC1,CC(C)C(O)N1CC1,1.119175819448344,1.2111228,1.7500899,0.53896713,0.94246,0.9848911,0.042431116
gdb_17616,CC(O)C(=O)N1CC1,CC(O)C(O)N1CC1,0.7125403089775659,0.6809637,1.1382964,0.45733267,0.45147234,0.21714218,-0.23433016
gdb_17618,CN(C)C(=O)C1CN1,CN(C)C(O)C1CN1,2.82753606421295,3.1019385,3.2315085,0.12957,1.3842107,1.2352822,-0.14892852
gdb_17620,CN(C)C(=O)N1CC1,CN(C)C(O)N1CC1,2.8246540642129503,3.0524466,3.3731902,0.32074356,2.5047657,0.67272496,-1.8320408
gdb_17638,CC(C1CN1)C(N)=O,CC(C(N)O)C1CN1,2.819221064212968,2.9493353,3.1986296,0.24929428,2.1553748,1.6859442,-0.46943057
gdb_17643,CC(N1CC1)C(N)=O,CC(C(N)O)N1CC1,2.8265040642129406,3.0493147,3.2313025,0.18198776,2.2182276,0.6478994,-1.5703282
gdb_17647,NC(=O)C(O)C1CN1,NC(O)C(O)C1CN1,2.4072095537421774,2.534197,2.6890814,0.15488434,2.1427765,0.5804706,-1.5623059
gdb_17650,[NH3+]C(C1CN1)C([O-])=O,[NH3+]C(C([O-])O)C1CN1,2.412106553742205,2.5672133,1.7327826,-0.8344307,2.2248793,0.8528334,-1.3720459
gdb_17718,C1C2C3N4C=NC13C24,C1NC23CC4C2N1C43,2.6359427518729603,2.7339537,3.1486914,0.4147377,1.6431125,2.0855463,0.4424337
gdb_17836,NC(=O)C1C2COC12,NC(O)C1C2COC21,0.4740213680406668,0.39853495,0.63991755,0.2413826,0.8080358,0.22380738,-0.5842284
gdb_17958,C1COC=NCC=C1,C1=CCNCOCC1,0.8378809643998011,0.99578303,1.2923071,0.2965241,0.36005294,0.2919713,-0.06808165
gdb_17963,C1CCC=CC=CC1,C1CCCCCCC1,-0.4705187698940563,-0.16843969,0.292288,0.4607277,-0.7885623,0.109158576,0.8977209
gdb_17971,C1CN=COCOC1,C1CNCOCOC1,0.7155443089775417,0.7281057,1.1956732,0.4675675,0.44532934,-0.04121982,-0.48654917
gdb_18031,C1OC2=NCCCC12,C1CNC2OCC2C1,0.8745128785114389,1.0708258,1.3279326,0.25710678,1.0693665,1.0447505,-0.024616003
gdb_18038,C1CC2N=COCC12,C1NC2CCC2CO1,0.8726268785114257,1.04867,1.4009802,0.35231018,0.7823868,0.786875,0.0044882298
gdb_18067,N=COC1C2COC12,NCOC1C2COC21,0.5212593680406599,0.3942129,0.85476893,0.46055603,0.5367875,0.7487699,0.21198237
gdb_18073,O=CNC1C2COC12,OCNC1C2COC21,0.4874063680406379,0.23256892,0.94504756,0.71247864,0.47005573,0.49745882,0.027403086
gdb_18075,O=COC1C2COC12,OCOC1C2COC21,-1.622054387194737,-1.8216608,-1.3910348,0.43062592,-1.630309,-1.3946471,0.23566186
gdb_18091,C1C=CC2N=COC12,C1=CC2NCOC2C1,0.5495050234628707,0.5387785,0.9749624,0.43618393,0.40251732,0.6527305,0.2502132
gdb_18236,CN=C1OCC2CN12,CNC1OCC2CN21,2.5934501232760567,2.70558,3.2270834,0.52150345,2.4467494,0.7457137,-1.7010357
gdb_18305,O=C1C=CC2CCN12,OC1CCC2CCN12,0.5553330234628788,0.5979368,1.4669936,0.86905676,0.6496607,1.0298567,0.38019598
gdb_18309,N=C1CN=C2CCN12,NC1CNC2CCN12,4.401763023462877,4.8420925,5.248766,0.40667343,3.0807333,2.9367304,-0.14400291
gdb_18318,O=C1NC=C2CNC12,OC1NCC2CNC21,2.29688526822747,2.460726,3.1435606,0.6828346,2.1558652,2.6234717,0.46760654
gdb_18335,O=C1NCC2COC12,OC1NCC2COC21,0.4416723680406562,0.4609205,0.8202421,0.3593216,0.6837286,0.90491986,0.22119129
gdb_18338,O=C1OCC2CCN12,OC1OCC2CCN21,0.4323093680406487,0.43403453,0.8979513,0.46391678,0.4966469,0.2804254,-0.21622151
gdb_18378,C1C2CC=CC=CC12,C1CCC2CC2CC1,-0.7075987108309505,-0.44851094,0.02137965,0.4698906,-0.8647985,-0.18623844,0.67856
gdb_18384,C1C2COC=NCC12,C1NCC2CC2CO1,0.8867248785114157,1.0275443,1.3100913,0.282547,0.65607905,0.7177366,0.061657548
gdb_18423,O=C1OC2C(C#C)C12,C#CC1C2OC(O)C12,-2.296734318535414,-2.5117776,-2.3055627,0.2062149,-2.1772635,-1.9216989,0.25556457
gdb_18424,O=C1OC2C(C#N)C12,N#CC1C2OC(O)C12,-0.6401600737708009,-0.66744024,-0.46066839,0.20677185,0.01826899,-0.20115136,-0.21942034
gdb_18430,O=CC1C2OC(=O)C12,O=CC1C2OC(O)C12,-1.9523162422432847,-2.0334795,-1.8186204,0.21485901,-1.5691484,-1.6334046,-0.06425619
gdb_18458,CCC1C2OC(=O)C12,CCC1C2OC(O)C12,-1.242991876723977,-1.294275,-1.05636,0.23791504,-1.0041293,-0.74177706,0.26235223
gdb_18463,COC1C2OC(=O)C12,COC1C2OC(O)C12,-1.6340773871947365,-1.6949136,-1.4646013,0.23031235,-1.599275,-1.2878245,0.31145048
gdb_18469,OCC1C2OC(=O)C12,OCC1C2OC(O)C12,-1.6436623871947518,-1.7017343,-1.4666154,0.23511887,-1.2590207,-1.155633,0.10338771
gdb_18543,O=C1OC2C=CCC12,OC1OC2C=CCC12,-1.5785467317725193,-1.7249696,-1.4272096,0.29776,-1.3301057,-1.1063207,0.22378492
gdb_18544,N=C1OC2CC=CC12,NC1OC2CC=CC12,0.5654570234628977,0.61032313,0.76011103,0.1497879,0.73709023,0.5746759,-0.16241431
gdb_18568,O=C1OC2CCOC12,OC1OC2CCOC12,-1.6865533871947491,-1.6756876,-1.5011728,0.17451477,-1.4642239,-0.9093285,0.55489534
gdb_18622,CC1C2COC(=N)N12,CC1C2COC(N)N12,2.5834961232760065,2.7807486,2.9924567,0.21170807,2.7113445,1.1155442,-1.5958003
gdb_18623,CC1C2COC(=O)C12,CC1C2COC(O)C12,-1.2794658767239753,-1.3098733,-1.0148408,0.2950325,-1.1329528,-0.8415612,0.2913916
gdb_18634,OC1C2COC(=O)C12,OC1OCC2C(O)C12,-1.6810583871947529,-1.7919672,-1.5071046,0.28486252,-1.3896779,-1.2651926,0.124485254
gdb_18665,O=C1NC=NC2CC12,OC1NCNC2CC12,2.239096268227513,2.3404639,3.082945,0.74248123,2.4128563,2.1389644,-0.27389193
gdb_18683,O=C1COCC2CN12,OC1COCC2CN12,0.4670403680406707,0.3878309,0.8992254,0.5113945,0.14414544,0.26220042,0.11805497
gdb_18821,O=C1NC2C3CN1C23,OC1NC2C3CN1C32,2.3471171823391046,2.4657843,3.0398734,0.57408905,2.258018,1.2706318,-0.9873862
gdb_18824,O=C1OC2C3CN1C23,OC1OC2C3CN1C32,0.2297414271037041,0.2329542,0.66052836,0.42757416,0.5367035,0.14133964,-0.39536387
gdb_18867,OC1C2C3CN=C1N23,OC1C2NCC3C1N32,2.427769182339091,2.6661627,2.925173,0.25901031,2.33406,1.7262888,-0.60777116
gdb_18953,O=CN1C2C3CC2C13,OCN1C2C3CC2C31,0.7004489375744924,0.6766073,1.2937644,0.61715704,0.49420872,0.21890214,-0.27530658
gdb_18954,O=CN1C2C3NC2C13,OCN1C2C3NC2C31,2.428506182339106,2.5763838,3.1994421,0.6230583,2.2918594,1.5158275,-0.77603185
gdb_19005,O=C1NC2C3OC2C13,OC1NC2C3OC2C13,0.250856427103713,0.17656535,0.6104757,0.43391037,0.65191543,0.44665176,-0.20526367
gdb_19392,O=C1N2CC2C11CC1,OC1N2CC2C12CC2,0.6599519375744762,0.69816417,1.1760352,0.477871,0.674819,1.0312283,0.3564093
gdb_19774,N=C1C2OC2C2CN12,NC1C2OC2C2CN12,2.3715251823390986,2.4602072,2.727751,0.2675438,1.862094,1.765989,-0.0961051
gdb_19780,O=C1C2NC2C2CN12,OC1C2NC2C2CN12,2.359845182339086,2.5938551,3.0530646,0.45920944,1.6998422,2.0453305,0.3454883
gdb_19812,O=C1NC2C3CN3C12,OC1NC2C3CN3C12,2.374387182339092,2.5566428,2.9620612,0.4054184,2.1681337,1.6627033,-0.50543046
gdb_19815,O=C1OC2C3CC3C12,OC1OC2C3CC3C12,-1.4726238176609172,-1.5224054,-1.2809045,0.24150085,-1.1710174,-1.1283789,0.04263854
gdb_19902,O=CN1C2C3NC3C12,OCN1C2C3NC3C21,2.416438182339107,2.5740683,3.197962,0.62389374,1.3808709,1.7424791,0.36160815
gdb_19958,O=C1NCC1C1CN1,OC1NCC1C1CN1,2.588222123276012,2.7241995,3.1302397,0.4060402,2.7980313,1.9179064,-0.8801249
gdb_20055,C1OC1C1CN=CO1,C1NCC(C2CO2)O1,0.4737733680406677,0.45072383,0.8277189,0.3769951,0.57391757,0.31954724,-0.25437033
gdb_20180,C1CC2C3OC(=N1)C23,C1CC2C3OC(N1)C23,0.7109049375744689,0.86686534,1.0703032,0.20343786,0.6918168,1.2401184,0.5483016
gdb_20516,CC(=O)c1c[nH]nn1,CC(O)c1c[nH]nn1,2.3195242113496306,2.9527333,2.9438212,-0.0089120865,1.3402599,2.5202122,1.1799523
gdb_20524,CC(=O)c1cnon1,CC(O)c1cnon1,0.2461204561142835,1.352812,1.9092944,0.5564823,0.40910432,1.1848474,0.775743
gdb_20527,CC(=O)n1ccnn1,CC(O)n1ccnn1,2.316174211349619,3.2169898,2.5814764,-0.6355133,0.7381956,1.7149073,0.9767117
gdb_20589,Cc1c(nn[nH]1)C=O,Cc1[nH]nnc1CO,2.329474211349634,2.670503,2.9571698,0.28666687,0.2995385,1.7595584,1.46002
gdb_20616,Cc1c([nH]nn1)C=O,Cc1nn[nH]c1CO,2.3237502113496475,2.6705048,2.9571745,0.28666973,0.24538168,1.7530043,1.5076226
gdb_20657,Cc1cn(nn1)C=O,Cc1cn(CO)nn1,2.327936211349652,2.663195,1.237695,-1.4254999,1.6302859,1.4014696,-0.22881627
gdb_20661,Cc1cnnn1C=O,Cc1cnnn1CO,2.329474211349634,1.958462,0.63947743,-1.3189845,0.6030933,1.1684729,0.56537956
gdb_20776,Cc1c(non1)C=O,Cc1nonc1CO,0.2563044561142646,-0.92079526,-0.57156974,0.34922552,-1.0246625,0.278409,1.3030715
gdb_21001,Cn1cc(nn1)C=O,Cn1cc(CO)nn1,2.336268211349648,0.5932242,1.0882566,0.49503237,1.8622332,1.4887778,-0.3734554
gdb_21108,Cn1c(cnn1)C=O,Cn1nncc1CO,2.336310211349655,0.4172842,0.83102816,0.41374397,0.87141705,1.1867347,0.31531763
gdb_21449,c1c(nn[nH]1)NC=N,NCNc1c[nH]nn1,6.160558211349667,7.275133,7.0011826,-0.27395058,5.637924,5.856594,0.21866989
gdb_21460,c1c(non1)NC=N,NCNc1cnon1,4.084113456114267,5.7302523,5.84375,0.113497734,3.9869616,5.695391,1.7084296
gdb_21466,N=COC1=CNN=N1,NCOc1c[nH]nn1,4.057314456114284,4.635144,4.5602865,-0.07485771,3.9869616,5.7247252,1.7377636
gdb_21476,N=COC1=NON=C1,NCOc1cnon1,1.980755700878888,3.5661538,2.9521792,-0.6139746,1.9286788,4.488631,2.559952
gdb_21481,c1c(nn[nH]1)C(=N)N,NC(N)c1c[nH]nn1,6.151106211349656,6.9733744,7.536165,0.5627909,5.7662764,5.5054793,-0.26079702
gdb_21491,c1c(non1)C(=N)N,NC(N)c1cnon1,4.078703456114283,5.755451,6.3540764,0.5986252,3.9011588,4.317761,0.41660213
gdb_21505,c1c(non1)C(=O)N,NC(O)c1cnon1,1.933177700878844,3.4705908,3.736416,0.26582527,2.1890774,2.7217321,0.53265476
gdb_21508,c1cn(nn1)C(=O)N,NC(O)n1ccnn1,4.005677456114256,4.790226,4.7790623,-0.011163712,3.9604433,2.4143252,-1.546118
gdb_21541,C(=O)c1c(nn[nH]1)N,Nc1nn[nH]c1CO,4.032523456114234,4.627491,4.9110384,0.2835474,3.3045113,4.381232,1.0767205
gdb_21583,c1c(nnn1C=O)N,Nc1cn(CO)nn1,4.039958456114277,4.575158,3.1545384,-1.4206197,2.259886,3.212858,0.95297194
gdb_21587,c1c(n(nn1)C=O)N,Nc1cnnn1CO,4.043514456114281,3.7076714,2.4703963,-1.2372751,1.8624357,2.8115592,0.9491235
gdb_21696,C(=O)c1c(non1)N,Nc1nonc1CO,1.966862700878892,1.2977927,1.6834843,0.38569164,1.8680843,2.5079525,0.63986814
gdb_21705,c1c(nn[nH]1)N=CN,NCNc1c[nH]nn1,6.156824211349658,9.527014,7.0011806,-2.5258331,6.363305,5.856594,-0.506711
gdb_21712,c1c(non1)N=CN,NCNc1cnon1,4.077412456114246,2.4896681,5.843748,3.35408,4.820305,5.695391,0.8750863
gdb_21825,c1c(nn[nH]1)NC=O,OCNc1c[nH]nn1,4.019226456114268,4.4450245,4.467867,0.022842407,3.8104923,5.6514673,1.840975
gdb_21834,c1c(non1)NC=O,OCNc1cnon1,1.944020700878866,3.372804,2.8821614,-0.49064255,1.8874847,3.9452055,2.0577207
gdb_21840,c1c(nn[nH]1)OC=O,OCOc1c[nH]nn1,1.9160767008788755,2.3067887,2.0054286,-0.30136013,1.8874847,3.6832986,1.7958139
gdb_21848,c1c(non1)OC=O,OCOc1cnon1,-0.1587870543565372,1.2377951,-0.33219892,-1.569994,-0.039771322,4.3703547,4.410126
gdb_21863,c1c(nnn1C=O)O,OCn1cc(O)nn1,1.9216867008788652,1.6932118,0.27096957,-1.4222422,1.2143986,0.9855983,-0.2288003
gdb_21987,c1c(non1)N(=O)=O,[O-][NH+](O)c1cnon1,1.6510471904081214,3.2235472,4.396124,1.1725767,1.7088552,2.4920235,0.7831683
gdb_22080,CC(=NO)C1NC1(C)C,CC(NO)C1NC1(C)C,2.94128730174117,2.8663733,2.8650649,-0.0013084412,1.8144861,1.1691428,-0.6453433
gdb_22085,CC1(CCC(=NO)C1)C,CC1(C)CCC(NO)C1,1.197475056976543,1.0935843,1.2243788,0.13079453,1.0732716,-0.44625974,-1.5195314
gdb_22086,CC1(O)CCC(C1)=NO,CC1(O)CCC(NO)C1,0.7893255465057223,0.53383464,0.67788523,0.1440506,0.6936443,-0.25000766,-0.9436519
gdb_22173,CC1(CCCC1=NO)C,CC1(C)CCCC1NO,1.197737056976564,1.1593611,1.2225516,0.06319046,1.0767083,-0.46036425,-1.5370725
gdb_22176,CC1(O)CCCC1=NO,CC1(O)CCCC1NO,0.788940546505728,0.6536047,0.71119136,0.05758667,0.7298031,-0.1731176,-0.90292066
gdb_22270,CC1NC1(C)C(C)=NO,CC(NO)C1(C)NC1C,2.943489301741181,2.8231986,2.8649542,0.041755676,1.625932,1.1605563,-0.46537566
gdb_22272,CN1CC1(C)C(C)=NO,CC(NO)C1(C)CN1C,2.955687301741193,2.8243353,2.8364508,0.0121154785,2.3992589,1.3898867,-1.0093721
gdb_22290,C1C(=NO)C=CNC1=O,ONC1CCNC(O)C1,1.8616330811732384,1.7299445,2.3498175,0.61987305,2.4897263,1.8978142,-0.59191215
gdb_22318,CC1CN1CC(C)=NO,CC(CN1CC1C)NO,2.9560723017411874,2.7249243,2.735514,0.0105896,2.4294395,1.6624424,-0.7669971
gdb_22320,CN1CC1CC(C)=NO,CC(CC1CN1C)NO,2.960801301741185,2.585066,2.6914122,0.10634613,2.4080946,1.6095839,-0.7985108
gdb_22353,CC1OC(=O)CC1=NO,CC1OC(O)CC1NO,0.044588180986409,-0.06484014,0.3119642,0.37680435,0.7741252,0.12950274,-0.64462245
gdb_22357,CC1CC(CC1C)=NO,CC1CC(NO)CC1C,1.1996350569765468,0.94372004,1.1442969,0.20057684,1.0677339,-0.45864925,-1.5263832
gdb_22358,CC1CC(CC1O)=NO,CC1CC(NO)CC1O,0.7942455465057492,0.54948634,0.72621363,0.1767273,0.6184033,0.17575793,-0.44264537
gdb_22359,ON=C1CC(O)C(O)C1,ONC1CC(O)C(O)C1,0.3856280360349728,0.14085215,0.30932826,0.1684761,0.34778187,-0.4621692,-0.80995107
gdb_22366,CC1CC(C)C(C1)=NO,CC1CC(C)C(NO)C1,1.1959610569765573,1.020201,1.1481535,0.12795258,1.0740309,-0.4471543,-1.5211852
gdb_22367,CC1CC(O)C(C1)=NO,CC1CC(O)C(NO)C1,0.7918025465057212,0.6060049,0.73790187,0.13189697,0.69900334,0.23787268,-0.46113068
gdb_22368,CC1CC(O)CC1=NO,CC1CC(O)CC1NO,0.7925055465057085,0.66844386,0.76980036,0.10135651,0.69865716,0.24202679,-0.45663035
gdb_22370,ON=C1CC(O)CC1O,ONC1CC(O)CC1O,0.3888150360349414,0.25624293,0.36271876,0.10647583,0.37172118,-0.42469195,-0.7964131
gdb_22410,C1CC2(C1)CC(=NO)C2,ONC1CC2(CCC2)C1,0.9978811160395936,0.8970968,0.9374525,0.040355682,0.7804282,-0.14186661,-0.9222948
gdb_22530,CC1(CN1)C(=NO)C#C,C#CC(NO)C1(C)CN1,1.8957758599296424,1.9457343,1.8639243,-0.08181,0.9055102,0.5106083,-0.39490187
gdb_22533,CCC(=NO)C1(C)CN1,CCC(NO)C1(C)CN1,2.952819301741158,2.7469046,2.807173,0.060268402,2.19908,1.5193398,-0.6797402
gdb_22554,CC(=NO)C1(CN1)C#C,C#CC1(C(C)NO)CN1,1.892880859929619,1.7691596,1.7980101,0.028850555,1.0691775,0.64563584,-0.42354167
gdb_22556,CC(=NO)C1(CN1)C=O,CC(NO)C1(C=O)CN1,2.233009936221777,2.0265753,2.0911734,0.06459808,2.1863685,0.784028,-1.4023404
gdb_22558,CC(=NO)C1(CO)CN1,CC(NO)C1(CO)CN1,2.543383791270344,2.3713858,2.4321501,0.060764313,2.027217,1.1986555,-0.8285614
gdb_22560,CCC1(CN1)C(C)=NO,CCC1(C(C)NO)CN1,2.946587301741147,2.813948,2.8764937,0.06254578,2.243222,1.5379969,-0.7052251
gdb_22578,C1CC(=O)OCC1=NO,ONC1CCC(O)OC1,0.0551111809864437,-0.1747225,0.3230688,0.4977913,0.58876216,0.3977973,-0.19096488
gdb_22646,ON=C1CCC(C1)C#C,C#CC1CCC(NO)C1,0.1424406151650146,-0.13839513,0.04678172,0.18517685,0.03675053,-1.1490124,-1.185763
gdb_22647,ON=C1CCC(C1)C#N,N#CC1CCC(NO)C1,1.7942768599296528,1.5148795,1.7005637,0.1856842,2.0562706,1.8368653,-0.2194053
gdb_22658,ON=C1CCC(C1)C=O,O=CC1CCC(NO)C1,0.4863436914571934,0.30507106,0.5006506,0.19557953,0.8205678,0.07775144,-0.7428163
gdb_22673,CCC1CCC(C1)=NO,CCC1CCC(NO)C1,1.1988910569765494,0.9649145,1.151171,0.18625647,1.1949546,-0.23805368,-1.4330083
gdb_22675,COC1CCC(C1)=NO,COC1CCC(NO)C1,0.803572546505734,0.64918727,0.83842295,0.18923569,0.77432007,0.023956258,-0.7503638
gdb_22677,OCC1CCC(C1)=NO,OCC1CCC(NO)C1,0.7975205465057229,0.6054403,0.7951223,0.189682,0.7913631,0.15899144,-0.63237166
gdb_22680,C#CC(=NO)CN1CC1,C#CC(CN1CC1)NO,1.9066018599296517,1.9334815,1.8141463,-0.119335175,0.88998336,0.39576712,-0.49421623
gdb_22684,CCC(=NO)CN1CC1,CCC(CN1CC1)NO,2.967647301741181,2.7333243,2.7824461,0.049121857,2.4190912,1.6809254,-0.73816586
gdb_22689,CC(=NO)C#CC1CN1,CC(C#CC1CN1)NO,1.882438859929664,2.2061408,1.8212492,-0.3848915,1.5690037,1.593133,0.024129272
gdb_22693,CC(=NO)CCN1CC1,CC(CCN1CC1)NO,2.958219301741167,2.6830962,2.787203,0.1041069,2.1422153,1.6950749,-0.44714034
gdb_22734,CC1CC2(CN2)C1=NO,CC1CC2(CN2)C1NO,2.717688360804175,2.6103613,2.6539786,0.04361725,2.372361,2.1291614,-0.24319959
gdb_22739,ON=C1C(O)CC11CN1,ONC1C(O)CC12CN2,2.3114578503333973,2.2068121,2.2305853,0.023773193,2.1278555,1.8323355,-0.29552007
gdb_22798,C1C=CC(=NO)C(=O)N1,ONC1CCCNC1O,1.8744700811732853,1.5911276,2.397467,0.80633926,2.6192715,1.9197227,-0.69954884
gdb_22840,C1CC=CCC(=NO)C1,ONC1CC=CCCC1,0.9147902019279854,0.7487814,0.8804571,0.13167572,0.8464189,-0.62151206,-1.467931
gdb_22842,C1C=CCOCC1=NO,ONC1CC=CCOC1,0.5231386914571772,0.29938716,0.43118113,0.13179398,0.6074651,0.18813817,-0.4193269
gdb_22869,CC1C(=O)OCC1=NO,CC1C(NO)COC1O,0.0492911809864153,-0.03130895,0.31174296,0.3430519,1.1759685,0.037441764,-1.1385268
gdb_22873,ON=C1COC(=O)C1O,ONC1COC(O)C1O,-0.3470153294843499,-0.35620672,-0.13214284,0.22406387,0.34723037,-0.57369936,-0.92092973
gdb_22909,CC1C(O)CCC1=NO,CC1C(O)CCC1NO,0.7943785465057545,0.6781637,0.83034724,0.15218353,0.7980844,0.35076055,-0.44732383
gdb_22910,CC1CCC(=NO)C1C,CC1CCC(NO)C1C,1.199473056976558,1.0807822,1.2539847,0.17320251,1.0970278,-0.474471,-1.5714988
gdb_22911,CC1CCC(=NO)C1O,CC1CCC(NO)C1O,0.7922005465057396,0.71319026,0.8208105,0.10762024,0.7980844,0.36413696,-0.4339474
gdb_22914,ON=C1CCC(O)C1O,ONC1CCC(O)C1O,0.385511036034984,0.295664,0.3980772,0.10241318,0.5252117,-0.37571773,-0.90092945
gdb_22915,CC1CCC(C)C1=NO,CC1CCC(C)C1NO,1.1986630569765566,1.1895163,1.2551749,0.06565857,1.0943847,-0.49779353,-1.5921782
gdb_22916,CC1CCC(O)C1=NO,CC1CCC(O)C1NO,0.7936535465057091,0.7754614,0.8405096,0.06504822,0.70228976,0.2989991,-0.40329066
gdb_22919,ON=C1C(O)CCC1O,ONC1C(O)CCC1O,0.3887310360349829,0.36227244,0.42730922,0.06503677,0.4462475,-0.48789105,-0.93413854
gdb_22933,CC12CN1C=CC2=NO,CC12CN1CCC2NO,2.3913455057556803,2.3801444,2.6727927,0.29264832,2.2717152,2.5131323,0.24141717
gdb_23005,CC1NC1C(=NO)C#C,C#CC(NO)C1NC1C,1.892321859929666,1.9528754,1.8342535,-0.118621826,1.4833627,0.661345,-0.82201767
gdb_23006,CN1CC1C(=NO)C#C,C#CC(NO)C1CN1C,1.903230859929636,1.9720252,1.815882,-0.15614319,0.87378085,0.60767543,-0.2661054
gdb_23011,CCC(=NO)C1CN1C,CCC(NO)C1CN1C,2.960262301741181,2.7683737,2.7945197,0.026145935,2.625145,1.5642217,-1.0609232
gdb_23012,CCC(=NO)C1NC1C,CCC(NO)C1NC1C,2.9503383017411693,2.7497962,2.837042,0.08724594,2.3007312,1.5255505,-0.7751807
gdb_23016,CC(=NO)C1NC1C#C,C#CC1NC1C(C)NO,1.8906298599296747,1.710768,1.746752,0.03598404,1.5456882,0.70408785,-0.8416003
gdb_23017,CC(=NO)C1NC1C#N,CC(NO)C1NC1C#N,3.544389104694289,3.3496993,3.3854926,0.035793304,3.2512772,2.7756321,-0.47564507
gdb_23019,CC(=NO)C1CN1C=O,CC(NO)C1CN1CO,2.2244079362217803,2.0235007,2.534983,0.51148224,1.6120229,0.5522972,-1.0597258
gdb_23020,CC(=NO)C1NC1C=O,CC(NO)C1NC1C=O,2.23558593622181,2.1075346,2.1357977,0.028263092,2.4183815,0.6809191,-1.7374623
gdb_23022,CC(=NO)C1NC1CO,CC(NO)C1NC1CO,2.5466307912703314,2.4105132,2.4398978,0.029384613,1.9982907,0.9971619,-1.0011287
gdb_23025,CCC1NC1C(C)=NO,CCC1NC1C(C)NO,2.947000301741184,2.783419,2.8135436,0.030124664,2.232358,1.6297235,-0.60263443
gdb_23027,CCN1CC1C(C)=NO,CCN1CC1C(C)NO,2.956056301741171,2.7703955,2.7755835,0.0051879883,2.6146505,1.6301494,-0.9845011
gdb_23044,CC1C(N1C)C(C)=NO,CC(NO)C1C(C)N1C,2.9507253017411585,2.778292,2.772158,-0.006134033,2.4492807,1.5470786,-0.9022021
gdb_23046,C1CC2(C1)CCC2=NO,ONC1CCC12CCC2,0.9968881160395996,0.9090292,0.99588984,0.08686066,0.8402127,-0.16089056,-1.0011033
gdb_23056,CC1NC11CCC1=NO,CC1NC12CCC2NO,2.709781360804186,2.6532462,2.7274725,0.07422638,2.6419222,2.3514142,-0.29050803
gdb_23062,CC(=NO)C12CC1CO2,CC(NO)C12CC1CO2,0.601586605568798,0.44716853,0.49207133,0.0449028,0.68030745,1.1851565,0.504849
gdb_23063,CC(=NO)C12CC1OC2,CC(NO)C12COC1C2,0.6064596055688298,0.47466105,0.5263769,0.05171585,0.6633486,0.9572491,0.2939005
gdb_23068,CC12CC3N1C2C3=NO,CC12CC3C(NO)C1N32,2.485059419867298,2.4920485,2.4715445,-0.020503998,2.891426,2.944782,0.053355932
gdb_23087,ON=C1C2C3NC1C23O,ONC1C2NC3C1C23O,2.108494909396484,2.077082,2.017153,-0.059928894,1.8741616,1.4339334,-0.44022822
gdb_23099,ON=C1CCCC1C#C,C#CC1CCCC1NO,0.144361615165053,-0.003145039,0.118147075,0.121292114,0.0426915,-1.1931789,-1.2358704
gdb_23100,ON=C1CCCC1C#N,N#CC1CCCC1NO,1.7961508599296394,1.6309683,1.7613089,0.13034058,2.035737,1.7639195,-0.27181756
gdb_23112,ON=C1CCCC1C=O,O=CC1CCCC1NO,0.4861116914572108,0.36891,0.5576078,0.18869781,0.8673586,0.0017155542,-0.8656431
gdb_23130,CCC1CCCC1=NO,CCC1CCCC1NO,1.199661056976538,1.0704558,1.2027991,0.13234329,1.1524318,-0.24359329,-1.3960252
gdb_23133,COC1CCCC1=NO,COC1CCCC1NO,0.8064435465057045,0.70374507,0.8702375,0.16649246,0.7320843,0.04353401,-0.68855023
gdb_23136,OCC1CCCC1=NO,OCC1CCCC1NO,0.7922705465057334,0.70669764,0.8374235,0.13072586,0.7583791,0.15931904,-0.59906006
gdb_23143,ON=C(CC=O)C1CN1,O=CCC(NO)C1CN1,2.2411289362217985,1.9902136,2.0890143,0.09880066,2.3747633,0.84528947,-1.5294738
gdb_23145,CC#CC(=NO)C1CN1,CC#CC(NO)C1CN1,1.881274859929647,2.0373251,1.8276236,-0.20970154,1.981877,1.2893922,-0.69248474
gdb_23147,CCCC(=NO)C1CN1,CCCC(NO)C1CN1,2.9548233017411576,2.7059577,2.8130133,0.107055664,2.3114393,1.9347962,-0.37664306
gdb_23149,C[NH2+]CC(=N[O-])C1CN1,C[NH2+]CC(N[O-])C1CN1,4.685899546505709,4.128786,2.4818823,-1.6469038,4.2152905,1.966588,-2.2487025
gdb_23154,OCCC(=NO)C1CN1,OCCC(NO)C1CN1,2.55333679127034,2.350424,2.4700758,0.119651794,2.127083,1.143617,-0.983466
gdb_23184,ON=C1COCC11CN1,ONC1COCC12CN2,2.290706850333436,2.1190436,2.212702,0.09365845,2.3599021,1.5449588,-0.8149433
gdb_23185,ON=C1COCC11CO1,ONC1COCC12CO2,0.1735460950980609,0.035150707,0.13538569,0.100234985,0.33846548,-0.25459132,-0.5930568
gdb_23208,CC1CC(=NO)C11CN1,CC1CC(NO)C12CN2,2.7172373608041767,2.5923789,2.664698,0.07231903,2.5724962,2.3581703,-0.2143259
gdb_23212,ON=C1CC(O)C11CN1,ONC1CC(O)C12CN2,2.309274850333395,2.149523,2.207823,0.05830002,2.235639,1.8019364,-0.4337027
gdb_23229,CC12C3CC(N13)C2=NO,CC12C(NO)C3CC1N32,2.4846764198672986,2.4593413,2.4820044,0.022663116,2.871443,3.189178,0.31773496
gdb_23232,ON=C1C2NC3C2C13O,ONC1C2NC3C2C13O,2.1084839093965115,2.0944312,2.0243475,-0.07008362,1.8222581,1.4432789,-0.3789792
gdb_23253,ON=C1CC2NC2C1=O,ONC1CC2NC2C1O,1.973801995284873,1.9844,2.2296622,0.24526215,2.177895,2.0708296,-0.10706544
gdb_23263,CC1=CN2CC2C1=NO,CC1CN2CC2C1NO,2.393830505755659,2.5163596,2.6832526,0.166893,2.3349645,2.6512644,0.31629992
gdb_23297,ON=C1CC(=O)C2CC12,O=C1CC(NO)C2CC12,0.2412687505202484,0.086572826,0.16094798,0.07437515,0.19766074,-0.25117853,-0.44883928
gdb_23302,CC1=CC(=NO)C2CN12,CC1CC(NO)C2CN12,2.387832505755682,2.2810614,2.5959876,0.31492615,2.3521142,2.7786365,0.42652225
gdb_23317,ON=C1CN2CC2C=C1,ONC1CCC2CN2C1,2.3962145057556654,2.5389426,2.6255972,0.08665466,2.1042023,2.9304864,0.82628417
gdb_23322,ON=C1CC2OC1C=C2,ONC1CC2C=CC1O2,0.2707997505202684,0.05352992,0.21136302,0.1578331,0.28930667,0.27806485,-0.011241823
gdb_23356,CC(=NO)C1OC2CC12,CC(NO)C1OC2CC21,0.6076496055687812,0.49257106,0.5315878,0.039016724,0.76217306,1.1291186,0.3669455
gdb_23358,CC12CC3C(N13)C2=NO,CC12CC3C(C1NO)N32,2.483658419867254,2.4768622,2.4805777,0.0037155151,2.895104,2.9593399,0.064235926
gdb_23363,CC(=NO)C(=O)N1CC1,CC(NO)C(O)N1CC1,2.21592293622183,2.2141097,2.4553893,0.2412796,1.9018625,0.48115382,-1.4207087
gdb_23364,NC(=[NH2+])C(=N[O-])C1CN1,NC([NH2+])C(N[O-])C1CN1,6.068839936221821,5.692686,4.03261,-1.6600761,5.2129555,1.4241815,-3.788774
gdb_23368,CC(C)C(=NO)C1CN1,CC(C)C(NO)C1CN1,2.9515603017411536,2.7821066,2.9036047,0.12149811,2.0627978,1.4634818,-0.599316
gdb_23376,CC(N1CC1)C(C)=NO,CC(NO)C(C)N1CC1,2.9550833017411837,2.8119795,2.8076842,-0.004295349,2.5244188,1.4588584,-1.0655605
gdb_23386,CC(=NO)C1C2COC12,CC(NO)C1C2COC21,0.6096856055688136,0.47230357,0.5171339,0.044830322,0.8508452,1.1499261,0.29908085
gdb_23395,ON=C1C2CCCC1N2,ONC1C2CCCC1N2,2.7003433608041973,2.6212409,2.7009528,0.079711914,3.0070662,3.1067855,0.099719286
gdb_23402,ON=C1C2CCC1CC2,ONC1C2CCC1CC2,0.9560011160396016,0.99361247,1.0824416,0.0888291,0.91741544,-0.166622,-1.0840374
gdb_23409,ON=C1C=CC2COC12,ONC1CCC2COC21,0.2740287505202445,0.4336874,0.6038305,0.17014313,0.19701128,0.8652306,0.6682193
gdb_23419,ON=C1CCC2OCC12,ONC1CCC2OCC12,0.5637026055688352,0.44475,0.5940115,0.14926147,0.7343803,0.84800524,0.11362493
gdb_23437,ON=C1CC2C=CCC12,ONC1CC2C=CCC21,0.6782712609910391,0.5206129,0.6413061,0.12069321,0.6363592,-0.6035894,-1.2399486
gdb_23444,ON=C1CC2CCOC12,ONC1CC2CCOC21,0.5691766055688277,0.46176356,0.58554286,0.1237793,0.74608517,0.872553,0.12646782
gdb_23450,CC1C2N1C=CC2=NO,CC1C2C(NO)CCN12,2.3915245057556263,2.3428671,2.6525404,0.3096733,2.2407799,2.9689229,0.728143
gdb_23458,ON=C1C=CCC2NC12,ONC1CCCC2NC12,2.387498505755673,2.538954,2.6993506,0.16039658,2.035902,2.5404258,0.50452375
gdb_23461,ON=C1C=CNC2CC12,ONC1CCNC2CC12,2.377750505755671,1.9741881,2.605551,0.6313629,2.4360306,2.989447,0.5534165
gdb_23489,ON=C1C2C3C=CC1C23,ONC1C2C=CC3C2C31,0.4640093200541173,0.3877775,0.44135875,0.053581238,0.321171,-0.87533724,-1.1965082
gdb_23492,ON=C1C2C3CCC1C23,ONC1C2CCC3C2C31,0.7432501751026734,0.75588816,0.83250636,0.076618195,0.81254864,-0.44842127,-1.2609699
gdb_23513,ON=C1CC2OC3C2C13,ONC1CC2OC3C1C23,0.3451856646319129,0.20188731,0.33491725,0.13302994,0.51370335,0.42879215,-0.0849112
gdb_23564,ON=C1C2OC2C11CN1,ONC1C2OC2C12CN2,2.0985859093964905,2.0614417,2.029814,-0.031627655,2.4014559,1.8038578,-0.5975981
gdb_23567,ON=C1C2CC1C1NC21,ONC1C2CC1C1NC21,2.4942024198672925,2.4061148,2.489401,0.083286285,2.0267606,2.106774,0.08001351
gdb_23569,ON=C1C2CC1N1CC21,ONC1C2CC1N1CC21,2.4954554198672554,2.3767378,2.4397223,0.06298447,2.5841649,2.4878955,-0.09626937
gdb_23578,CC1C2C3N2C1C3=NO,CC1C2C(NO)C3C1N23,2.4905404198672727,2.4478323,2.4531462,0.0053138733,2.8371363,3.056707,0.21957064
gdb_23579,CN1C2C3C2C(=NO)C13,CN1C2C(NO)C3C2C31,2.509672419867286,2.4342215,2.4424384,0.008216858,2.132875,1.9025998,-0.23027515
gdb_23581,ON=C1C2C3C(O)C1N23,ONC1C2C(O)C3C1N23,2.083256909396482,2.01182,2.0093787,-0.0024414062,1.6055285,1.185155,-0.42037344
gdb_23582,ON=C1C2CC3CC2C13,ONC1C2CC3CC2C31,0.7642261751026354,0.7206823,0.7898504,0.06916809,0.7341893,-0.4806174,-1.2148067
gdb_23588,ON=C1C2C3CC1CN23,ONC1C2CC3C1N3C2,2.4370774198672507,2.4012396,2.4384634,0.037223816,2.6506643,2.5359025,-0.11476183
gdb_23599,ON=C1CC2C3CN3C12,ONC1CC2C3CN3C12,2.507332419867282,2.3099196,2.421305,0.111385345,2.6498978,2.445441,-0.2044568
gdb_23600,ON=C1CC2C3NC3C12,ONC1CC2C3NC3C12,2.5044264198672863,2.3193648,2.4576285,0.1382637,2.1909816,2.1831722,-0.0078094006
gdb_23606,ON=C1CNC1C1CC1,ONC1CNC1C1CC1,2.724111360804216,2.6060126,2.6673758,0.06136322,2.9607918,2.57961,-0.38118172
gdb_24332,c1c2c(c[nH]1)NC=NC2,c1[nH]cc2c1CNCN2,2.5257530184115358,2.5326807,2.8844025,0.35172176,2.5782542,1.4259161,-1.1523381
gdb_24361,c1[nH]c2c(n1)CCC=C2,c1nc2c([nH]1)CCCC2,0.8078307736469128,0.90040797,0.978326,0.07791805,0.5959716,1.1012752,0.5053036
gdb_24386,c1[nH]c2c(n1)NC=NC2,c1nc2c([nH]1)CNCN2,4.222356263176152,4.08517,4.4580975,0.37292767,3.9828444,3.5999467,-0.38289762
gdb_24387,c1coc2c1NC=NC2,c1cc2c(o1)CNCN2,0.4181792631761709,0.55207247,0.90038186,0.3483094,0.9871726,0.86666983,-0.12050277
gdb_24389,c1c[nH]c2c1CN=CO2,c1cc2c([nH]1)OCNC2,0.4118492631761796,0.8073947,0.92604965,0.11865497,0.94656,1.3989923,0.45243227
gdb_24390,c1coc2c1CN=CO2,c1cc2c(o1)OCNC2,-1.6961314920592372,-1.1200192,-1.0008624,0.11915684,-0.5967076,-1.6652479,-1.0685403
gdb_24396,c1nc2c(o1)CN=CO2,c1nc2c(o1)CNCO2,0.003809752705365,0.41400367,0.5240895,0.110085845,0.522793,-0.045695886,-0.5684889
gdb_24402,c1c[nH]c2c1C=CCN2,c1cc2c([nH]1)NCCC2,0.8288157736469088,0.8983881,1.0362365,0.13784844,1.0684646,0.9788933,-0.08957136
gdb_24405,c1[nH]c2c(n1)C=CCO2,c1nc2c([nH]1)OCCC2,0.4148582631761428,0.71566075,0.50834817,-0.20731258,0.23686092,0.9822555,0.7453946
gdb_24490,c1cnc2c(n1)CC=C2,c1cnc2c(n1)CCC2,22.39381024783881,17.375364,16.372715,-1.0026493,18.845692,22.183514,3.337822
gdb_24491,c1c2c(ncn1)C=CC2,c1ncc2c(n1)CCC2,22.389240247838814,18.032284,16.947685,-1.0845985,20.683218,22.334366,1.6511478
gdb_24575,c1ccncocnc1,C1CCNCOCNC1,2.00013173659562,1.8087027,3.0565436,1.2478409,2.0344238,1.6156601,-0.41876376
gdb_24680,c1cc2n(c1)C=CCO2,c1cc2n(c1)CCCO2,-1.2828429815884306,-1.3147583,-1.0355799,0.27917838,0.011303892,-0.9286106,-0.9399145
gdb_24763,c1nc2c(o1)C=CC2=O,OC1CCc2ocnc21,-1.9914563471077715,-2.7681756,-1.4392164,1.3289592,-2.001147,-1.7333671,0.26777995
gdb_24833,N=C1C=COC=NC1=O,NC1=C(O)N=COC=C1,-30.282841192080756,-33.048603,0.85349864,33.902103,-30.299564,10.711263,41.010826
gdb_24844,c1nc(=O)c(=O)nco1,OC1=C(O)N=COC=N1,-30.712714702551523,-34.789284,-0.12709218,34.662193,-30.8853,12.284948,43.17025
gdb_24861,N=C1OC(=O)N=CC=C1,NC1=CC=CN=C(O)O1,-30.296389192080767,-35.776325,2.1490347,37.92536,-30.623953,4.321853,34.945805
gdb_24940,c1nc2c(o1)CC(=O)N2,OC1Cc2ocnc2N1,-0.0187722472946347,0.11151916,0.0075904727,-0.103928685,-0.034494314,0.20133926,0.23583357
gdb_24944,c1c[nH]c2c1CC(=O)O2,OC1Cc2cc[nH]c2O1,-1.728760492059223,-1.1368592,-1.5302975,-0.39343834,-1.4363234,-0.8149636,0.6213598
gdb_25107,N=C1OC=CC(=O)C=C1,NC1=CC=C(O)C=CO1,-31.991104436845376,-36.694897,-1.0407159,35.654182,-33.39051,3.377506,36.768017
gdb_25117,c1c[nH]c(=O)ncc1=O,OC1=CN=C(O)NC=C1,-30.31105219208075,-36.678898,1.5424292,38.22133,-30.279028,3.7571447,34.03617
gdb_25123,c1coc(=O)ncc1=O,OC1=CN=C(O)OC=C1,-32.416227947316145,-38.538002,-0.35310155,38.184902,-32.221306,2.2957258,34.517033
gdb_25211,N=C1OC=NC=NC1=O,NC1=C(O)N=CN=CO1,-28.57871694731614,-32.75378,3.0098517,35.763634,-28.687365,13.675643,42.363007
gdb_25212,c1cc[nH]c(=O)c(=O)c1,OC1=C(O)NC=CC=C1,-32.01982843684539,-34.07441,-0.32922918,33.745182,-31.46445,8.078885,39.543335
gdb_25230,c1[nH]c2c(n1)C(=O)CC2,OC1CCc2[nH]cnc21,0.3841712631761425,0.08203691,0.39656132,0.3145244,-0.09583528,0.4735765,0.56941175
gdb_25231,c1nc2c(o1)CCC2=O,OC1CCc2ocnc21,-1.7215504920592366,-1.7527432,-1.4392152,0.31352806,-1.1835876,-1.7333671,-0.54977953
gdb_25248,N=C1OCC2=C1OC=N2,NC1OCc2ncoc21,0.006568752705391,-0.8760621,0.06702536,0.94308746,-0.037365347,0.40009785,0.4374632
gdb_25258,c1coc2c1CNC2=O,OC1NCc2ccoc21,-1.7252534920592095,-1.9854627,-1.283628,0.7018347,-1.5136144,-1.4239929,0.089621544
gdb_25259,c1nc2c(o1)C(=O)NC2,OC1NCc2ncoc21,-0.0210542472946144,-0.40284318,0.28815573,0.6909989,0.11348919,0.18658002,0.07309083
gdb_25267,c1c2n(cn1)C(=O)CC2,OC1CCc2cncn21,0.3729552631761521,-0.054289162,0.4361443,0.49043345,0.6345424,0.35797867,-0.27656373
gdb_25327,c1nc(c2n1CC2)C=O,OCc1ncn2c1CC2,0.4396002631761462,0.75551623,1.0128155,0.25729924,-0.26197016,0.6322548,0.89422494
gdb_25381,c1c2n(c(n1)C=O)CC2,OCc1ncc2n1CC2,0.44119726317615,0.6752617,0.86497515,0.18971348,-0.26197016,0.63068885,0.892659
gdb_25477,c1cnc(cn1)NC=N,NCNc1cnccn1,26.06073667830509,25.533533,24.492867,-1.0406666,25.316475,20.055737,-5.2607384
gdb_25481,c1cnc(cn1)NC=N,NCNc1cnccn1,26.06073667830509,25.533531,24.492863,-1.0406685,25.316475,20.055737,-5.2607384
gdb_25487,N=COC1=CN=CC=N1,NCOc1cnccn1,23.95344592306969,23.408283,22.480742,-0.92754173,23.882359,20.054447,-3.8279114
gdb_25491,N=COC1=NC=CN=C1,NCOc1cnccn1,23.95344592306969,23.408287,22.480743,-0.92754364,23.882359,20.054447,-3.8279114
gdb_25507,c1cnc(cn1)NC=O,OCNc1cnccn1,23.931686923069662,23.467363,22.535809,-0.9315548,23.844297,20.93624,-2.9080582
gdb_25511,c1cnc(cn1)NC=O,OCNc1cnccn1,23.931686923069662,23.467365,22.535805,-0.9315605,23.844297,20.93624,-2.9080582
gdb_25517,c1cnc(cn1)OC=O,OCOc1cnccn1,21.81343716783431,20.20876,20.481842,0.27308273,22.035198,19.721853,-2.313345
gdb_25521,c1cnc(cn1)OC=O,OCOc1cnccn1,21.81343716783431,20.208754,20.481848,0.27309418,22.035198,19.721853,-2.313345
gdb_25818,NC(=[NH2+])C1=CN=C(O)[N-]1,NC([NH2+])c1cnc(O)[n-]1,4.052005693642286,2.9603734,3.7152362,0.7548628,4.1502643,4.8059607,0.6556964
gdb_25834,CC(=O)c1cnccn1,CC(O)c1cnccn1,22.229016678305072,20.52707,21.193344,0.666275,21.243273,21.41034,0.16706657
gdb_25838,CC(=O)c1cnccn1,CC(O)c1cnccn1,22.229015678305075,20.52707,21.193342,0.6662731,21.243273,21.41034,0.16706657
gdb_25846,c1cnc(cn1)C(=O)N,NC(O)c1cnccn1,23.91390392306971,22.400597,22.638338,0.23774147,24.072815,17.358145,-6.71467
gdb_25850,c1cnc(cn1)C(=O)N,NC(O)c1cnccn1,23.91390392306971,22.400595,22.638338,0.23774338,24.072815,17.358145,-6.71467
gdb_27951,Cc1cncc(n1)C=O,Cc1cncc(CO)n1,22.232178678305104,18.0801,19.033928,0.9538288,20.969593,22.519375,1.5497818
gdb_27961,c1c(nc(cn1)N)C=O,Nc1cncc(CO)n1,23.938665923069664,19.664595,20.52735,0.8627548,23.717873,24.690304,0.9724312
gdb_27971,c1c(nc(cn1)O)C=O,OCc1cncc(O)n1,21.814336167834316,17.581944,18.47016,0.888216,20.991941,20.201473,-0.7904682
gdb_28616,Cc1cnc(cn1)C=O,Cc1cnc(CO)cn1,22.23145367830506,18.020102,19.016455,0.99635315,21.07399,21.73771,0.6637211
gdb_28620,Cc1cnc(cn1)C=O,Cc1cnc(CO)cn1,22.23145367830506,18.020105,19.016453,0.9963474,21.07399,21.73771,0.6637211
gdb_28623,c1c(ncc(n1)N)C=O,Nc1cnc(CO)cn1,23.935666923069675,19.60367,20.537342,0.93367195,23.117622,24.548252,1.4306297
gdb_28627,c1c(ncc(n1)N)C=O,Nc1cnc(CO)cn1,23.935666923069675,19.60367,20.537344,0.93367386,23.117622,24.548252,1.4306297
gdb_28628,c1c(ncc(n1)O)C=O,OCc1cnc(O)cn1,21.811547167834306,17.429476,18.431307,1.001831,20.96903,19.957155,-1.0118752
gdb_28631,c1c(ncc(n1)O)C=O,OCc1cnc(O)cn1,21.811547167834306,17.429472,18.4313,1.0018272,20.96903,19.957155,-1.0118752
gdb_29008,Cc1c(nccn1)C=O,Cc1nccnc1CO,22.2329686783051,17.489378,18.065205,0.57582664,17.540123,22.178745,4.6386223
gdb_29015,c1cnc(c(n1)C=O)N,Nc1nccnc1CO,23.923332923069665,19.684711,20.126902,0.44219017,21.332909,25.171656,3.838747
gdb_29022,c1cnc(c(n1)C=O)O,OCc1nccnc1O,21.816456167834303,17.744265,18.18194,0.43767548,18.507307,20.31681,1.8095036
gdb_29500,c1coc2c1CN=C2N,NC1NCc2ccoc21,0.4167392631761686,-0.058163702,0.94156116,0.99972486,0.9466202,0.096561305,-0.8500589
gdb_30540,NC=[NH+]C1=CN=C(O)[N-]1,NC[NH+]c1cnc(O)[n-]1,4.10051469364231,3.6021512,3.3293293,-0.2728219,3.6137776,3.2937632,-0.32001448
gdb_30542,c1cnc(cn1)N=CN,NCNc1cnccn1,26.05659967830508,24.437616,24.492857,0.05524063,25.823399,20.055737,-5.767662
gdb_30544,c1cnc(cn1)N=CN,NCNc1cnccn1,26.05659967830508,24.437609,24.492868,0.055259705,25.823399,20.055737,-5.767662
gdb_34059,C#CC12CC3=NCC1N23,C#CC12CC3NCC1N32,1.8412644885265763,1.8074667,2.0164359,0.20896912,1.5158316,2.0592206,0.54338896
gdb_34064,N#CC12CC3=NCC1N23,N#CC12CC3NCC1N32,3.4975167332912065,3.404341,3.618952,0.21461105,2.9562788,3.2363162,0.2800374
gdb_34271,C#CC12CN=C3CC1N23,C#CC12CNC3CC1N32,1.842410488526582,1.7651274,2.0804732,0.31534576,1.5104619,2.0577137,0.5472518
gdb_34276,N#CC12CN=C3CC1N23,N#CC12CNC3CC1N32,3.498574733291207,3.3639586,3.6831076,0.31914902,2.9400256,3.2677274,0.3277018
gdb_34523,N#CC1=CC2CN(C2)C1,N#CC1CC2CN(C1)C2,1.9653134294634924,1.9519103,2.1622946,0.21038437,1.8076216,2.1070518,0.29943025
gdb_34554,C#CC1=CC2CC1CO2,C#CC1CC2CC1CO2,-1.8358955705364792,-1.7984407,-1.5406549,0.2577858,-1.7951227,-1.5759019,0.21922088
gdb_34557,C#CC1=CC2COC1C2,C#CC1CC2COC1C2,-1.8358965705364767,-1.7595346,-1.5691774,0.19035721,-1.7931378,-1.5759019,0.21723592
gdb_34560,N#CC1=CC2CC1CO2,N#CC1CC2CC1CO2,-0.1809063257719003,-0.26173955,0.10332316,0.3650627,-0.2057435,0.15789469,0.3636382
gdb_34562,N#CC1=CC2CCC1N2,N#CC1CC2CCC1N2,1.9349584294635065,1.8750937,2.192362,0.31726837,2.0752096,2.3289554,0.2537458
gdb_34564,N#CC1=CC2COC1C2,N#CC1CC2COC1C2,-0.1812163257719135,-0.22482091,0.07440013,0.29922104,-0.2057435,0.15789469,0.3636382
gdb_34585,C#CC1=CCC2(C1)CC2,C#CC1CCC2(CC2)C1,-1.4242630600657549,-1.2525346,-1.1022089,0.15032578,-1.4130305,-1.1372236,0.2758069
gdb_34587,C#CC1=NCC2(O1)CC2,C#CC1NCC2(CC2)O1,-0.1281223257718693,-0.012643635,0.20087641,0.21352005,0.080282725,-0.17851077,-0.2587935
gdb_34588,C1CC12CC=C(C2)C#N,N#CC1CCC2(CC2)C1,0.2294161846988913,0.29167765,0.5507414,0.25906372,0.12595154,0.5602685,0.434317
gdb_34592,C1CC12CN=C(O2)C#N,N#CC1NCC2(CC2)O1,1.5316719189927426,1.5932524,1.8228133,0.22956085,1.3368391,1.374347,0.03750789
gdb_34596,N#CC1=CCC2CC1N2,N#CC1CCC2CC1N2,1.9559504294634849,1.8454154,2.1939795,0.34856415,1.8379792,2.3006802,0.46270096
gdb_34598,N#CC1=CCN2CC1C2,N#CC1CCN2CC1C2,1.965604429463497,1.9709609,2.2054808,0.23451996,1.9430953,2.1502628,0.2071675
gdb_34655,C#CC1=CCCCCC1,C#CC1CCCCCC1,-1.1906371191287803,-1.1208017,-0.8620699,0.25873178,-1.1495633,-0.8433676,0.30619574
gdb_34660,C#CC1=NCCCCO1,C#CC1NCCCCO1,0.1131216151650278,0.06418055,0.37268275,0.3085022,0.20656417,-0.15358101,-0.36014518
gdb_34662,C1CCC=C(CC1)C#N,N#CC1CCCCCC1,0.4616341256357827,0.42817897,0.79142207,0.3632431,0.41052613,0.7447286,0.3342025
gdb_34668,C1CCOC(=NC1)C#N,N#CC1NCCCCO1,1.769471859929638,1.6699317,1.9966757,0.32674408,2.0668402,2.0470452,-0.019794941
gdb_34732,C#CC1C2C3CN=C1N23,C#CC1C2NCC3C1N32,1.8464254885265632,1.6862471,1.9322608,0.24601364,1.7525382,2.0159674,0.26342916
gdb_34736,N#CC1C2C3CN=C1N23,N#CC1C2NCC3C1N32,3.501822733291192,3.3197844,3.5719397,0.2521553,3.3870275,3.2944193,-0.09260821
gdb_35071,C#CC1N=C2CC3C1N23,C#CC1NC2CC3C1N23,1.847783488526602,1.6193717,1.970465,0.3510933,1.74652,1.9202478,0.17372775
gdb_35077,N#CC1N=C2CC3C1N23,N#CC1NC2CC3C1N23,3.5018947332911807,3.2452757,3.6083815,0.36310577,3.281183,3.1464806,-0.13470244
gdb_35102,C#CC1N=COC11CC1,C#CC1NCOC12CC2,-0.1218193257718667,-0.1673258,0.20155925,0.36888504,0.04448494,-0.20904662,-0.25353155
gdb_35107,N#CC1N=COC11CC1,N#CC1NCOC12CC2,1.5315769189926982,1.4523642,1.8323271,0.37996292,1.8429991,1.5375692,-0.30542994
gdb_35210,C#CC1CC11CN=CO1,C#CC1CC12CNCO2,-0.1285543257719155,-0.2759493,0.09962672,0.37557602,0.042849783,-0.26769513,-0.3105449
gdb_35214,N#CC1CC11CN=CO1,N#CC1CC12CNCO2,1.524968918992727,1.3601477,1.7356665,0.3755188,1.8245448,1.4590874,-0.36545742
gdb_35846,C#CC1CCN=COC1,C#CC1CCNCOC1,0.1169526151650188,0.046549022,0.29342097,0.24687195,-0.028985534,-0.18836945,-0.15938392
gdb_35851,N#CC1CCN=COC1,N#CC1CCNCOC1,1.7698558599296348,1.697077,1.9459136,0.24883652,1.5943222,1.904467,0.31014478
gdb_35930,C#CC1CCCN=CO1,C#CC1CCCNCO1,0.118996615165031,-0.12864476,0.29669398,0.42533875,0.040401652,-0.13862711,-0.17902876
gdb_35931,C#CC1CCOC=NC1,C#CC1CCOCNC1,0.1175736151650426,0.013292491,0.32058161,0.30728912,-0.018045029,-0.1768223,-0.15877728
gdb_35938,N#CC1CCCN=CO1,N#CC1CCCNCO1,1.7733148599296555,1.4838164,1.9328368,0.4490204,1.6121985,1.9600822,0.3478837
gdb_35939,N#CC1CCOC=NC1,N#CC1CCOCNC1,1.7695118599296509,1.6654685,1.9735739,0.30810547,1.6134,1.904467,0.291067
gdb_35944,C#CC1CCCOC=N1,C#CC1CCCOCN1,0.1196326151650168,0.08724421,0.39196604,0.30472183,0.06351504,-0.14167519,-0.20519023
gdb_35951,N#CC1CCCOC=N1,N#CC1CCCOCN1,1.7711038599296671,1.716963,2.032778,0.31581497,1.6121985,1.9600822,0.3478837
gdb_36539,C#CCN=C1CN=CN1,C#CCNC1CNCN1,3.6275157601164665,3.6747,4.00976,0.33505988,2.6663146,1.8638618,-0.8024528
gdb_36540,C1C(=NCC#N)NC=N1,N#CCNC1CNCN1,5.279349004881112,5.176386,5.5401096,0.36372375,4.8004575,2.5515046,-2.2489529
gdb_36865,C1CC1CC2=NCCO2,C1COC(CC2CC2)N1,0.9276041160395608,0.9626333,1.2392714,0.2766381,0.98490185,1.0714511,0.08654922
gdb_36873,C1CC1NC2=NCCO2,C1COC(NC2CC2)N1,2.6337753608041794,2.6129935,2.876856,0.2638626,2.6166046,1.8377134,-0.7788912
gdb_36910,C(C1CC1)C1CN=CO1,C1NCC(CC2CC2)O1,0.933330116039599,0.8925039,1.2322028,0.33969885,0.91714036,1.0486188,0.13147843
gdb_37057,C1C23CCCC12N=CO3,C1CC23CC2(C1)OCN3,0.6777011751026407,0.54985255,0.90974253,0.35988998,0.60928524,0.57608527,-0.033199966
gdb_37349,C1C2OC=NC1C1OC21,C1NC2CC(O1)C1OC21,0.2730216646318695,0.18650264,0.5698263,0.38332367,0.3509904,0.14874315,-0.20224726
gdb_37758,C1NC2=NC3C4NC13C24,C1NC2NC3C4NC13C24,4.242819234165609,4.3677616,4.608816,0.24105453,4.2917438,4.4358644,0.1441207
gdb_37792,C1C2C3CC1OC=NC23,C1NC2C3CC(CC32)O1,0.670582175102652,0.62079066,1.040621,0.41983038,0.5809711,0.53881836,-0.042152762
gdb_37842,C1N=C2NC3C4NC13C24,C1NC2NC3C4NC13C24,4.445481234165641,4.411722,4.608835,0.19711304,4.28951,4.4358644,0.14635468
gdb_37938,C1C2C3COC=NC1C23,C1NC2CC3C(CO1)C23,0.7155211751026513,0.68250483,1.0174658,0.334961,0.61988425,0.5915856,-0.028298676
gdb_37949,C1OC=NC2C3OC2C13,C1NC2C3OC2C3CO1,0.343733664631884,0.27314967,0.6214277,0.34827805,0.61447334,0.513862,-0.10061133
gdb_37956,C1CN=C2OC3C(O1)C23,C1COC2C3OC(N1)C23,0.3497486646318748,0.34277552,0.5339834,0.19120789,0.533135,0.41269413,-0.12044087
gdb_37992,C1C2C=C3C=C1C1C3N21,C1C2CC3CC1C1C2N31,0.622100889587955,0.31823176,1.1905081,0.87227637,1.2455919,1.1395152,-0.10607672
gdb_38015,C1C2N=C3NC4C2N1C34,C1C2NC3NC4C2N1C34,4.419906234165637,4.2281933,4.5290165,0.3008232,4.0565786,3.4210033,-0.6355753
gdb_38016,C1C2N=C3OC4C2C1C34,C1C2NC3OC4C2C1C34,0.5739772341656248,0.43131846,0.76058406,0.3292656,0.8324757,0.9152612,0.08278549
gdb_38025,C1C2C=C3CCC=C3C12,C1CC2CC3CC3C2C1,-0.9134774142397076,-1.0845811,-0.18182164,0.9027595,-0.9167581,-0.31131837,0.6054398
gdb_38088,C1C2N=CN3C=NC1C23,C1C2NCN3CNC1C23,4.210801320054145,4.0088367,4.7061253,0.6972885,2.9012327,3.4229198,0.52168703
gdb_38132,C1C2C3OCC3N=CN12,C1OC2C1NCN1CC21,2.4290324198672693,2.181658,2.6608412,0.4791832,2.3633692,1.1755816,-1.1877877
gdb_38169,C1C2N=COC3COC123,C1NC2CC23OCC3O1,0.3030186646319066,0.15682429,0.5261099,0.36928558,0.18568963,0.47210526,0.28641564
gdb_38328,C1C2NC1C21CN=CO1,C1NCC2(O1)C1CC2N1,2.4482134198672725,2.2602408,2.664305,0.40406418,2.4709127,2.598824,0.12791133
gdb_38543,C1C2OC3=NCCOC123,C1COC23CC2OC3N1,0.3212026646318691,0.2886793,0.5229704,0.23429108,0.38753122,0.47183654,0.084305316
gdb_38655,C1C2NC3C2OC=NC13,C1NC2CC3NC2C3O1,2.403060419867245,2.2883933,2.671675,0.3832817,2.10969,2.536016,0.42632604
gdb_38886,C1C2CC3COC3=NC12,C1OC2NC3CC3CC12,0.7007381751026855,0.624407,0.983164,0.35875702,0.8407931,1.1365058,0.29571277
gdb_39075,C1N=COC2OC1C=C2,C1=CC2OCNCC1O2,0.211860750520259,-0.05822164,0.39196986,0.4501915,0.05083445,0.110663176,0.059828725
gdb_39203,C1C2CCC3N=COC123,C1NC2CCC3CC32O1,0.6732311751026714,0.5740606,0.98428553,0.4102249,0.65490454,0.6142701,-0.040634453
gdb_39379,C1C2CCN=COCC12,C1CC2CC2COCN1,0.9522361160395576,0.9583456,1.199568,0.24122244,1.0141114,0.9003673,-0.11374408
gdb_39542,C1C=CC2=CCOCC12,C1CC2CCOCC2C1,-1.0847519837735715,-1.0872476,-0.3662241,0.7210235,-1.0531472,-0.48607546,0.56707174
gdb_39581,C1C=CCC2N=COC12,C1=CCC2OCNC2C1,0.6139592609910665,0.5134832,0.87322444,0.3597412,0.6079783,0.5288754,-0.079102874
gdb_39584,C1C=CC2COC=NC12,C1=CC2COCNC2C1,0.6248932609910298,0.58097285,0.8982908,0.31731796,0.6106743,0.52726954,-0.08340478
gdb_39639,C1CC(O1)C1=NCCO1,C1COC(C2CCO2)N1,0.5266966055688158,0.54879206,0.789797,0.24100494,0.66978127,0.7770784,0.10729712
gdb_39640,C1CN(C1)C2=NCCO2,C1CN(C2NCCO2)C1,2.6346003608042,2.5709937,2.9206946,0.34970093,2.6789498,1.3597565,-1.3191934
gdb_39931,C1CC12C=CC=CC=C2,C1CCCC2(CC1)CC2,-0.9493573283513684,-0.7763651,0.042986095,0.8193512,-0.7594964,-0.09042749,0.66906893
gdb_39947,C1CC12C=CCOC=N2,C1=CC2(CC2)NCOC1,0.6514112609910399,0.57625026,0.85604686,0.2797966,0.5608744,0.52680516,-0.03406924
gdb_40089,C1OC11CN2CCN=C12,C1CN2CC3(CO3)C2N1,2.434656419867281,2.3248694,2.7210371,0.39616776,2.0161564,1.7062402,-0.30991626
gdb_40261,C1CC2(CC2)OC=NC1,C1CNCOC2(C1)CC2,0.9415231160396048,0.8925573,1.1815131,0.28895575,0.8743817,0.98643875,0.11205703
gdb_40640,C1OC1C1C2OC=NC12,C1NC2C(O1)C2C1CO1,0.3088166646318768,0.1797468,0.5777952,0.3980484,0.63602036,0.58326936,-0.052751005
gdb_40802,C1NC1C1CCN=CO1,C1CC(C2CN2)OCN1,2.652641360804182,2.502455,2.823641,0.32118607,2.8581486,2.6175356,-0.24061298
gdb_40806,C1OC1C1COC=NC1,C1NCC(C2CO2)CO1,0.5351596055688219,0.51286525,0.7726919,0.25982666,0.79760283,0.8257553,0.028152466
gdb_40843,C1CC1N=C2CN=CN2,C1NCC(NC2CC2)N1,4.453330260991038,4.3298054,4.820036,0.49023056,3.8578997,2.332864,-1.5250356
gdb_40897,C1OCC11C2OC=NC12,C1NC2C(O1)C21COC1,0.3089356646318606,0.20447749,0.61712855,0.41265106,0.15130334,0.314137,0.16283368
gdb_40975,C1CC2(CN=CO2)C=C1,C1=CC2(CC1)CNCO2,0.6081442609910255,0.4457838,0.8535101,0.4077263,0.60308963,0.46245864,-0.14063099
gdb_41162,C1CC23CC(N=CO2)C13,C1NC2CC3(CCC23)O1,0.7644111751026799,0.5815374,0.9590933,0.37755585,0.66624135,0.42248297,-0.24375838
gdb_41465,C1OC23CCN=C2OC13,C1CC23OCC2OC3N1,0.3195896646319056,0.31954402,0.519808,0.20026398,0.6078824,0.8397046,0.2318222
gdb_41501,C1CC2=CC=CC=CC12,C1CCC2CCC2CC1,-0.9532873283513368,-1.1566064,0.08857173,1.2451782,-0.3902434,-0.10031031,0.2899331
gdb_41502,C1OC2C=CC=CC=C12,C1CCC2COC2CC1,-1.3517598388220904,-1.5902917,-0.36736852,1.2229233,-0.451292,-0.4675422,-0.016250193
gdb_41519,C1CC2=CCOC=NC12,C1=C2CCC2NCOC1,0.6518892609910267,0.5593168,0.90073603,0.34141922,0.5615534,0.6286255,0.06707209
gdb_41523,C1CC=C2CCC=C2C1,C1CCC2CCCC2C1,-0.6959364733028224,-0.77315694,0.082372844,0.8555298,-0.7369998,-0.10123673,0.63576305
gdb_41524,C1COC2=NCCC2=C1,C1COC2NCCC2C1,0.6016702609910567,0.43369502,1.2454398,0.81174475,0.94109225,1.2031084,0.26201618
gdb_41535,C1OC2=NCCCOC12,C1CNC2OCC2OC1,0.5347116055688161,0.5743887,0.7693884,0.1949997,0.66017383,0.7779176,0.11774379
gdb_41602,C1OC2C1C21CN=CO1,C1NCC2(O1)C1COC12,0.3140266646319105,0.14153498,0.5539114,0.4123764,0.14685503,0.43756896,0.29071394
gdb_41625,C1OC2C1N=C1OCC21,C1OC2C1NC1OCC12,0.3190326646318908,0.21502894,0.55629176,0.34126282,0.5947059,0.75006914,0.15536326
gdb_41638,C1CC2C3C4C2C(=N1)N34,C1CC2C3C(N1)N1C2C31,2.646172989401009,2.555178,2.847109,0.29193115,2.053869,2.9908378,0.9369688
gdb_41682,C1CC23OC=NC2C3O1,C1CC23OCNC2C3O1,0.2799126646318655,0.1517393,0.5718481,0.4201088,0.30080643,0.57639974,0.2755933
gdb_41760,C1OC2CC=CC=CC12,C1CCC2COC2CC1,-1.0541809837735627,-0.81027776,-0.36736852,0.44290924,-1.2090682,-0.4675422,0.741526
gdb_41869,C1OC2OC=NCC2=C1,C1=C2CNCOC2OC1,0.2066067505202795,-0.017938435,0.46760768,0.4855461,0.23571314,0.5684235,0.3327104
gdb_41872,C1CC2CN=COC2C1,C1CC2CNCOC2C1,0.9063841160395896,0.90244883,1.237284,0.3348351,0.9625045,0.95280164,-0.009702861
gdb_41880,C1CC2OC=NCCC12,C1CC2CCC2OCN1,0.939561116039556,0.92077845,1.2466948,0.32591635,0.9634879,0.99053323,0.02704531
gdb_41886,C1OC2CN=COCC12,C1NCC2OCC2CO1,0.5386656055687808,0.5115835,0.77885646,0.26727295,0.51258934,0.73496574,0.2223764
gdb_41931,C1OC2OCC=CC2=C1,C1COC2OCCC2C1,-1.4898574942443474,-1.4191034,-0.79361516,0.6254882,-1.7025024,-0.78795534,0.914547
gdb_41998,C1CN2CCCN=C2O1,C1CNC2OCCN2C1,2.6072723608041883,2.5390952,2.9151328,0.3760376,2.6673748,1.3427126,-1.3246622
gdb_42011,C1CC2OCCOC2=N1,C1CC2OCCOC2N1,0.5070796055688334,0.55501765,0.79052943,0.23551178,0.63871455,0.73624396,0.09752941
gdb_42061,C1C=CC=CC=CCO1,C1CCCCOCCC1,-1.0916408978852132,-1.020437,-0.10612279,0.9143142,-1.4623106,-0.2873521,1.1749585
gdb_42077,C1OCC#CCN=CO1,C1#CCOCOCNC1,-0.271436895305726,-0.33581334,0.032175243,0.3679886,-0.56769323,0.59787315,1.1655664
gdb_42137,C1CN=COCCOC1,C1CNCOCCOC1,0.7918625465057403,0.7658636,1.0653937,0.2995301,0.7926373,0.3541611,-0.43847618
gdb_42147,O=C(C#C)C#CC1CN1,C#CC(O)C#CC1CN1,-0.9261348266464324,-0.7987345,-0.60597783,0.19275665,-3.0014327,-0.8812381,2.1201944
gdb_42150,O=C(C#N)C#CC1CN1,N#CC(O)C#CC1CN1,0.7340534181181511,0.81160945,0.9788763,0.16726685,-0.48004246,0.26383632,0.7438788
gdb_42156,N=C(C(=O)C#C)N1CC1,C#CC(O)C(N)N1CC1,1.5485450048811344,1.3418982,1.8137457,0.47184753,0.60517114,0.319262,-0.28590915
gdb_42157,N=C(C(=O)C#N)N1CC1,N#CC(O)C(N)N1CC1,3.20842124964571,2.9305747,3.436392,0.5058174,2.8117626,1.981019,-0.83074355
gdb_42159,O=C(C#C)C(=O)C1CN1,C#CC(O)C(O)C1CN1,-0.5820977503542508,-0.6170481,-0.10806066,0.5089874,-0.83040494,-0.24890675,0.5814982
gdb_42161,C#CC(=O)C(=O)N1CC1,C#CC(O)C(O)N1CC1,-0.5891527503542875,-0.646673,-0.008252919,0.6384201,-0.9853815,-0.7987656,0.18661588
gdb_42163,O=C(C#N)C(=O)C1CN1,N#CC(O)C(O)C1CN1,1.0808494944103586,0.97206324,1.5141928,0.5421296,0.25045842,1.5958781,1.3454196
gdb_42165,C1CN1C(=O)C(=O)C#N,N#CC(O)C(O)N1CC1,1.072735494410324,0.94185466,1.6141226,0.672268,1.5864785,0.20697774,-1.3795007
gdb_42173,O=C(C#C)C1(CN1)C#C,C#CC(O)C1(C#C)CN1,-0.9252128266464296,-1.0285966,-0.64911443,0.3794822,-2.1804805,-0.8010006,1.3794799
gdb_42174,O=C(C#C)C1(CN1)C#N,C#CC(O)C1(C#N)CN1,0.7299474181181722,0.5723974,0.9537069,0.3813095,-0.4729605,0.27213854,0.74509907
gdb_42179,O=C(C#N)C1(CN1)C#C,C#CC1(C(O)C#N)CN1,0.7363614181181788,0.56049937,0.9722845,0.41178513,-0.4874875,0.27213854,0.75962603
gdb_42180,O=C(C#N)C1(CN1)C#N,N#CC(O)C1(C#N)CN1,2.395466662882768,2.161524,2.5750754,0.41355133,2.0063896,1.8526471,-0.15374255
gdb_42192,O=C(C#C)C12CC1CO2,C#CC(O)C12CC1CO2,-2.2116300810072858,-2.3199136,-1.9387338,0.3811798,-2.7404191,-1.9697055,0.7707137
gdb_42193,O=C(C#C)C12CC1OC2,C#CC(O)C12COC1C2,-2.212429081007258,-2.299135,-1.8968027,0.4023323,-2.7903967,-1.9685222,0.8218745
gdb_42199,O=C(C#N)C12CC1CO2,N#CC(O)C12CC1CO2,-0.5518198362426574,-0.7309664,-0.31679326,0.41417313,-0.7463432,-0.25381613,0.49252707
gdb_42200,O=C(C#N)C12CC1OC2,N#CC(O)C12COC1C2,-0.5530938362426809,-0.7102373,-0.2749079,0.43532944,-0.7496415,-0.29732946,0.45231202
gdb_42226,O=C(C#C)C1C2COC12,C#CC(O)C1C2COC21,-2.205080081007281,-2.2899911,-1.9591348,0.33085632,-2.3217163,-1.9067305,0.41498578
gdb_42230,O=C(C#N)C1C2COC12,N#CC(O)C1C2COC21,-0.5465208362426779,-0.6970957,-0.3342188,0.3628769,-0.7062371,-0.17802389,0.5282132
gdb_42244,N=C(C#C)N1CC1C#C,C#CC(N)N1CC1C#C,1.2080609285889636,0.9403898,1.1158888,0.17549902,0.4496896,-0.95178866,-1.4014783
gdb_42245,N=C(C#C)N1CC1C#N,C#CC(N)N1CC1C#N,2.864883173353576,2.5810874,2.758921,0.17783356,1.5729765,0.7920335,-0.780943
gdb_42246,N=C(C#N)N1CC1C#C,C#CC1CN1C(N)C#N,2.865795173353547,2.539202,2.7462256,0.20702362,1.5723832,0.78688973,-0.78549343
gdb_42247,N=C(C#N)N1CC1C#N,N#CC(N)N1CC1C#N,4.524985418118206,4.179991,4.3892574,0.20926666,3.8781502,2.724003,-1.1541471
gdb_42250,O=C(C#C)C1NC1C#C,C#CC(O)C1NC1C#C,-0.9173758266464348,-1.0276086,-0.7205637,0.30704492,-1.4057796,-0.7550343,0.6507453
gdb_42251,O=C(C#C)C1NC1C#N,C#CC(O)C1NC1C#N,0.738484418118162,0.6113531,0.91813487,0.30678177,-0.39915225,0.09674083,0.49589306
gdb_42254,O=C(C#C)N1CC1C#C,C#CC(O)N1CC1C#C,-0.9301888266464288,-1.0295084,-0.71623784,0.3132705,-1.1107517,-1.4812047,-0.370453
gdb_42255,O=C(C#C)N1CC1C#N,C#CC(O)N1CC1C#N,0.7264794181181742,0.6113073,0.9267904,0.3154831,-0.13005169,-0.77678657,-0.6467349
gdb_42258,O=C(C#N)C1NC1C#C,C#CC1NC1C(O)C#N,0.7423174181182048,0.5654394,0.90382594,0.33838654,-0.38060293,0.09674083,0.47734374
gdb_42259,O=C(C#N)C1NC1C#N,N#CC(O)C1NC1C#N,2.400496662882801,2.204386,2.542494,0.33810806,2.1502724,1.9178479,-0.2324245
gdb_42262,O=C(C#N)N1CC1C#C,C#CC1CN1C(O)C#N,0.7288824181181894,0.57046336,0.9042303,0.33376694,-0.09731831,-0.7555442,-0.6582259
gdb_42263,O=C(C#N)N1CC1C#N,N#CC(O)N1CC1C#N,2.387973662882814,2.2112296,2.547228,0.33599854,1.758744,0.56011957,-1.1986244
gdb_42270,O=C(C#C)C1OC2CC12,C#CC(O)C1OC2CC21,-2.203601081007264,-2.246267,-1.9484384,0.29782867,-2.3742142,-1.8859277,0.4882865
gdb_42278,O=C(C#N)C1OC2CC12,N#CC(O)C1OC2CC21,-0.5434618362426704,-0.65286046,-0.32419378,0.3286667,-0.74131674,-0.04007013,0.7012466
gdb_42327,O=C(C#CC#C)C1CN1,C#CC#CC(O)C1CN1,-0.9438608266464144,-0.9508799,-0.7157801,0.23509979,-2.909542,-0.7206128,2.1889293
gdb_42329,C#CC#CC(=O)N1CC1,C#CC#CC(O)N1CC1,-0.9493228266464372,-0.9477213,-0.59341985,0.35430145,-1.5768483,-1.4178942,0.15895402
gdb_42331,O=C(C#CC#N)C1CN1,N#CC#CC(O)C1CN1,0.7209084181181993,0.5838339,0.81231135,0.22847748,-0.51805097,0.36683303,0.884884
gdb_42333,C1CN1C(=O)C#CC#N,N#CC#CC(O)N1CC1,0.713980418118183,0.5870077,0.9346563,0.34764862,0.27971303,-0.7423418,-1.0220549
gdb_42349,C1CN(C1)C(=O)N2CC2,OC(N1CCC1)N1CC1,2.6477073608041906,2.5055869,3.0363104,0.5307236,2.4220376,1.8240095,-0.59802806
gdb_42400,O=C(CC1OC1)N1CC1,OC(CC1CO1)N1CC1,0.5470026055688209,0.34858912,0.8753683,0.5267792,0.647332,0.7995023,0.1521703
gdb_42408,C1CC1NC(=O)N2CC2,OC(NC1CC1)N1CC1,2.647788360804213,2.430628,2.9619696,0.53134155,2.4583735,1.9866545,-0.47171903
gdb_42412,C1CC1OC(=O)N2CC2,OC(OC1CC1)N1CC1,0.5309776055688076,0.5136892,0.9245207,0.41083145,0.5287738,0.48491833,-0.04385546
gdb_42434,C#CCCC(=O)N1CC1,C#CCCC(O)N1CC1,0.1198866151650577,-0.05061513,0.4704954,0.52111053,-0.12905928,-0.20654339,-0.0774841
gdb_42438,C1CN1C(=O)CCC#N,N#CCCC(O)N1CC1,1.7710408599296557,1.4893324,2.0118048,0.5224724,1.3577814,1.4482712,0.090489745
gdb_42440,O=C(NCC#C)C1CN1,C#CCNC(O)C1CN1,1.8207768599296517,1.6671546,2.0392325,0.37207794,1.2747973,0.60721743,-0.6675799
gdb_42442,C#CCNC(=O)N1CC1,C#CCNC(O)N1CC1,1.820132859929629,1.6197035,2.1594336,0.5397301,1.4757715,0.35248268,-1.1232889
gdb_42444,O=C(NCC#N)C1CN1,N#CCNC(O)C1CN1,3.47498110469428,3.1793692,3.569544,0.39017487,3.3773055,2.3853562,-0.9919493
gdb_42446,C1CN1C(=O)NCC#N,N#CCNC(O)N1CC1,3.4737021046942687,3.1317542,3.689707,0.5579529,2.5260484,1.3733637,-1.1526847
gdb_42448,O=C(OCC#C)C1CN1,C#CCOC(O)C1CN1,-0.294422895305729,-0.32019597,-0.0868662,0.23332977,-0.35430226,-0.82597023,-0.47166798
gdb_42450,C#CCOC(=O)N1CC1,C#CCOC(O)N1CC1,-0.2950538953057275,-0.41892034,0.04706019,0.46598053,-0.22582446,-0.4306952,-0.20487075
gdb_42452,O=C(OCC#N)C1CN1,N#CCOC(O)C1CN1,1.361241349458851,1.176676,1.4288275,0.2521515,1.3567874,0.8207421,-0.5360454
gdb_42454,C1CN1C(=O)OCC#N,N#CCOC(O)N1CC1,1.3596183494588558,1.0774062,1.5628073,0.48540115,0.88085103,-0.21277277,-1.0936238
gdb_42466,N=C(NCC1CN1)C#N,N#CC(N)NCC1CN1,5.626361859929659,5.238489,5.4033756,0.16488647,4.538418,4.3293433,-0.2090745
gdb_42472,C#CC(=O)CCN1CC1,C#CC(O)CCN1CC1,0.1433216151650072,-0.080121815,0.3086416,0.38876343,-0.024626892,-0.1917576,-0.16713071
gdb_42473,C1CN1CCC(=O)C#N,N#CC(O)CCN1CC1,1.8028398599296336,1.5262167,1.9339087,0.40769196,1.1361239,1.3730831,0.23695922
gdb_42478,O=C(NCC1CN1)C#C,C#CC(O)NCC1CN1,1.82855285992963,1.5747893,1.8643858,0.28959656,1.1338863,0.59483755,-0.5390488
gdb_42483,O=C(OCC1CN1)C#C,C#CC(O)OCC1CN1,-0.2864068953057312,-0.41083318,-0.26706868,0.1437645,-0.4352901,-0.81667286,-0.38138276
gdb_42484,O=C(OCC1CN1)C#N,N#CC(O)OCC1CN1,1.3745763494588914,1.1996748,1.3314688,0.13179398,1.1432937,0.73708385,-0.4062099
gdb_42560,O=C1C2C3C(N13)C21CC1,OC1C2C3C(N13)C21CC1,0.4973962341656488,0.5255148,0.83463496,0.30912018,0.40929094,0.6636312,0.25434026
gdb_42583,O=C1C2OC3C4C(C23)N14,OC1C2OC3C2C2C3N12,0.0730837236948787,0.012117565,0.38160533,0.36948776,0.13119705,0.41758493,0.28638786
gdb_42607,N=C1NC2C3C2C(=O)N13,NC1NC2C3C(O)N1C23,3.810698809583357,3.7667944,4.125292,0.35849738,3.5104115,2.1559308,-1.3544807
gdb_42609,N=C1OC2C3C2C(=O)N13,NC1OC2C3C(O)N1C23,1.6915890543479577,1.6945937,2.069502,0.37490845,1.4410896,0.673175,-0.76791465
gdb_42614,O=C1C2C3CC(=O)N1C23,OC1CC2C3C(O)N1C23,-0.0383651904166413,-0.062124074,0.65626734,0.7183914,0.19172981,0.5548634,0.36313358
gdb_42705,O=C1C2C3CC4C3C2N14,OC1C2C3CC4C3C2N14,0.4971412341656105,0.39526576,0.800749,0.40548325,0.49455434,0.54863364,0.054079294
gdb_42796,O=C1C2CNC(=O)C1O2,O=C1C2CNC(O)C1O2,-0.2176817599504943,-0.2975977,0.01910609,0.3167038,-0.36725277,-0.6544573,-0.2872045
gdb_42867,N=C1CC2CC(O1)C2=O,NC1CC2CC(O1)C2=O,0.2105157505202441,0.036123455,0.28627223,0.25014877,0.34974757,0.2656997,-0.084047854
gdb_42868,N=C1NC2CC(O1)C2=O,NC1NC2CC(O1)C2=O,1.9227229952848572,1.7226813,1.8947699,0.17208862,2.0428293,1.178416,-0.86441326
gdb_42875,O=C1C2CC1OC(=O)C2,O=C1C2CC(O)OC1C2,-1.9309780047151437,-1.9854715,-1.6246698,0.3608017,-1.9189581,-1.5477175,0.37124062
gdb_42879,O=C1C2CC1OC=NC2,O=C1C2CNCOC1C2,0.2175857505202429,0.010202587,0.4350683,0.42486572,0.2627643,-0.050239526,-0.31300384
gdb_42966,N=C1N2CC2C=C1C#N,N#CC1CC2CN2C1N,3.356748819179586,2.9259589,3.5868018,0.6608429,2.5699031,3.4565449,0.88664174
gdb_43007,O=C1C2CC2CC2CN12,OC1C2CC2CC2CN21,0.6895111751026661,0.5825903,1.0198538,0.43726355,0.79175687,1.0455858,0.25382888
gdb_43012,O=C1C2CN2CC2CN12,OC1C2CN2CC2CN21,2.4172094198672767,2.3210585,2.7117484,0.39068985,2.2476063,1.6421357,-0.60547054
gdb_43029,N=C1N2CC3C2C13C#N,N#CC12C3CN(C1N)C32,3.46634873329117,3.140196,3.4815924,0.34139633,3.2862282,3.5914485,0.30522037
gdb_43056,O=C1C2C3C4C(CN13)N24,OC1C2C3C4C(CN13)N24,2.1907444789302417,2.0549262,2.4705985,0.4156723,2.1166885,1.2920188,-0.8246697
gdb_43066,N=C1C2OC3C=CN1C23,NC1C2OC3CCN1C32,2.139692564818745,2.100138,2.4776328,0.3774948,1.737246,1.564695,-0.17255104
gdb_43072,O=C1C2CN3C=NC1C23,O=C1C2CN3CNC1C23,2.114029564818736,1.8583434,2.3810675,0.52272415,1.6554927,1.9904469,0.33495426
gdb_43109,O=C1C2CCC3CN1C23,OC1C2CCC3CN1C32,0.6822821751026709,0.65917796,1.0965064,0.4373284,0.76347923,0.9880303,0.22455108
gdb_43126,O=C1C2OC=NC1C=C2,O=C1C2C=CC1OCN2,-0.0863291045283176,-0.55404073,0.01960963,0.57365036,-0.40932465,-0.690384,-0.28105932
gdb_43180,N=C1C2OCC22CCN12,NC1C2OCC23CCN13,2.457736419867274,2.3528044,2.4894736,0.13666916,2.5644374,1.7109864,-0.853451
gdb_43182,O=C1C2CCC22CCN12,OC1C2CCC23CCN13,0.7090341751026585,0.75248927,1.09635,0.3438607,0.8227038,0.9710365,0.14833272
gdb_43201,O=C1N2CCC2C11CC1,OC1N2CCC2C12CC2,0.7079191751026315,0.66535014,1.0822814,0.4169312,0.81222385,1.0532452,0.24102134
gdb_43244,O=C1C=C2CC3CC1C23,OC1CC2CC3CC1C23,-1.2870409247104817,-1.4383218,-0.6522806,0.7860412,-1.3552135,-0.7670042,0.58820933
gdb_43248,O=C1C=C2NC3CC1C23,OC1CC2NC3CC1C23,0.4432643200541406,0.52462214,1.013838,0.4892159,0.27808532,0.83120906,0.5531237
gdb_43250,O=C1C=C2CCC3C1C23,OC1CC2CCC3C1C23,-1.3040969247105068,-1.4112527,-0.6018656,0.80938715,-1.3100214,-0.7019135,0.6081079
gdb_43260,O=C1C=CC(=O)C2CC12,OC1CCC(O)C2CC12,-1.8193363492928825,-2.1279275,-0.7960108,1.3319168,-1.7519078,-0.8721042,0.8798036
gdb_43265,N=C1C=CC2(CN12)C#N,N#CC12CCC(N)N1C2,3.3640248191795763,3.2252448,3.6745932,0.44934845,2.738721,3.5458617,0.8071408
gdb_43277,O=C1C=CC23CC(C2)C13,OC1CCC23CC(C2)C13,-1.2607129247105036,-1.1659448,-0.6578806,0.5080642,-1.3546636,-0.7054463,0.6492173
gdb_43284,O=C1C=CC23CCC12O3,OC1CCC23CCC12O3,-1.6952124351812472,-1.6557405,-1.0113351,0.64440536,-1.8723478,-1.1009009,0.77144694
gdb_43288,C1CN2C(=N1)C=CC2=O,OC1CCC2NCCN12,1.981910650707107,1.5024436,2.9173453,1.4149017,1.7164879,2.849881,1.133393
gdb_43289,N=C1C=CC2C(C#N)N12,N#CC1C2CCC(N)N12,3.365149819179578,3.2069457,3.6467955,0.43984985,2.612738,3.6374774,1.0247395
gdb_43341,O=C1C=CC2CC=CC12,OC1CCC2CC=CC12,-1.4100678388221013,-1.3537271,-0.6923807,0.6613464,-1.3762417,-0.7901618,0.5860799
gdb_43375,O=C1C=CCC1CC#C,C#CCC1CCCC1O,-1.913352484648101,-1.893461,-1.2528741,0.64058685,-1.937375,-1.3231771,0.61419785
gdb_43376,O=C1C=CCC1CC#N,N#CCC1CCCC1O,-0.2617752398834909,-0.33976537,0.30179042,0.6415558,-0.46890536,0.4809695,0.9498749
gdb_43377,C#CCN1CC=CC1=O,C#CCN1CCCC1O,-0.2190152398835039,-0.1527155,0.5489637,0.7016792,-0.49054962,-0.1968874,0.29366222
gdb_43378,C1C=CC(=O)N1CC#N,N#CCN1CCCC1O,1.4343610048811115,1.3841383,2.1045249,0.7203865,1.2771865,1.4454583,0.16827178
gdb_43383,O=C1C=CCC2CCC12,OC1CCCC2CCC12,-1.08766098377356,-0.98220235,-0.33453923,0.6476631,-1.1203775,-0.4889671,0.6314105
gdb_43390,O=C1C=CNC2COC12,OC1CCNC2COC12,0.2175267505202782,-0.31123906,0.78010386,1.0913429,0.37816888,1.050414,0.6722451
gdb_43393,C1CC2(CC2)C(=O)C=C1,OC1CCCCC12CC2,-1.0957069837735958,-1.0229013,-0.41876012,0.6041412,-1.0963387,-0.4288927,0.667446
gdb_43429,N=C1NC(=O)C(=C1)C#C,C#CC1CC(N)NC1O,1.165675149832566,0.9172308,1.7130682,0.79583746,1.3416083,1.1535283,-0.18807995
gdb_43430,N=C1NC(=O)C(=C1)C#N,N#CC1CC(N)NC1O,2.8252183945971865,2.4388335,3.3554099,0.9165764,3.334536,3.3789144,0.04437828
gdb_43431,N=C1NC(=O)C=C1C#C,C#CC1CC(O)NC1N,1.1668031498325604,0.93357295,1.7300055,0.79643255,1.3416083,1.1787862,-0.16282213
gdb_43432,N=C1NC(=O)C=C1C#N,N#CC1CC(O)NC1N,2.8264423945971657,2.4547637,3.372599,0.91783524,3.3479815,3.375471,0.027489662
gdb_43444,N=C1CC2(CO2)C(=O)N1,NC1CC2(CO2)C(O)N1,1.8895239952848897,1.8738959,2.1675894,0.29369354,2.040128,1.7422647,-0.29786325
gdb_43449,N=C1NC(=O)CC11CC1,NC1NC(O)CC12CC2,2.286215505755649,2.2497847,2.6715262,0.4217415,2.129605,2.0907264,-0.03887868
gdb_43451,N=C1NC(=O)CC11CO1,NC1NC(O)CC12CO2,1.889030995284884,1.7932913,2.2318022,0.4385109,2.040128,1.7422647,-0.29786325
gdb_43465,O=C1CC2(CN2)C(=O)N1,OC1CC2(CN2)C(O)N1,1.8686829952848711,1.8008215,2.3905966,0.5897751,2.0378063,1.8428117,-0.19499457
gdb_43468,N=C1NC(=O)C2CC1C2,NC1NC(O)C2CC1C2,2.292896505755664,2.3116782,2.614199,0.30252075,2.4110887,2.2114604,-0.19962835
gdb_43478,O=C1NC(=O)C2CC1O2,OC1NC(O)C2CC1O2,-0.2414277599505112,-0.19724065,0.31636637,0.513607,-0.2867832,0.3841826,0.6709658
gdb_43494,O=C1NC(=O)C2CCC12,OC1NC(O)C2CCC12,0.1470377505202691,0.21719569,0.7844946,0.5672989,0.30499837,0.7317063,0.42670795
gdb_43502,C1C(=O)CC(=O)NC1=O,O=C1CC(O)NC(O)C1,-0.3409096740621748,-0.5371607,0.17469996,0.71186066,-0.34002793,0.0635309,0.40355882
gdb_43509,N=C1CC(=O)C(O1)C#C,C#CC1OC(N)CC1=O,-0.6211107503542621,-0.88881856,-0.548395,0.34042358,-0.68047076,-0.40789768,0.27257308
gdb_43510,N=C1CC(C#C)C(=O)N1,C#CC1CC(N)NC1O,1.467145004881104,1.3966391,1.7130492,0.31641006,2.234098,1.1535283,-1.0805696
gdb_43511,N=C1CC(C#C)C(=O)O1,C#CC1CC(N)OC1O,-0.646810750354291,-0.42876226,-0.32951146,0.09925079,-0.52088004,-0.36471185,0.1561682
gdb_43512,N=C1CC(C#N)C(=O)N1,N#CC1CC(N)NC1O,3.121855249645705,3.0388663,3.3554099,0.31654358,2.9493377,3.3789144,0.42957664
gdb_43515,N=C1NC(=O)CC1C#C,C#CC1CC(O)NC1N,1.46777300488111,1.3472731,1.7299902,0.38271713,2.2810328,1.1787862,-1.1022466
gdb_43516,N=C1NC(=O)CC1C#N,N#CC1CC(O)NC1N,3.121899249645708,2.989073,3.3726027,0.38352966,2.953143,3.375471,0.42232823
gdb_43521,N=C1OC(=O)CC1C#C,C#CC1CC(O)OC1N,-0.6460837503542507,-0.46553594,-0.32246953,0.1430664,-0.46462715,-0.36471185,0.099915296
gdb_43522,N=C1OC(=O)CC1C#N,N#CC1CC(O)OC1N,1.0092014944103198,1.1767294,1.319567,0.14283752,1.4737846,1.5014656,0.027680993
gdb_43533,N=C1OC(C#C)C11CN1,C#CC1OC(N)C12CN2,1.6077319189927266,1.2963622,1.6450675,0.3487053,1.8869017,0.94624734,-0.9406544
gdb_43536,N=C1OC(C#N)C11CN1,N#CC1OC(N)C12CN2,3.2647461637573656,2.907038,3.274401,0.36736298,3.5889552,2.9397614,-0.64919376
gdb_43568,N=C1NC(C#C)C2OC12,C#CC1NC(N)C2OC12,1.5872319189926998,1.441561,1.558306,0.116744995,1.4189439,0.8823883,-0.5365556
gdb_43569,N=C1NC(C#N)C2OC12,N#CC1NC(N)C2OC12,3.242481163757361,3.0674307,3.197283,0.1298523,3.1408553,2.570276,-0.5705793
gdb_43571,N=C1OC(C#C)C2CN12,C#CC1OC(N)N2CC12,1.589553918992749,1.3566077,1.6166632,0.26005554,1.4841037,0.0433344,-1.4407693
gdb_43575,N=C1OC(C#N)C2CN12,N#CC1OC(N)N2CC12,3.246226163757342,2.970877,3.250849,0.27997208,2.3691835,1.4715977,-0.89758587
gdb_43593,O=C1OC(C#C)C2CC12,C#CC1OC(O)C2CC12,-2.275277081007289,-2.2637842,-1.9825189,0.28126526,-2.129972,-1.9054036,0.22456837
gdb_43597,O=C1OC(C#N)C2CC12,N#CC1OC(O)C2CC12,-0.6191038362426866,-0.64914495,-0.34811193,0.30103302,-0.5102157,-0.062157564,0.44805813
gdb_43628,O=C1CC(N1)C1CCC1,OC1CC(C2CCC2)N1,0.9208521160395547,0.77945155,1.2579978,0.4785462,0.990395,1.2550361,0.2646411
gdb_43631,O=C1CC(O1)C1CCC1,OC1CC(C2CCC2)O1,-1.20270663919581,-1.0958002,-0.8171595,0.2786407,-1.0226659,-0.7765429,0.24612296
gdb_43632,O=C1CC(O1)C1CCO1,OC1CC(C2CCO2)O1,-1.6068551496665575,-1.5525224,-1.2676103,0.2849121,-1.554949,-0.85437906,0.70057
gdb_43637,N=C1OC(C=C1)C1CN1,NC1CCC(C2CN2)O1,2.3511565057556822,2.2181418,2.7132056,0.49506378,2.2044966,3.2693007,1.0648041
gdb_43647,O=C1CC(CC#C)C=C1,C#CCC1CCC(O)C1,-1.916741484648128,-2.0136697,-1.2453439,0.7683258,-1.8773971,-1.3351159,0.54228115
gdb_43648,O=C1CC(CC#N)C=C1,N#CCC1CCC(O)C1,-0.2641292398835162,-0.45889074,0.31197566,0.7708664,-0.4578327,0.33565742,0.7934901
gdb_43649,O=C1NC(CC#C)C=C1,C#CCC1CCC(O)N1,-0.2250682398835124,-0.40326482,0.36189097,0.7651558,-0.42246348,-0.075029336,0.34743413
gdb_43650,O=C1NC(CC#N)C=C1,N#CCC1CCC(O)N1,1.4284230048810969,1.1483023,1.9171927,0.7688904,1.1342969,2.0087888,0.87449193
gdb_43660,O=C1CC(NC1=O)C#C,C#CC1CC(O)C(O)N1,-0.6413987503542558,-0.84881,-0.12167913,0.7271309,-0.43300933,-0.36538425,0.067625076
gdb_43712,O=C1CC2(O1)C1CC2O1,OC1CC2(O1)C1CC2O1,-1.7980860906034764,-1.7343233,-1.54825,0.1860733,-1.7589091,-1.2107046,0.54820454
gdb_43724,C1C(=O)CC12CN=CO2,O=C1CC2(CNCO2)C1,0.2004487505202519,0.07021159,0.41649455,0.34628296,-6.1228755e-05,-0.09848441,-0.09842318
gdb_43729,C1C(=O)CC12COC=N2,O=C1CC2(COCN2)C1,0.2015457505202675,0.15793818,0.37359065,0.21565247,0.08469379,-0.1115865,-0.1962803
gdb_43739,C1CCC2(C1)CC(=O)N2,OC1CC2(CCCC2)N1,0.891281116039579,0.91647166,1.271044,0.35457236,0.85303557,1.2369628,0.38392723
gdb_43755,O=C1OC2(CC#C)CC12,C#CCC12CC1C(O)O2,-2.246649081007263,-2.1426218,-2.0204828,0.12213898,-2.1475325,-1.9524078,0.19512463
gdb_43756,O=C1OC2(CC#N)CC12,N#CCC12CC1C(O)O2,-0.5922218362426861,-0.5949457,-0.471834,0.123111725,-0.33927974,-0.28585476,0.053424984
gdb_43847,C1CC12CC(=O)C(=O)O2,OC1CC2(CC2)OC1O,-1.931656004715137,-1.8113039,-1.315912,0.49539185,-1.8039958,-1.3301749,0.47382092
gdb_43856,C1CC12CC=CC(=O)O2,OC1CCCC2(CC2)O1,-1.5117904942443374,-1.2827394,-0.8399027,0.4428367,-1.4805024,-0.81638205,0.6641203
gdb_43933,O=C1NC23CC(C2)OC13,OC1NC23CC(C2)OC13,0.3217886646318675,0.39906138,0.6001646,0.20110321,0.3916353,0.6875762,0.29594088
gdb_43947,N=C1OC23CN(CC2)C13,NC1OC23CCN(C2)C13,2.525491419867251,2.5074675,2.5225432,0.015075684,2.407451,1.6672535,-0.7401974
gdb_43976,N=C1OC23CC12CCC3,NC1OC23CCCC12C3,0.7091151751026814,0.60902613,0.80013865,0.19111252,0.7141544,1.0235739,0.30941945
gdb_43977,N=C1OC23CC12COC3,NC1OC23COCC12C3,0.3141046646318841,0.19126719,0.38409632,0.19282913,0.35350478,0.49152362,0.13801885
gdb_43997,N=C1CC23CC2(CN3)O1,NC1CC23CC2(CN3)O1,2.439238419867252,2.3347952,2.4241354,0.08934021,2.2162201,2.518815,0.3025949
gdb_44004,O=C1CC23CC2(CN3)O1,OC1CC23CC2(CN3)O1,0.2956346646319048,0.3266012,0.51279277,0.18619156,0.28043792,0.55618745,0.27574953
gdb_44006,O=C1CC23CC2(CO3)O1,OC1CC23CC2(CO3)O1,-1.8248540906034805,-1.7768228,-1.5805032,0.19631958,-1.9028325,-1.4530061,0.44982636
gdb_44009,O=C1NC23CC2(CC3)N1,OC1NC23CCC2(C3)N1,2.3822714198672656,2.3963187,2.6684973,0.27217865,2.2159317,2.0477695,-0.16816211
gdb_44039,O=C1NC23CC4C2OC134,OC1NC23CC4C2OC143,0.1618057236948402,0.0570547,0.35611933,0.29906464,0.2506539,0.61525536,0.36460146
gdb_44097,O=C1OC23CCC2NC13,OC1OC23CCC2NC13,0.2969746646318754,0.48690623,0.5623762,0.07546997,0.4621614,0.8318091,0.3696477
gdb_44107,O=C1CC2=NCC3C1N23,O=C1CC2NCC3C1N23,2.117010564818713,1.9781783,2.235018,0.25683975,2.3774822,2.4717445,0.09426236
gdb_44110,O=C1NC2=CCN3C1C23,OC1NC2CCN3C1C23,2.1466495648187447,2.3377478,2.6615164,0.32376862,2.0973673,2.531257,0.43388963
gdb_44115,O=C1OC2=NCC3C2N13,OC1OC2NCC3C2N13,1.729246054347982,2.1269324,2.186701,0.059768677,1.5699791,-4.1513605,-5.7213397
gdb_44124,O=C1CC2C(N1)C2C#C,C#CC1C2CC(O)NC12,-0.163209325771902,-0.3717516,0.11938304,0.49113464,-0.0011993877,-0.21265826,-0.21145886
gdb_44125,O=C1CC2C(N1)C2C#N,N#CC1C2CC(O)NC12,1.4907859189927422,1.2682288,1.7593291,0.4911003,2.2184439,1.6204431,-0.59800076
gdb_44148,O=C1NC2C(C12)N1CC1,OC1NC2C1C2N1CC1,2.4377664198672733,2.2889998,2.6684897,0.3794899,2.3282464,2.3757408,0.04749441
gdb_44150,O=C1NC2C(C3CO3)C12,OC1NC2C1C2C1CO1,0.3075816646318685,0.16634196,0.5558035,0.38946152,0.6423417,0.9738809,0.3315392
gdb_44167,O=C1OC2C(CC#C)C12,C#CCC1C2OC(O)C12,-2.2401590810072776,-2.1997201,-1.9999521,0.19976807,-1.9351718,-1.8453747,0.08979714
gdb_44168,O=C1OC2C(CC#N)C12,N#CCC1C2OC(O)C12,-0.587181836242678,-0.6461962,-0.44630605,0.19989014,-0.40743655,0.020712081,0.42814863
gdb_44222,N=C1OC2C1CC21CO1,NC1OC2C1CC21CO1,0.3132426646319004,0.22530574,0.3624136,0.13710785,0.20070787,0.7381057,0.53739786
gdb_44224,N=C1OC2C1OC21CC1,NC1OC2C1OC21CC1,0.3207006646318859,0.2909338,0.38879222,0.09785843,0.3076187,1.0105672,0.70294845
gdb_44234,O=C1NC2C1CC21CO1,OC1NC2C1CC21CO1,0.2894326646318745,0.18172663,0.5576269,0.37590027,0.32774657,0.91882867,0.5910821
gdb_44235,O=C1NC2C1NC21CC1,OC1NC2C1NC21CC1,2.4190374198672657,2.372019,2.7238486,0.35182953,2.614793,2.8474886,0.23269558
gdb_44240,O=C1OC2C1NC21CC1,OC1OC2C1NC21CC1,0.2984356646318815,0.4231016,0.6041586,0.18105698,0.37771088,0.75984055,0.38212967
gdb_44254,O=C1CC2C1CNC2=O,O=C1CC2C(O)NCC12,0.1684967505202621,0.017023265,0.37272853,0.35570526,0.3264177,0.29953012,-0.026887596
gdb_44261,O=C1CN2C1COC2=O,O=C1CN2C(O)OCC12,-0.2301027599505118,-0.3032053,0.07464045,0.37784576,-0.69773567,-1.1120042,-0.4142685
gdb_44273,N=C1OC2C3C2C2C3N12,NC1OC2C3C2C2C3N12,2.207439478930212,2.0798056,2.2418692,0.1620636,2.146628,1.5271654,-0.6194625
gdb_44320,O=C1OC2C3C4CC13C24,OC1OC2C3C4CC13C42,-1.6216925210697468,-1.5821512,-1.312475,0.2696762,-1.0868988,-1.2515873,-0.16468847
gdb_44346,O=C1CC2C3CC(=C1)C23,OC1CC2CC3C(C1)C23,-1.2614219247104757,-1.5285585,-0.6276987,0.9008598,-1.3552135,-0.7404762,0.61473733
gdb_44356,N=C1CC2C3CC(O1)C23,NC1CC2C3CC(O1)C23,0.693993175102662,0.64451045,0.8272154,0.18270493,0.74183106,0.9580655,0.21623445
gdb_44372,O=C1CC2CC3C(O1)C23,OC1CC2CC3C(O1)C23,-1.4461435801327411,-1.381212,-1.082731,0.298481,-1.4900265,-1.1538047,0.3362218
gdb_44386,N=C1OC2C3CN(C3)C12,NC1OC2C3CN(C3)C12,2.43528741986728,2.4126608,2.4985983,0.0859375,2.320425,1.3781092,-0.9423158
gdb_44401,N=C1OC2C3OC12C=C3,NC1OC2C3C=CC12O3,0.1334328095833257,-0.24762517,0.01873988,0.26636505,0.4935704,0.759419,0.26584864
gdb_44406,O=C1NC2C3CC12C=C3,OC1NC2C3C=CC12C3,0.482813320054106,0.3273527,0.7109625,0.38360977,0.3309984,0.3956993,0.0647009
gdb_44451,O=C1OC2C3OC1OC23,OC1OC2C3OC1OC23,-2.267941601074256,-2.1278322,-2.0711114,0.056720734,-2.0426848,-2.0924325,-0.049747705
gdb_44453,N=C1CC23CC(N2)C3O1,NC1CC23CC(N2)C3O1,2.4623054198672776,2.381739,2.5025923,0.120853424,2.4858763,2.8907225,0.4048462
gdb_44455,N=C1CC2C3CC2(C3)O1,NC1CC2C3CC2(C3)O1,0.7392041751026568,0.61733073,0.7564756,0.1391449,0.68949795,0.99460995,0.305112
gdb_44458,O=C1CC23CC(C2)C3N1,OC1CC23CC(C2)C3N1,0.7084341751026386,0.55937403,0.9866392,0.42726517,0.71930134,0.9459016,0.22660023
gdb_44461,O=C1CC23CC(O2)C3N1,OC1CC23CC(O2)C3N1,0.3114106646318646,0.14475459,0.5889875,0.44423294,0.35378996,0.70697165,0.3531817
gdb_44466,O=C1CC2C3CC2(C3)O1,OC1CC2C3CC2(C3)O1,-1.4035745801327266,-1.3946474,-1.1565683,0.23807907,-1.4104573,-1.144825,0.26563227
gdb_44477,N=C1OC2C3CC2C1C3,NC1OC2C3CC1C2C3,0.6736541751026834,0.68195933,0.81991404,0.13795471,0.73080313,0.90614265,0.17533952
gdb_44493,N=C1CC2C3CC2C3O1,NC1CC2C3CC2C3O1,0.7091871751026702,0.6528036,0.83863276,0.18582916,0.7657046,1.4315664,0.6658618
gdb_44502,O=C1CC2C3CC2C3O1,OC1CC2C3CC2C3O1,-1.4331785801327328,-1.3690927,-1.0730875,0.29600525,-1.3613104,-1.1657552,0.19555521
gdb_44511,O=C1NC2C3CC2C3N1,OC1NC2C3CC2C3N1,2.379694419867292,2.1540625,2.635813,0.4817505,2.4942794,2.12079,-0.37348938
gdb_44525,O=C1CC2C3CN3C2=C1,OC1CC2C(C1)N1CC21,0.426997320054113,0.33282298,1.0255377,0.69271475,0.47294432,0.9906029,0.5176586
gdb_44530,O=C1NC2C3CN3C2=C1,OC1CC2C(N1)C1CN21,2.125410564818708,2.0561774,2.6752036,0.6190262,2.3370044,2.4936628,0.15665841
gdb_44638,O=C1CC2C3OCC3N12,OC1CC2C3OCC3N12,0.3115816646318876,0.12263316,0.6182577,0.49562454,0.41222087,0.6868122,0.27459136
gdb_44641,O=C1NC2C3CCC3C12,OC1NC2C3CCC3C12,0.6994391751026683,0.65318507,1.0440085,0.39082342,0.83735925,0.7801899,-0.057169378
gdb_44650,N=C1CC2C=CC(=O)N12,NC1CC2CCC(O)N12,2.011484650707132,1.9235022,2.7102377,0.78673553,1.3575184,2.1932058,0.8356874
gdb_44655,O=C1OC2C=CC(=O)C12,OC1CCC2OC(O)C12,-2.244219859763689,-2.1449296,-1.2807558,0.8641739,-1.8947488,-1.1912088,0.70353997
gdb_44659,O=C1OC2C=CC1C=C2,OC1OC2C=CC1C=C2,-1.811085349292909,-2.0731332,-1.6932657,0.37986755,-1.8335122,-1.272755,0.56075716
gdb_44665,O=C1CC2N=CN3C2C13,O=C1CC2NCN3C1C23,2.0868785648187327,1.8479292,2.2609427,0.41301346,1.6594669,1.9966543,0.3371874
gdb_44670,O=C1OC2C=CC3C2N13,OC1OC2C=CC3C2N13,-0.04135219041666,-0.11848241,0.22785395,0.34633636,0.106023274,0.42502642,0.31900313
gdb_44675,N=C1NC2C=CCOC12,NC1NC2C=CCOC12,2.356473505755673,2.19932,2.337313,0.13799286,2.3009076,2.0255089,-0.27539873
gdb_44690,N=C1CC2CC(=O)C2O1,NC1CC2CC(=O)C2O1,0.1981507505202557,0.008035839,0.25199717,0.24396133,0.22555818,0.1864067,-0.039151475
gdb_44702,O=C1CC2CC(=O)CN12,O=C1CC2CC(O)N2C1,0.1750557505202437,-0.02782613,0.4616987,0.48952484,0.32544556,0.38057157,0.05512601
gdb_44734,N=C1CC2OC(O1)C=C2,NC1CC2C=CC(O1)O2,0.2064537505202679,0.0069295764,0.25267237,0.2457428,-0.038104244,0.33599612,0.37410036
gdb_44738,O=C1CC2CC(O1)C=C2,OC1CC2C=CC(C2)O1,-1.528629494244342,-1.552305,-1.2413042,0.31100082,-1.5681596,-1.275155,0.29300463
gdb_44788,O=C1NC2CC11OCC21,OC1NC2CC13OCC23,0.3657166646318615,0.17331523,0.49401683,0.3207016,0.43691084,0.804331,0.36742017
gdb_44789,O=C1OC2CC11CCC21,OC1OC2CC13CCC23,-1.3784825801327545,-1.3575952,-1.1181352,0.23945999,-1.1912203,-1.0560344,0.13518584
gdb_44815,O=C1OC2CC12C1CN1,OC1OC2CC12C1CN1,0.3050356646318732,0.28635615,0.5392286,0.25287247,0.5156019,0.6174209,0.10181904
gdb_44830,O=C1OC2CC12CC#C,C#CCC12CC1OC2O,-2.2408610810072678,-2.2010782,-1.9584367,0.24264145,-2.0728118,-1.9587584,0.11405349
gdb_44831,O=C1OC2CC12CC#N,N#CCC12CC1OC2O,-0.5872248362426831,-0.65264684,-0.4096201,0.24302673,-0.24726276,-0.23297074,0.014292017
gdb_44845,N=C1OC2CC1C1OC21,NC1OC2CC1C1OC21,0.2734846646318942,0.24171656,0.3833868,0.14167023,0.03529132,0.41425142,0.3789601
gdb_44861,O=C1NC2CC1C1CC21,OC1NC2CC1C1CC21,0.6569391751026501,0.6000082,0.981188,0.3811798,0.75478214,0.86849743,0.11371529
gdb_44874,N=C1OC2CC1C21CO1,NC1OC2CC1C21CO1,0.3081386646318833,0.21978968,0.3274328,0.10764313,0.27897403,0.80288345,0.52390945
gdb_44885,O=C1NC2CC1C21CN1,OC1NC2CC1C21CN1,2.412118419867284,2.2588294,2.6164572,0.35762787,2.5456192,2.705951,0.16033173
gdb_44921,N=C1OC2CC1OC2=O,NC1OC2CC1OC2O,-0.2382027599505249,-0.20499974,0.120981395,0.32598114,0.008691178,0.33734542,0.32865423
gdb_44928,O=C1CC2OC1OC2=O,O=C1CC2OC1OC2O,-2.3604625151858727,-2.3706415,-2.147333,0.22330856,-2.5479038,-2.1534517,0.3944521
gdb_44969,O=C1OC2CC1OCC2,OC1OC2CCOC1C2,-1.6443911496666033,-1.461088,-1.2789438,0.18214417,-1.6631272,-1.2817892,0.381338
gdb_44981,O=C1CC2(CC2N1)C#C,C#CC12CC(O)NC1C2,-0.1640563257718668,-0.2785738,0.15529841,0.43387222,-0.094726525,-0.29935646,-0.20462993
gdb_44982,O=C1CC2(CC2N1)C#N,N#CC12CC(O)NC1C2,1.4894779189927476,1.3267615,1.7574637,0.4307022,1.5989052,1.7122766,0.11337137
gdb_44987,O=C1CC2CC2(N1)C#C,C#CC12CC1CC(O)N2,-0.1637393257718713,-0.25948507,0.17777461,0.43725967,-0.094726525,-0.26702818,-0.17230165
gdb_45002,N=C1CC(=O)C2CC2O1,NC1CC(=O)C2CC2O1,0.2031727505202525,0.11603373,0.24374598,0.12771225,0.25121534,0.19165921,-0.059556127
gdb_45005,N=C1CC2CN2C(=O)N1,NC1CC2CN2C(O)N1,4.010422750520263,3.819979,4.2941,0.47412086,3.7385533,2.1910295,-1.5475237
gdb_45017,N=C1NC(=O)CC2OC12,NC1NC(O)CC2OC12,1.886719995284864,1.8278754,2.2026312,0.37475586,1.9444103,1.7524612,-0.19194913
gdb_45020,N=C1NC(=O)OC2CC12,NC1NC(O)OC2CC12,1.878890995284905,1.9484122,2.1318762,0.18346405,2.1561213,1.4089249,-0.7471963
gdb_45033,O=C1CC2CN2C(=O)N1,OC1CC2CN2C(O)N1,1.8678359952849064,1.6565688,2.4431822,0.78661346,1.647747,0.9065294,-0.7412176
gdb_45040,O=C1NC(=O)C2CC2O1,OC1NC(O)C2CC2O1,-0.2641367599504747,-0.17821294,0.25824183,0.43645477,-0.23222089,-0.35417506,-0.12195417
gdb_45060,O=C1NC2CC2C11CO1,OC1NC2CC2C12CO2,0.2654386646319153,0.17311686,0.5082533,0.3351364,0.47413656,1.0159798,0.5418432
gdb_45076,O=C1NC2CC2C1C#C,C#CC1C(O)NC2CC21,-0.1562693257719161,-0.23934728,0.09986323,0.3392105,0.013276577,-0.19260974,-0.20588632
gdb_45077,O=C1NC2CC2C1C#N,N#CC1C(O)NC2CC21,1.496544918992754,1.3993475,1.7387488,0.33940125,1.8595955,1.652485,-0.20711052
gdb_45105,O=C1NC2CC2C2OC12,OC1NC2CC2C2OC12,0.2637216646318734,0.21631831,0.5545446,0.33822632,0.5962102,0.85137415,0.25516397
gdb_45106,O=C1NC2CC2N2CC12,OC1NC2CC2N2CC12,2.396855419867279,2.276232,2.6314719,0.35523987,2.1930354,2.1926765,-0.00035881996
gdb_45109,O=C1OC2CC2C2NC12,OC1OC2CC2C2NC12,0.2763266646318811,0.41102427,0.5811407,0.17011642,0.5868726,0.5140762,-0.072796404
gdb_45116,N=C1OC2CC2CC1=O,NC1OC2CC2CC1O,0.2162377505202926,0.07658595,0.60529536,0.5287094,0.2169251,0.91220313,0.69527805
gdb_45120,O=C1CC2CC2CC1=O,OC1CC2CC2CC1O,-1.5041654942443188,-1.6168573,-0.8576754,0.7591819,-1.6228225,-0.861467,0.7613555
gdb_45125,O=C1CC2OC2CC1=O,OC1CC2OC2CC1O,-1.9119510047150925,-2.022905,-1.2555368,0.7673683,-2.026854,-1.0838807,0.9429734
gdb_45143,N=C1OC2CC3(CO3)C12,NC1OC2CC3(CO3)C12,0.3131326646318939,0.25748652,0.35653895,0.09905243,0.2208015,0.72372895,0.5029274
gdb_45186,O=C1NC2CC3C2OC13,OC1NC2CC3C1OC23,0.2773346646318941,0.21949214,0.56594294,0.3464508,0.36346832,0.5949769,0.23150858
gdb_45207,N=C1OC2CC3CC1C23,NC1OC2CC3CC1C32,0.6862421751026773,0.66270655,0.8083517,0.14564514,0.72705865,0.9300369,0.20297825
gdb_45275,N=C1OC2CN3CCC123,NC1OC2CN3CCC123,2.4459174198672717,2.2683585,2.4823668,0.21400833,2.6841693,1.8479247,-0.8362446
gdb_45292,O=C1OC2CC3CNC123,OC1OC2CC3CNC312,0.2927046646319127,0.24811381,0.48611277,0.23799896,0.41222087,0.7598484,0.34762755
gdb_45293,O=C1OC2CC3COC123,OC1OC2CC3COC312,-1.8232340906034776,-1.8133371,-1.5819261,0.23141098,-1.7859136,-1.3919052,0.3940084
gdb_45313,O=C1NC2CC=CC2N1,OC1NC2C=CCC2N1,2.274420505755643,1.9904311,2.4650671,0.47463608,2.0126836,1.5805825,-0.43210113
gdb_45337,N=C1OC2COC(=N)C12,NC1OCC2OC(N)C12,1.910140995284905,1.8015234,2.0324385,0.23091507,2.0274818,1.6195672,-0.40791464
gdb_45342,N=C1OCC2OC(=O)C12,NC1OCC2OC(O)C12,-0.2346097599505014,-0.19118673,0.11423701,0.30542374,0.0102177225,0.5659627,0.55574495
gdb_45411,N=C1OC2OCC1C=C2,NC1OC2C=CC1CO2,0.206667750520296,0.009897411,0.23700541,0.227108,0.054178946,0.46371135,0.4095324
gdb_45423,N=C1OC2CCC1CO2,NC1OC2CCC1CO2,0.4861616055687818,0.5021536,0.65712565,0.15497208,0.5389414,1.2952559,0.7563145
gdb_45437,O=C1NC2CCC1CC2,OC1NC2CCC1CC2,0.8680571160395516,0.90141124,1.270571,0.36915976,1.1442472,1.6832509,0.53900373
gdb_45444,O=C1OC2CNC1CO2,OC1OC2CNC1CO2,0.0722390950980411,0.11598414,0.29910868,0.18312454,0.029762277,-0.51279247,-0.54255474
gdb_45445,O=C1OC2COC1CO2,OC1OC2COC1CO2,-2.046896660137349,-1.959913,-1.7609918,0.1989212,-2.072211,-2.2145069,-0.14229584
gdb_45456,O=C1CC2COC2C1=O,OC1CC2COC2C1O,-1.9001100047151451,-1.955549,-1.2712228,0.6843262,-2.099927,-1.297745,0.80218196
gdb_45467,O=C1CC2CCC2C=C1,OC1CCC2CCC2C1,-1.090022983773565,-1.0680444,-0.3336237,0.7344207,-1.1311783,-0.4684268,0.66275144
gdb_45490,O=C1NC2CCC3C2C13,OC1NC2CCC3C1C23,0.6371531751026396,0.6316778,1.0174048,0.385727,0.8781383,0.8290591,-0.04907918
gdb_45512,O=C1CC2OCC=C2N1,OC1CC2OCCC2N1,0.178449750520258,0.30214137,0.8158056,0.51366425,0.14653943,1.0517273,0.90518785
gdb_45515,O=C1NC2=CCOC2O1,OC1NC2CCOC2O1,-0.2375637599504898,0.036836803,0.28345698,0.24662018,-0.12201667,-0.4662861,-0.34426942
gdb_45516,O=C1NC2=NCCC2O1,OC1NC2NCCC2O1,1.857900995284865,2.0592558,2.3232138,0.26395798,2.0295455,1.231999,-0.7975465
gdb_45569,O=C1NC2CCOC2O1,OC1NC2CCOC2O1,0.0342270950980605,0.026880443,0.28345317,0.25657272,0.27447405,-0.4662861,-0.74076015
gdb_45570,O=C1NC2COCC2N1,OC1NC2COCC2N1,2.1659878503334085,1.9081786,2.366789,0.45861053,2.0709903,1.1269802,-0.94401014
gdb_45579,N=C1OC2CCOCC12,NC1OC2CCOCC12,0.5157296055688221,0.50879115,0.6340353,0.12524414,0.5885533,1.326932,0.73837864
gdb_45602,O=C1OC2CCCOC12,OC1OC2CCCOC12,-1.6267491496665798,-1.4440782,-1.2887094,0.1553688,-1.4904711,-0.8624292,0.6280419
gdb_45613,N=C1CN=C(N1)C1CO1,NC1CNC(C2CO2)N1,4.039487750520266,4.1140385,4.2219105,0.10787201,3.9524271,2.5446815,-1.4077456
gdb_45614,C1CC1C2=CNC(=O)C2,OC1CC(C2CC2)CN1,0.6020772609910523,0.48748606,1.220793,0.73330694,0.8129702,1.2562412,0.44327098
gdb_45616,O=C1CC(=CN1)C1CO1,OC1CC(C2CO2)CN1,0.1990517505202547,0.009126842,0.75964564,0.7505188,0.32881057,1.3333635,1.004553
gdb_45620,C1CC1C2=CCC(=O)N2,OC1CCC(C2CC2)N1,0.5995092609910557,0.8307554,1.3010962,0.4703408,0.80821663,1.2562412,0.44802457
gdb_45631,N=C1CN=C(CC#C)N1,C#CCC1NCC(N)N1,3.617470760116476,3.7352927,3.7700026,0.03470993,1.6597953,2.337303,0.67750764
gdb_45632,N=C1CN=C(CC#N)N1,N#CCC1NCC(N)N1,5.271296004881094,5.277834,5.323412,0.045578003,4.51968,4.759081,0.23940086
gdb_45640,C#CCC1=NCC(=O)O1,C#CCC1NCC(O)O1,-0.6452097503542973,-0.15190679,-0.12778264,0.024124146,-0.3887136,-0.4082119,-0.019498289
gdb_45642,C1C(=O)OC(=N1)CC#N,N#CCC1NCC(O)O1,1.0095914944103583,1.3926795,1.4233,0.030620575,1.7815173,0.8042643,-0.97725296
gdb_45655,N=C1CN=C2C=CCN12,NC1CNC2CCCN12,4.120334405942515,3.8864539,4.694277,0.80782294,2.986103,3.286276,0.30017304
gdb_45659,O=C1NC=C2C=CCC12,OC1NCC2CCCC21,0.2906564059425136,0.1662466,1.2232382,1.0569916,0.349751,1.2934337,0.9436827
gdb_45712,O=C1NC=C2CCOC12,OC1NCC2CCOC21,0.1933377505202429,0.07974452,0.78059596,0.70085144,0.3659862,1.0924376,0.7264514
gdb_45726,O=C1CC=CC(N1)C#C,C#CC1C=CCC(O)N1,-0.2175352398834888,-0.43564397,0.027452648,0.46309662,-0.043682553,-0.93826747,-0.8945849
gdb_45763,N=C1CN=CN1CC#C,C#CCN1CNCC1N,3.6244667601164906,3.5272238,3.8839972,0.35677338,1.9395956,1.9138509,-0.025744677
gdb_45764,N=C1CN=CN1CC#N,N#CCN1CNCC1N,5.279381004881088,5.063013,5.439558,0.37654495,3.9106476,3.734851,-0.17579675
gdb_45765,N=C1NC=NC1CC#C,C#CCC1NCNC1N,3.6207997601164834,3.381964,3.7482817,0.36631775,1.9785043,2.504024,0.5255197
gdb_45766,N=C1NC=NC1CC#N,N#CCC1NCNC1N,5.272265004881092,4.934473,5.301115,0.366642,4.864992,4.9301744,0.06518221
gdb_45777,O=C1OC=NC1CC#C,C#CCC1NCOC1O,-0.6376997503542725,-0.46384984,-0.13975698,0.32409286,-0.4235528,-0.30981997,0.113732845
gdb_45780,C1CC12CC(=O)NC=N2,OC1CC2(CC2)NCN1,2.29769350575566,2.0988104,2.7498572,0.65104675,2.1318574,2.121335,-0.010522366
gdb_45796,N=C1CC=CC2CC2O1,NC1CC=CC2CC2O1,0.6509022609910176,0.6260931,0.7350599,0.10896683,0.7028905,0.7578373,0.05494678
gdb_45810,O=C1NC=CC2CC2N1,OC1NCCC2CC2N1,2.304959505755676,2.2693617,2.7987082,0.52934647,2.0070465,2.3166988,0.30965233
gdb_45817,O=C1CC=CC2CCN12,OC1CC=CC2CCN12,0.6068672609910664,0.52955073,0.9731085,0.44355774,0.702323,0.73732436,0.035001338
gdb_45832,C1=CC=CNC(=O)C=C1,OC1CCCCCCN1,0.2595274918309656,-0.3213175,1.4505179,1.7718353,4.0954895,1.1698563,-2.9256332
gdb_45861,O=C1NC=NCC11CN1,OC1NCNCC12CN2,4.016074750520261,3.777033,4.431822,0.65478873,3.892853,2.4363685,-1.4564846
gdb_45884,O=C1NC=CCC2CC12,OC1NCCCC2CC21,0.6066922609910534,0.6821005,1.1941054,0.5120049,0.8049989,1.2590524,0.45405352
gdb_45905,C1C=CC(=O)CN=CO1,OC1CCCOCNC1,0.1716648364086381,0.1879484,1.0601141,0.87216574,0.18632673,0.7447892,0.55846244
gdb_45913,N=C1CNC(=N)C(=O)O1,NC1CNC(N)C(O)O1,3.530835325937801,3.63085,3.820429,0.18957901,3.5471158,0.84157395,-2.7055418
gdb_45915,N=C1CNC(=O)C(=O)N1,NC1CNC(O)C(O)N1,3.506147325937832,3.3814642,3.9977782,0.61631393,3.1780043,0.89771193,-2.2802923
gdb_45922,N=C1COC(=O)C(=O)O1,NC1COC(O)C(O)O1,-0.7123971845329606,-0.56434804,-0.13719732,0.42715073,-0.52149165,-1.4297869,-0.9082953
gdb_45932,N=C1OC(=O)COC1=O,NC1OC(O)COC1O,-0.7135421845329688,-0.4981516,-0.12523824,0.37291336,-0.64142025,-1.3989253,-0.75750506
gdb_45952,N=C1OCC(=O)C1C#C,C#CC1C(=O)COC1N,-0.6174447503542524,-0.7498911,-0.62570745,0.124183655,-0.48256427,-0.32188556,0.16067871
gdb_45953,N=C1OCC(=O)C1C#N,N#CC1C(=O)COC1N,1.0385314944103357,0.870928,1.0069144,0.13598639,1.5775247,0.555997,-1.0215276
gdb_45979,N=C1CC=CC(=O)CO1,NC1CCCC(O)CO1,0.1540618364086299,0.09161204,0.8898985,0.79828644,-0.04929643,0.81252617,0.8618226
gdb_45986,C1C=CC(=O)NCC1=O,O=C1CCCC(O)NC1,0.1195748364086739,-0.0007608533,0.68593043,0.6866913,-0.028211,0.489767,0.517978
gdb_46008,C#CC1=CCC(=O)NC1,C#CC1CCC(O)NC1,-0.2299962398835191,-0.2628458,0.32237452,0.58522034,-0.07755665,-0.11415205,-0.036595404
gdb_46009,C1C=C(CNC1=O)C#N,N#CC1CCC(O)NC1,1.4253200048810868,1.2708533,1.9752753,0.704422,1.5727721,1.9418807,0.36910856
gdb_46029,O=C1COC(C#C)C1=O,C#CC1OCC(O)C1O,-2.717709505589653,-2.7076776,-2.146032,0.5616455,-2.8230908,-2.0785134,0.7445774
gdb_46030,O=C1NCC(C#C)C1=O,C#CC1CNC(O)C1O,-0.6400747503543016,-0.7350367,-0.1244486,0.6105881,-0.25077194,-0.31330198,-0.06253004
gdb_46060,O=C1CCC(O1)C1CO1,OC1CCC(C2CO2)O1,-1.6244401496665546,-1.5355928,-1.256727,0.2788658,-1.5381192,-0.8494453,0.6886739
gdb_46071,O=C1NC(CO1)C1CN1,OC1NC(C2CN2)CO1,2.2015918503334437,2.003649,2.3312705,0.32762146,2.3022556,1.4567684,-0.84548724
gdb_46096,C#CCC1=CC(=O)CC1,C#CCC1CCC(O)C1,-1.92184748464814,-2.0008447,-1.2453439,0.7555008,-1.9748734,-1.3351159,0.6397575
gdb_46097,C1CC(=O)C=C1CC#N,N#CCC1CCC(O)C1,-0.2685052398834955,-0.46079046,0.31197566,0.7727661,-0.21033788,0.33565742,0.5459953
gdb_46098,C#CCC1=CC(=O)NC1,C#CCC1CNC(O)C1,-0.2268042398835064,-0.28820592,0.29829234,0.58649826,-0.27045077,-0.16468294,0.10576783
gdb_46099,C1C(=CC(=O)N1)CC#N,N#CCC1CNC(O)C1,1.4266490048810851,1.2546408,1.8556006,0.6009598,1.5121534,1.9336613,0.42150795
gdb_46125,O=C1NC(CC#C)CO1,C#CCC1COC(O)N1,-0.349416895305751,-0.5019892,-0.188093,0.31389618,-0.16796535,-0.38126513,-0.21329978
gdb_46126,O=C1NC(CC#N)CO1,N#CCC1COC(O)N1,1.3046283494588806,1.0501807,1.3672354,0.31705475,1.6464984,0.8302226,-0.81627584
gdb_46128,O=C1NCC(CC#C)O1,C#CCC1CNC(O)O1,-0.3487508953057272,-0.43254262,-0.15502721,0.2775154,-0.10430955,-0.38269117,-0.27838162
gdb_46130,O=C1NCC(CC#N)O1,N#CCC1CNC(O)O1,1.3050723494588965,1.1178153,1.3977454,0.2799301,1.6372633,0.82773817,-0.80952513
gdb_46157,O=C1COC(CO1)C#C,C#CC1COC(O)CO1,-2.4340026505411174,-2.486532,-2.212282,0.27425003,-2.4811947,-2.2134986,0.26769614
gdb_46158,O=C1COC(CO1)C#N,N#CC1COC(O)CO1,-0.7766634057765032,-0.8507555,-0.576639,0.27411652,-0.9651026,-0.8465437,0.11855888
gdb_46218,O=C1OCC11C2COC12,OC1OCC12C1COC12,-1.8153550906034752,-1.7950113,-1.4995477,0.29546356,-1.85941,-1.4488484,0.41056168
gdb_46223,N=C1OCC11NC1C#C,C#CC1NC12COC2N,1.6146539189927012,1.4332068,1.6838248,0.25061798,1.9356734,0.94376576,-0.9919076
gdb_46224,N=C1OCC11NC1C#N,N#CC1NC12COC2N,3.270547163757328,3.066954,3.3171751,0.25022125,3.6940532,2.9445953,-0.74945784
gdb_46318,N=C1OCC11CCOC1,NC1OCC12CCOC2,0.5195186055688055,0.37325495,0.63716334,0.2639084,0.7404404,1.0311474,0.29070693
gdb_46367,O=C1NCC1C1COC1,OC1NCC1C1COC1,0.5258216055688081,0.3923437,0.7516348,0.35929108,0.5399928,1.0355071,0.49551427
gdb_46377,N=C1OCC1NC1CC1,NC1OCC1NC1CC1,2.6756153608042155,2.5542014,2.6993163,0.1451149,2.7570639,2.4641674,-0.2928965
gdb_46378,N=C1OCC1OC1CC1,NC1OCC1OC1CC1,0.5548646055688096,0.5258276,0.6725485,0.14672089,0.43070692,1.0577585,0.62705153
gdb_46385,O=C1CCN1CC1CO1,OC1CCN1CC1CO1,0.523303605568799,0.37760752,0.91065425,0.5330467,0.44622725,0.8544578,0.40823054
gdb_46400,O=C1OCC1NC1CC1,OC1OCC1NC1CC1,0.5306016055687905,0.54351634,0.7789251,0.23540878,0.5754823,0.7687583,0.19327599
gdb_46401,O=C1OCC1OC1CC1,OC1OCC1OC1CC1,-1.5887171496665928,-1.4799707,-1.2492883,0.23068237,-1.5583643,-1.2430289,0.3153354
gdb_46434,N=C1OCC2(CN12)C#C,C#CC12COC(N)N1C2,1.5855339189927236,1.602236,1.6756995,0.07346344,1.4992121,-0.04055101,-1.5397632
gdb_46435,N=C1OCC2(CN12)C#N,N#CC12COC(N)N1C2,3.242575163757351,3.20027,3.2746527,0.07438278,2.5504117,1.7209864,-0.82942533
gdb_46459,O=C1OCC2(CC12)C#C,C#CC12COC(O)C1C2,-2.28111208100728,-2.2007654,-1.9805543,0.22021103,-2.2181277,-1.9826465,0.23548126
gdb_46460,O=C1OCC2(CC12)C#N,N#CC12COC(O)C1C2,-0.6254888362426527,-0.59292394,-0.37505513,0.2178688,-0.39654633,-0.3860538,0.010492533
gdb_46473,C1CC2(CC2)C(=O)C1=O,OC1CCC2(CC2)C1O,-1.5105334942443278,-1.5293939,-0.80755407,0.72183985,-1.4514213,-0.90694356,0.5444777
gdb_46481,C1CC12COC(=O)C2=O,OC1OCC2(CC2)C1O,-1.93504000471512,-1.9295595,-1.3009317,0.6286278,-1.7621057,-1.3314773,0.43062842
gdb_46482,O=C1OCC2(CN2)C1=O,OC1OCC2(CN2)C1O,-0.2065367599504952,-0.31172734,0.31789988,0.6296272,0.29272854,0.840588,0.54785943
gdb_46485,N=C1OCC2(CN2)C=C1,NC1CCC2(CN2)CO1,2.349670505755625,2.285723,2.6911032,0.40538025,1.9772646,2.4159045,0.43863988
gdb_46489,O=C1CCC2(CO2)C=C1,OC1CCC2(CC1)CO2,-1.496169494244327,-1.4921701,-0.78589803,0.70627207,-1.4135329,-0.83797264,0.5755602
gdb_46494,O=C1NCC2(CO2)C=C1,OC1CCC2(CN1)CO2,0.2000907505202462,0.14729518,0.8365347,0.6892395,0.075371355,1.373224,1.2978526
gdb_46500,N=C1CCC2(CO2)CO1,NC1CCC2(CO1)CO2,0.5225696055688331,0.41748637,0.634226,0.21673965,0.71717554,1.0170958,0.29992026
gdb_46504,N=C1OCC2(CN2)CO1,NC1OCC2(CN2)CO1,2.241914850333444,2.225855,2.2241118,-0.0017433167,2.3016665,1.2060801,-1.0955864
gdb_46527,C1C2(N1)COC(=O)OC2,OC1OCC2(CN2)CO1,0.0926220950980223,0.13607997,0.18341655,0.04733658,0.31005645,-0.27167612,-0.5817326
gdb_46532,N=C1CCC2(CCC2)O1,NC1CCC2(CCC2)O1,0.9126061160395692,0.95003337,1.0673506,0.11731726,0.8654694,1.2488737,0.3834043
gdb_46535,N=C1OCC2(CCC2)O1,NC1OCC2(CCC2)O1,0.5029946055688015,0.68279094,0.5749456,-0.10784531,1.0661575,1.0242635,-0.04189396
gdb_46548,C1CC2(COC2)NC1=O,OC1CCC2(COC2)N1,0.492523605568806,0.4783575,0.85991114,0.38155365,0.63699746,1.1119246,0.4749272
gdb_46554,C1C2(CO1)COC(=O)N2,OC1NC2(COC2)CO1,0.0774530950980647,0.11651057,0.3257963,0.20928574,0.28435633,-0.5761008,-0.8604572
gdb_46559,C1CC2(C1)COC(=O)O2,OC1OCC2(CCC2)O1,-1.645503149666581,-1.3845232,-1.4636858,-0.0791626,-1.4236355,-1.4024202,0.02121532
gdb_46573,O=C1NCC23CN(C2)C13,OC1NCC23CN(C2)C13,2.459280419867298,2.4554389,2.761614,0.30617523,2.414386,2.4452696,0.03088355
gdb_46597,O=C1NCC23CCC12N3,OC1NCC23CCC12N3,2.403180419867283,2.4882948,2.83367,0.34537506,2.474798,2.7641654,0.28936744
gdb_46600,O=C1OCC23CC12CO3,OC1OCC23CC12CO3,-1.8224680906034791,-1.8529603,-1.5362413,0.31671906,-1.8289932,-1.4706763,0.3583169
gdb_46620,N=C1OCC2=CCOC12,NC1OCC2=CCOC21,0.2207117505202518,0.13527507,0.26191157,0.1266365,0.24405259,0.7421085,0.49805593
gdb_46640,N=C1OCC2C(C#C)N12,C#CC1C2COC(N)N12,1.586497918992734,1.4702933,1.5990012,0.12870789,1.7314625,0.13068807,-1.6007744
gdb_46642,N=C1OCC2C(C#N)N12,N#CC1C2COC(N)N12,3.243552163757329,3.1085608,3.237963,0.12940216,2.5049121,1.555702,-0.94921017
gdb_46657,O=C1OCC2C(C#C)C12,C#CC1C2COC(O)C12,-2.2784220810072497,-2.261957,-2.0193536,0.2426033,-2.003089,-1.9249805,0.07810843
gdb_46659,O=C1OCC2C(C#N)C12,N#CC1C2COC(O)C12,-0.6228028362426699,-0.6215647,-0.3797968,0.24176788,-0.41465288,-0.108929925,0.30572295
gdb_46678,O=C1OCC2C3CC12N3,OC1OCC2C3CC12N3,0.3380676646318648,0.2555563,0.5603964,0.3048401,0.4229222,0.7679118,0.3449896
gdb_46707,O=C1OCC2C3CN1C23,OC1OCC2C3CN1C23,0.2837716646318995,0.17980403,0.6206686,0.44086456,0.4813824,0.2656521,-0.21573031
gdb_46725,O=C1NCC2C3OC2C13,OC1NCC2C3OC2C13,0.2952716646319118,0.1871435,0.5526754,0.36553192,0.64969605,0.66259176,0.012895703
gdb_46754,O=C1OCC2C1C1CN21,OC1OCC2C1C1CN21,0.2817686646318975,0.26035517,0.5337736,0.27341843,0.4101015,0.62346345,0.21336195
gdb_46782,N=C1COC2CC(C2)O1,NC1COC2CC(C2)O1,0.535787605568828,0.5250074,0.6424009,0.11739349,0.2014229,0.8311381,0.6297152
gdb_46802,O=C1NCC2CC(C2)N1,OC1NCC2CC(C2)N1,2.602775360804173,2.3168967,2.7462294,0.42933273,2.8772326,2.5355294,-0.34170318
gdb_46805,N=C1NCC2OC12C#C,C#CC12OC1CNC2N,1.5827659189927203,1.4315016,1.6318305,0.20032883,1.6813455,0.9199407,-0.76140475
gdb_46806,N=C1NCC2OC12C#N,N#CC12OC1CNC2N,3.23945016375734,3.0422804,3.2411597,0.19887924,3.3786404,2.8857875,-0.49285293
gdb_46830,O=C1OCC2CC12C#C,C#CC12CC1COC2O,-2.279399081007284,-2.2921464,-1.9620111,0.33013535,-2.1600158,-1.9663887,0.19362712
gdb_46831,O=C1OCC2CC12C#N,N#CC12CC1COC2O,-0.6240598362426795,-0.6882151,-0.3504389,0.33777618,-0.28376764,-0.25933984,0.024427801
gdb_46846,O=C1OCC2CC1C=C2,OC1OCC2C=CC1C2,-1.524525494244358,-1.5094926,-1.2490404,0.26045227,-1.5605156,-1.2970625,0.26345313
gdb_46868,O=C1NCC2CC2C1=O,OC1NCC2CC2C1O,0.1805307505202904,0.1048376,0.752886,0.6480484,0.35591486,0.7819673,0.42605242
gdb_46887,O=C1NCC2CC2C=C1,OC1CCC2CC2CN1,0.6098092609910282,0.5262472,1.220835,0.69458777,0.7010317,1.2740054,0.5729737
gdb_46893,O=C1OCC2NC2C=C1,OC1CCC2NC2CO1,0.218809750520279,0.18414515,0.8264677,0.64232254,0.30590862,0.8796599,0.5737513
gdb_46924,O=C1NCC2NC2CN1,OC1NCC2NC2CN1,4.329874605568818,3.9874747,4.4362583,0.44878364,4.2270837,2.2904518,-1.9366319
gdb_46932,N=C1OCC2CC3C1N23,NC1OCC2CC3C1N23,2.414897419867259,2.2796347,2.4161246,0.13648987,2.6373076,1.8846241,-0.7526835
gdb_46959,N=C1OCC2CN=CN12,NC1OCC2CNCN21,4.01233775052026,3.847254,4.259123,0.4118688,3.2937098,1.9658996,-1.3278102
gdb_47006,O=C1OCC2CCC1N2,OC1OCC2CCC1N2,0.4779396055687925,0.5485632,0.77841014,0.22984695,0.5951638,0.75315505,0.15799123
gdb_47007,O=C1OCC2CCC1O2,OC1OCC2CCC1O2,-1.6442911496665715,-1.4938562,-1.2517831,0.24207306,-1.6667404,-1.2659463,0.40079415
gdb_47023,O=C1NCC2CCC2=C1,OC1CC2CCC2CN1,0.6048122609910251,0.48777217,1.2211783,0.7334061,0.7594497,1.263045,0.50359523
gdb_47030,N=C1CC2COC2CO1,NC1CC2COC2CO1,0.5234976055688207,0.37578028,0.6076376,0.2318573,0.51073563,1.2905866,0.77985096
gdb_47058,O=C1COC2CCC2N1,OC1COC2CCC2N1,0.4946706055687855,0.3988363,0.8245489,0.4257126,0.302436,0.7284075,0.4259715
gdb_47064,O=C1NCC2CCC2O1,OC1NCC2CCC2O1,0.4782976055687982,0.50087947,0.75747126,0.2565918,0.7997932,0.7319965,-0.06779671
gdb_47065,O=C1NCC2OCC2N1,OC1NCC2OCC2N1,2.193939850333436,1.9012625,2.3602393,0.45897675,2.054402,1.058756,-0.9956461
gdb_47079,O=C1COC2OCC=C12,OC1COC2OCCC12,-1.903803004715144,-2.0128152,-1.2753885,0.73742676,-1.7732704,-1.1679455,0.60532486
gdb_47080,O=C1NCC2CCC=C12,OC1NCC2CCCC21,0.5816762609910597,0.46733302,1.2232268,0.75589377,0.8222557,1.2934337,0.471178
gdb_47081,O=C1NCC2CNC=C12,OC1NCC2CNCC21,2.299002505755652,1.9451239,2.760481,0.8153572,2.8458428,3.1497805,0.30393767
gdb_47082,O=C1NCC2OCC=C12,OC1NCC2OCCC12,0.1872427505202836,0.00473994,0.7837469,0.77900696,0.2444667,1.0924376,0.8479709
gdb_47121,C#CC1=CCNC(=O)C1,C#CC1CCNC(O)C1,-0.230013239883533,-0.29125005,0.27729243,0.5685425,0.08131035,-0.06661289,-0.14792323
gdb_47122,C1C=C(CC(=O)N1)C#N,N#CC1CCNC(O)C1,1.4251780048811042,1.2417929,1.9310858,0.6892929,1.5693899,2.0392776,0.4698876
gdb_47144,O=C1NCC=C1C1CN1,OC1NCCC1C1CN1,2.31486150575563,2.004206,2.8126624,0.8084564,2.6610475,3.1087391,0.44769168
gdb_47151,C#CCC1=CCCC1=O,C#CCC1CCCC1O,-1.9238524846481369,-1.8696077,-1.2528818,0.6167259,-2.029933,-1.3231771,0.7067559
gdb_47152,C1CC(=O)C(=C1)CC#N,N#CCC1CCCC1O,-0.2720162398834986,-0.32433873,0.3017828,0.6261215,-0.22261082,0.4809695,0.7035803
gdb_47153,C#CCC1=CCNC1=O,C#CCC1CCNC1O,-0.2300322398834851,-0.2611254,0.32147807,0.58260345,-0.19306307,-0.105319925,0.08774314
gdb_47154,C1C=C(C(=O)N1)CC#N,N#CCC1CCNC1O,1.4218350048811317,1.2848532,1.8761923,0.5913391,1.548644,2.0017612,0.45311725
gdb_47164,O=C1CCN=C2CCN12,OC1CCNC2CCN12,2.298186505755666,2.266619,2.9145606,0.6479416,2.6023781,2.8959856,0.29360747
gdb_47185,N=C1NCC=CC(=O)N1,NC1NCCCC(O)N1,3.948933836408628,3.8239539,4.4808826,0.6569288,3.547328,2.1674182,-1.3799098
gdb_47193,C1CC(=O)NC(=O)C=C1,OC1CCCCC(O)N1,0.0974748364086508,0.043634593,1.0345175,0.99088293,0.037542243,0.7571524,0.71961015
gdb_47195,C1C=CC(=O)NC(=O)O1,OC1CCCOC(O)N1,-0.3117086740621744,-0.29823476,0.53446025,0.832695,-0.69133896,-0.25441703,0.43692192
gdb_47198,N=C1OCC=CC11CN1,NC1OCC=CC12CN2,2.348478505755679,2.067015,2.3740408,0.3070259,2.136031,1.9348259,-0.20120502
gdb_47218,O=C1NCC=CC1C#C,C#CC1C=CCNC1O,-0.2152952398835168,-0.34187108,0.023534954,0.36540604,-0.045023907,-0.87567806,-0.83065414
gdb_47219,O=C1NCC=CC1C#N,N#CC1C=CCNC1O,1.4373960048811227,1.2741148,1.6559622,0.38184738,1.466872,1.3800979,-0.08677411
gdb_47222,N=C1OCC=CC2CC12,NC1OCC=CC2CC21,0.6476492609910451,0.5550787,0.7291052,0.17402649,0.7824992,0.7263591,-0.056140065
gdb_47223,N=C1OCC=CC2CN12,NC1OCC=CC2CN21,2.3618085057556755,2.184416,2.4024642,0.2180481,2.1647873,0.9612509,-1.2035364
gdb_47233,O=C1NCC=CC2NC12,OC1NCC=CC2NC12,2.3343235057556626,2.2289832,2.5638487,0.33486557,2.3602352,1.9377038,-0.42253137
gdb_47234,O=C1NCC=CC2OC12,OC1NCC=CC2OC12,0.2111267505202931,0.12735194,0.45122737,0.32387543,0.41005886,0.69631,0.28625113
gdb_47237,O=C1OCC=CC2NC12,OC1OCC=CC2NC21,0.2225967505202675,0.24368113,0.4805357,0.23685455,0.4714327,0.2004294,-0.2710033
gdb_47260,C1CN=COC(=O)C1=O,OC1CCNCOC1O,-0.2758636740621796,-0.20650274,0.5294134,0.73591614,0.36585328,-0.13478634,-0.5006396
gdb_47268,N=C1NCCC(=O)C1=O,NC1NCCC(O)C1O,1.8416030811732755,1.7125037,2.4298422,0.71733856,1.9217991,0.94429123,-0.9775078
gdb_47272,C1CC(=O)C(=O)C(=O)C1,OC1CCCC(O)C1O,-1.9838289188267595,-1.9768121,-1.002485,0.9743271,-2.1029532,-0.9696294,1.1333238
gdb_47276,C1C(=O)C(=O)C(=O)CO1,OC1COCC(O)C1O,-2.3733034292975503,-2.4084604,-1.485151,0.9233093,-2.070452,-1.2938352,0.7766168
gdb_47285,C1C(=O)C=CC(=O)CO1,OC1CCC(O)COC1,-1.9679589188267528,-2.3974283,-0.98959905,1.4078293,-2.3939826,-1.1527858,1.2411969
gdb_47288,N=C1CCC(=O)CCO1,NC1CCC(=O)CCO1,0.4420096914572013,0.21893138,0.48847407,0.2695427,0.6413944,0.16320321,-0.47819117
gdb_47297,N=C1COC(=N)OCO1,NC1COC(N)OCO1,1.7508614257510544,1.5445311,1.8803542,0.33582306,1.7058779,-0.38585058,-2.0917284
gdb_47314,C1CC(=O)OCCC1=O,O=C1CCOC(O)CC1,-1.7032720637781722,-1.8094118,-1.4231851,0.38622665,-1.7560968,-1.3963069,0.35978997
gdb_47323,C1CNC(=O)COC1=O,OC1COC(O)CCN1,-0.0022748190135644,-0.14969808,0.5428335,0.6925316,0.06759936,-0.2474783,-0.31507766
gdb_47383,O=C1COCC(O1)C#C,C#CC1COCC(O)O1,-2.433132650541097,-2.454416,-2.195028,0.25938797,-2.3827875,-2.233282,0.14950538
gdb_47384,O=C1COCC(O1)C#N,N#CC1COCC(O)O1,-0.7764534057765218,-0.84378225,-0.5583399,0.28544235,-0.9629021,-0.8461787,0.11672342
gdb_47396,N=C1OCOC11CCC1,NC1OCOC12CCC2,0.5121536055688125,0.28742427,0.61432093,0.32689667,0.55663157,1.1199322,0.5633006
gdb_47410,O=C1NCCC11CCO1,OC1NCCC12CCO2,0.4905546055688319,0.43876857,0.750971,0.31220245,0.8017116,1.1943681,0.3926565
gdb_47451,O=C1OCOC1C1CC1,OC1OCOC1C1CC1,-1.6186501496665642,-1.5646493,-1.2451532,0.31949615,-1.604018,-1.4579672,0.14605081
gdb_47476,C#CCN1CCOC1=O,C#CCN1CCOC1O,-0.3413798953057494,-0.3772257,0.07293147,0.45015717,-0.11803883,-0.37263796,-0.25459912
gdb_47477,C1COC(=O)N1CC#N,N#CCN1CCOC1O,1.3128223494588838,1.1596243,1.6287291,0.46910477,1.2832869,-0.11678517,-1.4000721
gdb_47480,N=C1CC2(CC2)CCO1,NC1CC2(CCO1)CC2,0.9255011160395838,0.8954794,1.0672209,0.17174155,0.85127366,1.0493326,0.19805896
gdb_47525,O=C1NCCC2CC1C2,OC1NCCC2CC1C2,0.9045331160396016,0.8366453,1.1751921,0.3385468,1.0932436,1.6231587,0.5299151
gdb_47528,O=C1OCCC2CC1C2,OC1OCCC2CC1C2,-1.2077326391957968,-1.1861665,-0.8789919,0.30717462,-0.9614939,-0.96405923,-0.0025653243
gdb_47546,O=C1CC2CC2OCO1,OC1CC2CC2OCO1,-1.609905149666588,-1.7092988,-1.2602785,0.4490204,-1.8215575,-1.5252165,0.29634106
gdb_47607,O=C1NCCC2OCC12,OC1NCCC2OCC12,0.493642605568823,0.42710322,0.7679159,0.34081268,0.67885613,1.050414,0.37155783
gdb_47608,O=C1OCCC2CCC12,OC1OCCC2CCC21,-1.2173636391958098,-1.1322992,-0.82644826,0.30585092,-1.0727445,-0.92830575,0.14443874
gdb_47609,O=C1OCCC2CCN12,OC1OCCC2CCN21,0.4831926055688313,0.41664714,0.8538725,0.43722534,0.70835936,0.7855911,0.077231765
gdb_47631,N=C1NCCC=CC1=O,NC1NCCCCC1O,2.263656591644008,2.1152709,2.8758261,0.76055527,1.901172,2.0365562,0.1353842
gdb_47635,C1C=CC(=O)C(=O)CN1,OC1CCCNCC1O,0.1595928364086489,0.07270259,0.97639674,0.90369415,-0.50432295,0.80478626,1.3091092
gdb_47657,C1CC=CCOC(=O)C1,OC1CCCC=CCO1,-1.2615895533074308,-1.2480333,-0.90895253,0.33908075,-1.1301025,-1.0244542,0.10564828
gdb_47662,C1CN=COCC(=O)N1,OC1COCNCCN1,2.152572936221816,1.9805739,2.5930884,0.6125145,1.9366747,1.3471048,-0.5895699
gdb_47681,N=C1CCNCC(=O)O1,NC1CCNCC(O)O1,2.1424179362218183,2.2403433,2.3869956,0.14665222,1.8539793,1.2804308,-0.57354856
gdb_47687,N=C1COCCC(=O)O1,NC1COCCC(O)O1,0.0298211809864028,0.20870799,0.39638728,0.18767929,-0.08384966,-0.34175107,-0.2579014
gdb_47703,C1CC(=O)CC(=O)NC1,O=C1CCCNC(O)C1,0.4095216914572006,0.19038218,0.6190855,0.4287033,0.67616075,0.489767,-0.18639377
gdb_47705,C1CC(=O)CC(=O)OC1,O=C1CCCOC(O)C1,-1.694935063778189,-1.7573564,-1.4229333,0.33442307,-1.763264,-1.3942153,0.3690486
gdb_47739,O=C1NCCCC11CN1,OC1NCCCC12CN2,2.607111360804197,2.5174353,2.8173697,0.2999344,2.777555,3.026758,0.24920297
gdb_47741,C1CC12C(=O)NCCN2,OC1NCCNC12CC2,2.612499360804179,2.4703925,2.7744925,0.30410004,2.5689704,2.6618936,0.092923164
gdb_47744,O=C1OCCCC11CN1,OC1OCCCC12CN2,0.4965476055688214,0.42476863,0.7654173,0.34064865,0.9681501,1.0319673,0.0638172
gdb_47785,O=C1OCCOC1C#C,C#CC1OCCOC1O,-2.43162565054115,-2.3702676,-2.1695154,0.20075226,-2.3629596,-2.1056435,0.2573161
gdb_47786,O=C1OCCOC1C#N,N#CC1OCCOC1O,-0.7754524057764911,-0.7537058,-0.53577214,0.21793365,-0.5805633,-0.73463506,-0.15407175
gdb_47812,O=C1COCCC2CN12,OC1COCCC2CN12,0.5201366055688368,0.39521998,0.8574316,0.4622116,0.30446193,0.7260705,0.4216086
gdb_47849,C1CN=COC(=O)CN1,OC1CNCCNCO1,2.1567769362218314,2.1610434,2.5208075,0.3597641,1.745058,1.3799487,-0.3651092
gdb_47854,C1C(=O)COCOC=N1,O=C1CNCOCOC1,0.0593131809864075,-0.111127675,0.3114187,0.4225464,-0.062877394,-0.71801823,-0.6551408
gdb_47859,C1CNC(=O)OC=NC1,OC1NCCCNCO1,2.137543936221789,2.1497214,2.5327055,0.38298416,2.0539823,1.3740346,-0.6799476
gdb_47864,N=C1NCCNCC1=O,NC1NCCNCC1O,4.280076691457168,4.041689,4.411951,0.37026215,3.6006868,2.1167016,-1.4839852
gdb_47875,C1CCOC(=O)C(=O)C1,OC1CCCCOC1O,-1.6860790637782088,-1.7387292,-1.0419214,0.69680786,-1.2887199,-0.90329546,0.38542444
gdb_47889,N=C1OCCOCC=C1,NC1CCCOCCO1,0.4850476914571686,0.41094798,0.9177038,0.5067558,0.28734812,1.0057558,0.71840763
gdb_47893,C1CC(=O)C=CCOC1,OC1CCCOCCC1,-1.2323965533074102,-1.2314279,-0.5111788,0.7202491,-1.2693499,-0.7112032,0.5581467
gdb_47894,C1COCCC(=O)C=C1,OC1CCCCOCC1,-1.2375075533074096,-1.2607095,-0.52534276,0.73536676,-1.2756001,-0.7112032,0.56439686
gdb_47900,C1CNC=CC(=O)NC1,OC1CCNCCCN1,2.553076446692557,2.0652258,2.9912055,0.9259796,2.3759494,2.1265435,-0.24940586
gdb_47901,C1COCC=CC(=O)N1,OC1CCCOCCN1,0.4524336914572018,0.3513586,1.0467284,0.6953698,0.1728714,0.76277536,0.58990395
gdb_47916,N=C1OCCOCCO1,NC1OCCOCCO1,0.3571750360349597,0.37426203,0.4538557,0.07959366,0.49813336,-0.3752938,-0.87342715
gdb_47946,C1CCOC(=O)OCC1,OC1OCCCCCO1,-1.3907132087296643,-1.2702386,-1.1580026,0.11223602,-0.8335269,-1.0516696,-0.21814269
gdb_47948,C1COC(=O)OCCO1,OC1OCCOCCO1,-1.7881917192004266,-1.715101,-1.5859125,0.12918854,-1.5331414,-1.6134106,-0.08026922
gdb_47950,O=CC#CC#CC1CN1,OCC#CC#CC1CN1,-0.9401198266464236,-1.2338846,-0.7798212,0.45406336,-2.3339648,-0.8649065,1.4690583
gdb_47955,O=CC#CC(=O)C1CN1,OCC#CC(O)C1CN1,-0.5839337503542765,-0.76737005,-0.16021138,0.60715866,-0.7789497,0.73386675,1.5128164
gdb_47957,C1CN1C(=O)C#CC=O,OCC#CC(O)N1CC1,-0.5903897503542908,-0.76469976,-0.02002126,0.7446785,-0.6533625,-0.2815564,0.37180611
gdb_47965,O=CC#CC1(CN1)C#C,C#CC1(C#CCO)CN1,-0.9186318266464468,-0.9979685,-0.6937006,0.30426788,-1.5716679,-0.15664147,1.4150264
gdb_47966,O=CC#CC1(CN1)C#N,N#CC1(C#CCO)CN1,0.7369974181181647,0.61622065,0.9121954,0.29597473,0.20764247,0.88077116,0.6731287
gdb_47970,O=CC#CC1(CN1)C=O,O=CC1(C#CCO)CN1,-0.5799707503542777,-0.7034891,-0.40779287,0.29569626,-0.015523404,0.26330978,0.27883318
gdb_47976,O=CC#CC12CC1CO2,OCC#CC12CC1CO2,-2.211233081007265,-2.3002412,-2.0038354,0.2964058,-2.269057,-1.6848819,0.5841751
gdb_47977,O=CC#CC12CC1OC2,OCC#CC12COC1C2,-2.2128610810072478,-2.2642076,-1.9838235,0.28038406,-2.2592275,-1.7354813,0.52374625
gdb_47990,O=CC#CC1C2COC12,OCC#CC1C2COC12,-2.207466081007283,-2.2905252,-2.0181062,0.27241898,-2.2447631,-1.515013,0.72975016
gdb_47997,O=CC#CC1NC1C#C,C#CC1NC1C#CCO,-0.9195088266464496,-1.0494211,-0.7565058,0.29291528,-0.8323069,-0.122175,0.71013194
gdb_47998,O=CC#CC1NC1C#N,N#CC1NC1C#CCO,0.7368014181182048,0.5901663,0.8831579,0.29299164,0.014134463,0.6473411,0.6332066
gdb_48002,O=CC#CC1CN1C=O,OCC#CC1CN1CO,-0.5890677503542747,-0.72864705,0.056783855,0.7854309,-0.35588655,-0.12067099,0.23521556
gdb_48003,O=CC#CC1NC1C=O,O=CC1NC1C#CCO,-0.5768507503542537,-0.6560038,-0.3627451,0.29325867,0.20605919,0.60183865,0.39577946
gdb_48010,O=CC#CC1OC2CC12,OCC#CC1OC2CC12,-2.204153081007292,-2.2550256,-1.961065,0.29396057,-2.024155,-1.5195761,0.5045788
gdb_48018,O=CC#CC1OCC1=O,O=C1COC1C#CCO,-2.703600505589691,-2.8198068,-2.4831522,0.33665466,-1.782808,-1.810756,-0.027948022
gdb_48039,C1CN1CCC#CC=O,OCC#CCCN1CC1,0.1430446151650244,0.03563136,0.31788844,0.28225708,0.2220966,0.0070012053,-0.2150954
gdb_48048,O=CC(=O)C#CC1CN1,OCC(O)C#CC1CN1,-0.579580750354296,-0.46452504,-0.047963917,0.41656113,-1.1749322,0.747346,1.9222782
gdb_48052,N=C(N1CC1)C(=O)C=O,NC(C(O)CO)N1CC1,1.8986770811732756,1.6786902,2.531832,0.8531418,0.80515313,0.62491345,-0.18023968
gdb_48054,O=CC(=O)C(=O)C1CN1,OCC(O)C(O)C1CN1,-0.2285736740622042,-0.2767504,0.6158239,0.8925743,-1.244807,0.07791456,1.3227216
gdb_48056,C1CN1C(=O)C(=O)C=O,OCC(O)C(O)N1CC1,-0.2366796740622021,-0.31480962,0.7166082,1.0314178,-0.78263223,-0.52724457,0.25538766
gdb_48062,O=CC(=O)C1(CN1)C#C,C#CC1(C(O)CO)CN1,-0.5734277503542557,-0.60429555,0.014826,0.61912155,-0.8486965,-0.1748073,0.67388916
gdb_48063,O=CC(=O)C1(CN1)C#N,N#CC1(C(O)CO)CN1,1.0825854944103526,0.99599284,1.6183379,0.62234503,0.45015034,1.7132035,1.2630532
gdb_48067,O=CC(=O)C1(CN1)C=O,O=CC1(C(O)CO)CN1,-0.2290436740621544,-0.317766,0.31191462,0.62968063,-1.021116,-0.14674173,0.8743743
gdb_48074,O=CC(=O)C12CC1CO2,OCC(O)C12CC1CO2,-1.8601280047151365,-1.8880517,-1.2873666,0.6006851,-1.9858738,-1.1997766,0.78609717
gdb_48075,O=CC(=O)C12CC1OC2,OCC(O)C12COC1C2,-1.8648900047151076,-1.865526,-1.2493265,0.6161995,-2.0596263,-1.1997766,0.8598497
gdb_48092,O=CC(=O)C1C2COC12,OCC(O)C1C2COC21,-1.8597970047151196,-1.8694932,-1.2203577,0.6491356,-1.881949,-1.1885927,0.6933563
gdb_48100,N=C(C=O)N1CC1C#C,C#CC1CN1C(N)CO,1.5495800048810793,1.3642142,1.8085883,0.44437408,0.82270485,0.47388902,-0.34881583
gdb_48101,N=C(C=O)N1CC1C#N,N#CC1CN1C(N)CO,3.206542249645736,3.0049765,3.4510558,0.44607925,2.9722292,2.1566038,-0.8156254
gdb_48104,O=CC(=O)C1NC1C#C,C#CC1NC1C(O)CO,-0.566746750354298,-0.6042879,0.01709193,0.62137985,-0.81430686,-0.01802128,0.79628557
gdb_48105,O=CC(=O)C1NC1C#N,N#CC1NC1C(O)CO,1.085336494410342,1.0347311,1.6559203,0.6211891,0.29720536,1.793613,1.4964076
gdb_48108,O=CC(=O)N1CC1C#C,C#CC1CN1C(O)CO,-0.5843807503542848,-0.7060221,0.02540034,0.7314224,-0.991667,-0.6389602,0.3527068
gdb_48109,O=CC(=O)N1CC1C#N,N#CC1CN1C(O)CO,1.0727124944103252,0.9347479,1.6678412,0.7330933,0.59979206,0.45570454,-0.14408752
gdb_48116,O=CC(=O)C1OC2CC12,OCC(O)C1OC2CC21,-1.8557140047151397,-1.8214586,-1.2074106,0.614048,-1.7906725,-1.138747,0.65192556
gdb_48164,N=C(NCC1CN1)C=O,NC(CO)NCC1CN1,4.315682691457198,4.0362225,4.4684315,0.432209,3.4723108,1.9210767,-1.5512341
gdb_48168,C1CN1CCC(=O)C=O,OCC(O)CCN1CC1,0.4907356914571892,0.34940165,1.1133139,0.76391226,-0.0039649704,0.58812845,0.5920934
gdb_48171,O=CC(=O)NCC1CN1,OCC(O)NCC1CN1,2.1708559362218125,1.899462,2.6205008,0.7210388,2.0204682,0.76892734,-1.2515409
gdb_48174,O=CC(=O)OCC1CN1,OCC(O)OCC1CN1,0.0604581809864157,-0.06153661,0.559725,0.6212616,0.2398502,-0.19570051,-0.4355507
gdb_48277,N=CN(CC1CN1)C=O,NCN(CO)CC1CN1,4.30132569145718,3.982138,4.6918125,0.7096746,2.7000391,1.5458922,-1.1541469
gdb_48285,O=CN(CC1CN1)C=O,OCN(CO)CC1CN1,2.173762936221806,2.1143973,2.835482,0.7210846,1.1775808,0.47522023,-0.70236063
gdb_48356,O=CC1(CN1)C(=O)C#C,C#CC(O)C1(C=O)CN1,-0.5834557503542896,-0.75011617,-0.35383397,0.3962822,-0.853971,-0.237401,0.61657
gdb_48357,O=CC1(CN1)C(=O)C#N,N#CC(O)C1(C=O)CN1,1.0777414944103612,0.83878535,1.267443,0.4286576,0.46150926,0.82577354,0.36426428
gdb_48670,N=C1OCC2(CN12)C=O,NC1OCC2(C=O)CN12,1.9275839952848628,1.905802,2.0069907,0.10118866,1.6517775,0.22939602,-1.4223815
gdb_48677,O=CC12CC1C(=O)OC2,O=CC12COC(O)C1C2,-1.93893500471512,-1.8471963,-1.6291025,0.21809387,-1.905564,-1.538273,0.36729097
gdb_48762,O=CC12CC1CC(=O)N2,O=CC12CC1CC(O)N2,0.176145750520277,0.08471125,0.49044245,0.4057312,0.31682473,0.32695037,0.010125637
gdb_48764,O=CC12CC1NC(=O)C2,O=CC12CC(O)NC1C2,0.1770537505202583,0.069582164,0.502886,0.43330383,0.33420408,0.19223513,-0.14196895
gdb_48818,N=C1NCC2OC12C=O,NC1NCC2OC12C=O,1.9266949952848904,1.7450316,1.9414465,0.19641495,2.1343324,1.4143002,-0.7200322
gdb_48824,O=CC12CC1COC2=O,O=CC12CC1COC2O,-1.9391220047151023,-1.9317529,-1.6052148,0.3265381,-1.8632792,-1.5324621,0.3308171
gdb_48859,O=CC12CC3=NCC1N23,O=CC12CC3NCC1N32,2.184938564818708,2.1380942,2.3432486,0.20515442,2.0757408,2.4444432,0.3687024
gdb_48975,O=CC12CN=C3CC1N23,O=CC12CNC3CC1N32,2.18801056481874,2.0898955,2.3978446,0.30794907,2.0703712,2.4779725,0.40760136
gdb_49111,O=CC1=C2NC3C(C1)C23,OCC1CC2C3NC1C23,0.5124713200541464,1.1045401,1.0938284,-0.01071167,0.7049534,0.92106813,0.21611476
gdb_49125,N=C1NC(=O)C(C=O)=C1,NC1CC(CO)C(O)N1,1.517833226124765,1.3773329,2.4337714,1.0564384,0.31049544,1.2989188,0.9884234
gdb_49126,N=C1NC(=O)C=C1C=O,NC1NC(O)CC1CO,1.5155352261247683,1.4011023,2.454447,1.0533447,0.31049544,1.3095399,0.9990445
gdb_49156,O=CC1=CN2C3CC1C23,OCC1CN2C3CC1C32,0.4223053200541358,0.5159933,1.047312,0.5313187,0.7941679,1.0676019,0.27343404
gdb_49188,O=CC1=CC2CC1CO2,OCC1CC2CC1CO2,-1.4908244942443505,-1.4735925,-0.8104723,0.6631202,-1.566502,-0.87641424,0.69008774
gdb_49191,O=CC1=CC2COC1C2,OCC1CC2COC1C2,-1.4903784942443394,-1.4370897,-0.82587606,0.6112136,-1.5651836,-0.87641424,0.6887694
gdb_49210,C1C=C(CNC1=O)C=O,OCC1CCC(O)NC1,0.1114418364086304,0.07062739,1.0484335,0.97780615,0.423737,1.2690572,0.84532017
gdb_49225,C1CC12CC=C(C2)C=O,OCC1CCC2(CC2)C1,-1.0802299837735632,-0.9297312,-0.3619669,0.5677643,-1.106013,-0.4305634,0.67544955
gdb_49230,C1CC12CN=C(O2)C=O,OCC1NCC2(CC2)O1,0.2213927505202946,0.36541957,0.88962,0.52420044,0.17609707,0.91521204,0.739115
gdb_49233,O=CC1=CCN2CC1C2,OCC1CCN2CC1C2,0.6537182609910133,0.76870936,1.2892935,0.52058417,0.61894786,1.0843072,0.46535933
gdb_49260,C1C=C(CC(=O)N1)C=O,OCC1CCNC(O)C1,0.1126618364086766,0.038713634,1.0182097,0.97949606,0.31953484,1.2670783,0.94754344
gdb_49288,O=CC1=CNCC2NC12,OCC1CNCC2NC12,2.335648505755671,1.9036887,2.8662398,0.9625511,2.5260434,3.2324607,0.7064173
gdb_49306,C1CCC=C(CC1)C=O,OCC1CCCCCC1,-0.8510330428366615,-0.79604894,-0.1150797,0.68096924,-0.88102067,-0.17540275,0.7056179
gdb_49312,C1COCC(=CN1)C=O,OCC1CNCCOC1,0.4571736914571715,0.029211223,0.9801275,0.9509163,0.3060461,0.64294344,0.33689734
gdb_49314,C1CCOC(=NC1)C=O,OCC1NCCCCO1,0.4559996914571798,0.44527644,1.0808127,0.63553625,0.68835545,0.8525049,0.16414946
gdb_49317,N=C1C=CC(=O)N1C=O,NC1CCC(O)N1CO,1.5109052261248053,0.9435064,2.6843894,1.7408829,0.74849683,0.49749008,-0.25100675
gdb_49319,N=CN1C(=N)C=CC1=O,NCN1C(N)CCC1O,3.6481869813601406,2.791464,4.535303,1.743839,2.4981709,2.1194768,-0.37869406
gdb_49332,N=C1CCC(=O)N1C=O,NC1CCC(O)N1CO,1.8058750811732691,1.5570853,2.684374,1.1272888,1.5267617,0.49749008,-1.0292716
gdb_49337,N=C1OCC(=O)C1C=O,NC1OCC(=O)C1C=O,-0.2752786740621786,-0.43618566,-0.2781313,0.15805435,0.579525,-0.72366744,-1.3031924
gdb_49340,N=CN1C(=N)CCC1=O,NCN1C(N)CCC1O,3.942516836408629,3.407099,4.535303,1.1282041,3.0645638,2.1194768,-0.94508696
gdb_49350,N=CN1C(C#C)C1C#C,C#CC1C(C#C)N1CN,1.211834928588928,0.85541743,1.2479727,0.3925553,0.37871292,-0.74750686,-1.1262197
gdb_49351,N=CN1C(C#C)C1C#N,C#CC1C(C#N)N1CN,2.867254173353558,2.492613,2.8886511,0.39603806,1.8000546,1.3174323,-0.48262227
gdb_49352,N=CN1C(C#N)C1C#N,N#CC1C(C#N)N1CN,4.5265904181181895,4.129896,4.529318,0.3994217,4.1252666,3.574244,-0.5510225
gdb_49356,O=CN1C(C#C)C1C#C,C#CC1C(C#C)N1CO,-0.9270608266464252,-1.0068185,-0.6068476,0.39997095,-1.6870736,-1.3212945,0.36577904
gdb_49357,O=CN1C(C#C)C1C#N,C#CC1C(C#N)N1CO,0.7301964181181688,0.63039607,1.0338576,0.40346152,-0.14994298,-0.28579348,-0.1358505
gdb_49358,O=CN1C(C#N)C1C#N,N#CC1C(C#N)N1CO,2.3911416628827737,2.2676718,2.6744444,0.4067726,2.1536398,1.441082,-0.7125578
gdb_49359,N=CN1C(C=O)C1C#C,C#CC1C(C=O)N1CN,1.557075004881085,1.2010558,1.660784,0.45972824,0.930053,1.1779829,0.24792993
gdb_49360,N=CN1C(C=O)C1C#N,N#CC1C(C=O)N1CN,3.213734249645711,2.8388731,3.3002722,0.46139908,2.9235609,1.7704904,-1.1530704
gdb_49361,O=CC1C(C#C)N1C=O,C#CC1C(C=O)N1CO,-0.5822727503542637,-0.6613825,-0.19394857,0.46743393,-0.8780675,-0.99761516,-0.119547665
gdb_49362,O=CC1C(C#N)N1C=O,N#CC1C(C=O)N1CO,1.0761174944103118,0.9764349,1.4454596,0.46902472,0.493896,0.0016263722,-0.49226964
gdb_49365,N=CN1C(C=O)C1C=O,NCN1C(C=O)C1C=O,1.9018020811732868,1.5563414,2.0683997,0.51205826,1.1165053,0.26623172,-0.85027355
gdb_49367,O=CC1C(C=O)N1C=O,O=CC1C(C=O)N1CO,-0.2354716740621825,-0.3063944,0.2176382,0.5240326,-0.2470328,-1.4048774,-1.1578447
gdb_49410,O=CN1C2C3N4C3C1C24,OCN1C2C3C1C1C2N31,2.215229478930212,2.0430624,2.5976965,0.5546341,2.3814192,1.3906666,-0.9907526
gdb_49429,O=CC1C2C3CN=C1N23,O=CC1C2NCC3C1N32,2.192425564818734,2.0387862,2.3630621,0.32427597,2.143872,2.0672953,-0.07657671
gdb_49432,O=CN1C2C3CC=C1C23,OCN1C2CCC3C2C31,0.4979873200541078,0.45493525,1.2097456,0.7548104,0.1895818,0.7607681,0.5711863
gdb_49442,O=CN1C2C3CCC1C23,OCN1C2CCC3C2C31,0.6873281751026639,0.6494238,1.2097418,0.56031805,0.68145645,0.7607681,0.07931167
gdb_49461,O=CC1C2CC(=O)NC12,O=CC1C2CC(O)NC12,0.1844147505202613,0.05428523,0.54790705,0.49362183,0.40613207,0.26862046,-0.13751161
gdb_49466,O=CN1C2CC(=O)CC12,O=C1CC2C(C1)N2CO,0.1965127505202417,-0.023526967,0.51078624,0.5343132,0.17965259,0.10561146,-0.07404113
gdb_49551,O=CN1C2CC1C=CC2,OCN1C2C=CCC1C2,0.6282562609910656,0.4798643,1.0143721,0.5345078,0.6596209,0.41814217,-0.24147871
gdb_49606,N=CN1C2CC2CC1=O,NCN1C(O)CC2CC21,2.314732505755672,2.006243,2.8471625,0.8409195,2.058813,1.8753811,-0.18343198
gdb_49611,O=CC1C2CC2NC1=O,O=CC1C(O)NC2CC21,0.1852627505202804,0.13683528,0.52199,0.38515472,0.47902,0.30919838,-0.16982162
gdb_49614,O=CN1C2CC2CC1=O,OCN1C(O)CC2CC21,0.1745797505202517,0.15802974,0.996195,0.8381653,0.15079677,0.8168662,0.66606945
gdb_49625,O=CN1C2CC3(CC3)C12,OCN1C2CC3(CC3)C21,0.7302391751026676,0.65774745,1.1603148,0.50256735,0.6127071,0.79274464,0.18003756
gdb_49664,O=CN1C2CC3NC3C12,OCN1C2CC3NC3C21,2.4145484198672875,2.2910788,2.842913,0.5518341,1.6626107,2.3397315,0.6771208
gdb_49672,N=C1OCC2C(C=O)N12,NC1OCC2C(C=O)N12,1.934081995284885,1.822676,1.9948866,0.1722107,2.0449953,0.5699064,-1.4750888
gdb_49679,O=CC1C2COC(=O)C12,O=CC1C2COC(O)C12,-1.932235004715096,-1.838949,-1.5901544,0.24879456,-1.7375027,-1.4520829,0.28541982
gdb_49708,O=CN1C2CCC1C=C2,OCN1C2C=CC1CC2,0.6154852609910222,0.536997,1.0520575,0.5150605,0.6808721,0.4701757,-0.21069637
gdb_49739,O=CN1C2CCOCC12,OCN1C2CCOCC21,0.5234856055687942,0.4326536,0.979891,0.5472374,0.5009181,0.82809114,0.32717305
gdb_49743,O=CC1N=C2CC3C1N23,O=CC1NC2CC3C1N23,2.1899195648187515,1.9326499,2.3606703,0.42802048,2.0984747,2.020944,-0.07753062
gdb_49769,O=CC1N=COC11CC1,O=CC1NCOC12CC2,0.2202647505202435,0.14840525,0.56007594,0.41167068,0.17204456,0.04381202,-0.12823254
gdb_49803,O=CC1C=CCNC1=O,O=CC1C=CCNC1O,0.1233858364086586,-0.024030507,0.37600917,0.40003967,0.6071511,-0.030587306,-0.6377384
gdb_49818,O=CC1CC(=O)C(=O)N1,O=CC1CC(O)C(O)N1,-0.2981656740622043,-0.4607523,0.28599375,0.74674606,0.11510599,-0.2388792,-0.3539852
gdb_49823,N=C1OC(C=O)C11CN1,NC1OC(C=O)C12CN2,1.9555699952848613,1.6946433,1.9839957,0.28935242,2.2392225,1.4866298,-0.7525927
gdb_49848,N=C1NC(C=O)C2OC12,NC1NC(C=O)C2OC12,1.9284249952848995,1.8013327,1.9495642,0.1482315,2.1441827,1.7740269,-0.3701558
gdb_49850,N=C1OC(C=O)C2CN12,NC1OC(C=O)C2CN12,1.9334799952848696,1.7427542,1.9887869,0.24603271,1.7807487,0.4671716,-1.3135772
gdb_49862,O=CC1OC(=O)C2CC12,O=CC1OC(O)C2CC12,-1.9296610047151148,-1.877012,-1.6073587,0.26965332,-1.7536099,-1.5108378,0.2427721
gdb_49868,N=C1CC(C=O)C(=O)N1,NC1CC(C=O)C(O)N1,1.8077420811732736,1.7856925,2.1547644,0.36907196,1.5452154,1.0512307,-0.4939847
gdb_49869,N=C1CC(C=O)C(=O)O1,NC1CC(C=O)C(O)O1,-0.3060006740622043,-0.03959447,0.11513728,0.15473175,-0.096421055,-0.35145393,-0.25503287
gdb_49874,N=C1NC(=O)CC1C=O,NC1NC(O)CC1C=O,1.8069930811732888,1.7380393,2.1736624,0.43562317,1.6054783,1.0512307,-0.5542476
gdb_49878,N=C1OC(=O)CC1C=O,NC1OC(O)CC1C=O,-0.3071606740621746,-0.071920216,0.12234706,0.19426727,-0.06113423,-0.35145393,-0.2903197
gdb_49894,O=CC1NC(=O)CC=C1,O=CC1C=CCC(O)N1,0.1233848364086611,-0.1453684,0.35030192,0.49567032,0.29952434,-0.18027648,-0.47980082
gdb_49942,N=CN1CC1(C#C)C#C,C#CC1(C#C)CN1CN,1.2108689285889227,0.9639875,1.3555472,0.39155966,0.15388702,-0.7266134,-0.88050044
gdb_49943,N=CN1CC1(C#C)C#N,C#CC1(C#N)CN1CN,2.8667871733535435,2.5679762,2.953894,0.38591766,1.2833151,0.9018562,-0.38145888
gdb_49944,N=CN1CC1(C#N)C#N,N#CC1(C#N)CN1CN,4.526430418118196,4.1736355,4.553812,0.38017654,3.6817539,2.3498456,-1.3319082
gdb_49954,C#CC1(CN1C=O)C#C,C#CC1(C#C)CN1CO,-0.9263918266464088,-0.89553624,-0.49811727,0.39741898,-1.9391172,-1.8003327,0.13878453
gdb_49955,O=CN1CC1(C#C)C#N,C#CC1(C#N)CN1CO,0.7307534181181836,0.70856684,1.1001647,0.3915978,-0.49994943,-0.5732063,-0.07325688
gdb_49956,C1C(N1C=O)(C#N)C#N,N#CC1(C#N)CN1CO,2.392188662882802,2.3141959,2.7000067,0.38581085,1.7780031,0.8827251,-0.895278
gdb_49957,N=CN1CC1(C=O)C#C,C#CC1(C=O)CN1CN,1.5511610048811235,1.2590506,1.6647017,0.4056511,0.6514703,1.1181076,0.46663725
gdb_49958,N=CN1CC1(C=O)C#N,N#CC1(C=O)CN1CN,3.2082682496456982,2.8693526,3.2698195,0.40046692,2.4651859,1.5868425,-0.87834334
gdb_49965,O=CN1CC1(C=O)C#C,C#CC1(C=O)CN1CO,-0.5854667503542714,-0.6003435,-0.18904668,0.41129684,-1.7397584,-1.0958058,0.6439526
gdb_49966,O=CN1CC1(C=O)C#N,N#CC1(C=O)CN1CO,1.0733264944103098,1.0098975,1.4159796,0.40608215,-0.077570446,-0.2669217,-0.18935126
gdb_49967,N=CN1CC1(C=O)C=O,NCN1CC1(C=O)C=O,1.8946070811732625,1.5540183,1.9539931,0.39997482,0.8032986,0.09288097,-0.7104176
gdb_49971,C1C(N1C=O)(C=O)C=O,O=CC1(C=O)CN1CO,-0.2429476740621794,-0.3054102,0.10012263,0.40553284,-0.9872387,-1.677183,-0.6899443
gdb_50008,O=CC1CC11CN=CO1,O=CC1CC12CNCO2,0.2172017505202461,0.14206141,0.51808757,0.37602615,0.15547757,-0.08358864,-0.23906621
gdb_50014,N=C1OCC11CN1C=O,NC1OCC12CN2CO,1.9415019952849093,1.7697966,2.41556,0.6457634,1.8313258,0.93721527,-0.8941105
gdb_50015,N=C1OCC11NC1C=O,NC1OCC12NC2C=O,1.9546209952848697,1.8023474,2.0534346,0.2510872,2.1777782,1.5005997,-0.6771785
gdb_50054,O=CN1CC1C#CC#C,C#CC#CC1CN1CO,-0.9470828266464082,-0.9910868,-0.49699193,0.49409485,-1.502531,-0.84602994,0.6565011
gdb_50055,O=CN1CC1C#CC#N,N#CC#CC1CN1CO,0.7149634181182023,0.53698176,1.031111,0.49412924,0.24604435,-0.21099421,-0.45703858
gdb_50056,N=C(C#N)N1CC1C=O,N#CC(N)N1CC1C=O,3.2103572496457105,2.900225,3.160391,0.26016617,3.017016,1.6150571,-1.4019588
gdb_50059,O=CC1CN1C(=O)C#C,C#CC(O)N1CC1C=O,-0.5870537503543005,-0.66861516,-0.2962473,0.37236786,-1.0030966,-1.1497637,-0.14666712
gdb_50060,O=CC1CN1C(=O)C#N,N#CC(O)N1CC1C=O,1.072635494410349,0.93139094,1.3233168,0.39192587,0.6102633,-0.3181153,-0.9283786
gdb_50061,O=CC1NC1C(=O)C#C,C#CC(O)C1NC1C=O,-0.576161750354288,-0.6314333,-0.33081228,0.30062103,-0.8249413,-0.36463037,0.4603109
gdb_50062,O=CC1NC1C(=O)C#N,N#CC(O)C1NC1C=O,1.085516494410342,0.9618246,1.2935355,0.33171088,0.3047698,0.7462181,0.44144827
gdb_50065,O=CN1CC1C(=O)C#C,C#CC(O)C1CN1CO,-0.5907107503542761,-0.7192896,0.089868724,0.8091583,-1.1432848,-0.63848084,0.50480396
gdb_50066,O=CN1CC1C(=O)C#N,N#CC(O)C1CN1CO,1.0717994944103566,0.8733961,1.7135794,0.8401833,0.25381243,0.46697155,0.21315911
gdb_50067,N=C(C=O)N1CC1C=O,NC(CO)N1CC1C=O,1.8949300811732428,1.725344,2.220297,0.49495316,0.95491993,0.79112685,-0.16379309
gdb_50069,O=CC1CN1C(=O)C=O,O=CC1CN1C(O)CO,-0.2415516740621797,-0.34541875,0.43712062,0.78253937,-0.48849428,-0.5332425,-0.044748247
gdb_50070,O=CC1NC1C(=O)C=O,O=CC1NC1C(O)CO,-0.2288556740621743,-0.20760518,0.40611476,0.61371994,-1.2626489,-0.036162127,1.2264868
gdb_50072,O=CN1CC1C(=O)C=O,OCC(O)C1CN1CO,-0.2424486740621887,-0.30352193,0.8136732,1.1171951,-0.60875845,-0.40344673,0.20531172
gdb_50114,O=CN1CC1CCC#C,C#CCCC1CN1CO,0.1277786151650275,0.016168773,0.528639,0.51247025,-0.040543564,-0.2627352,-0.22219163
gdb_50115,O=CN1CC1CCC#N,N#CCCC1CN1CO,1.7804868599296242,1.5574515,2.0699408,0.5124893,1.1933109,1.6378319,0.44452107
gdb_50205,O=CN1CC2C1CC2=O,O=C1CC2C1CN2CO,0.2138177505202634,0.045705974,0.58691615,0.5412102,0.12166855,0.17221357,0.050545022
gdb_50301,N=C1C2OC2CN1C=O,NC1C2OC2CN1CO,1.9071039952848992,1.8683951,2.4155867,0.5471916,1.3450804,1.4980932,0.15301287
gdb_50322,O=CN1CC2NC2C=C1,OCN1CCC2NC2C1,2.330909505755642,2.3949912,3.034773,0.63978195,1.1669852,2.8630042,1.696019
gdb_50382,O=CN1CC2CCCC12,OCN1CC2CCCC21,0.9077421160395716,0.8949987,1.4222014,0.52720267,0.78397065,1.071763,0.28779238
gdb_50437,N=CN1CC=CCC1=O,NCN1CC=CCC1O,2.241666591644048,2.052416,2.8488028,0.7963867,1.8323679,1.1999084,-0.6324595
gdb_50443,C1C=CCN(C1=O)C=O,OCN1CC=CCC1O,0.1195048364086233,0.19996089,0.99109095,0.79113007,0.25483438,0.012740823,-0.24209356
gdb_50452,N=CN1CCC(=O)C1=O,NCN1CCC(O)C1O,1.8316130811732592,1.6048453,2.6760352,1.0711899,1.2684487,0.6189564,-0.6494923
gdb_50453,C1CN(C(=O)C1=O)C=O,OCN1CCC(O)C1O,-0.306582674062156,-0.24611837,0.8284475,1.0745659,-0.2215476,-0.45680517,-0.23525757
gdb_50475,O=CC1COC(=O)CO1,O=CC1COC(O)CO1,-2.090497574248957,-2.089895,-1.8053262,0.2845688,-2.17029,-2.124148,0.0461421
gdb_50561,O=CN1CCC2(CN2)C1,OCN1CCC2(CN2)C1,2.629627360804193,2.538401,3.011225,0.4728241,1.7650278,2.2286053,0.4635775
gdb_50571,O=CN1CCC2CC1C2,OCN1CCC2CC1C2,0.9130431160396028,0.85763377,1.3577902,0.50015646,0.71606886,0.7049869,-0.011081994
gdb_50627,O=CC1CCN=COC1,O=CC1CCNCOC1,0.4647526914571926,0.4853117,0.73639506,0.25108337,0.58582735,0.22741881,-0.35840854
gdb_50656,O=CC1COCC(=O)O1,O=CC1COCC(O)O1,-2.0907105742489875,-2.064924,-1.8025491,0.26237488,-2.1018631,-2.1101928,-0.00832963
gdb_50712,O=CC1CCCN=CO1,O=CC1CCCNCO1,0.4600346914571673,0.33097285,0.7132246,0.38225174,0.5918705,0.38228312,-0.20958737
gdb_50713,O=CC1CCOC=NC1,O=CC1CCOCNC1,0.4634116914571677,0.45792598,0.7606756,0.30274963,0.58582735,0.24383107,-0.34199628
gdb_50745,O=CC1OCCOC1=O,O=CC1OCCOC1O,-2.0889765742489885,-2.05525,-1.7911737,0.26407623,-1.9920648,-1.9953749,-0.0033100843
gdb_50752,O=CC1CCCOC=N1,O=CC1CCCOCN1,0.4580636914571983,0.43531626,0.79601115,0.3606949,0.5915012,0.35204497,-0.2394562
gdb_50759,C1COCC=CN1C=O,OCN1CCCOCC1,0.4513796914571912,0.5996954,1.1716483,0.5719529,0.07054904,0.79152757,0.7209785
gdb_50843,N=C(CC1CN1)NC=O,NC(CC1CN1)NCO,4.290358691457186,4.0664425,4.4845295,0.418087,3.3826838,1.9535953,-1.4290885
gdb_50844,N=C(CC1CN1)OC=O,NC(CC1CN1)OCO,2.1808179362217857,2.1880248,2.4806578,0.29263306,2.063677,0.74025756,-1.3234196
gdb_50848,C1CN1CC(=N)NC=O,NC(CN1CC1)NCO,4.293139691457213,4.2055454,4.5509777,0.34543228,2.5088983,1.7449049,-0.7639934
gdb_50849,N=C(CN1CC1)OC=O,NC(CN1CC1)OCO,2.1882939362217826,2.3329527,2.5498793,0.21692657,1.1012791,0.3397198,-0.76155937
gdb_50852,N=CNC(=O)CC1CN1,NCNC(O)CC1CN1,4.284233691457189,3.8358862,4.578562,0.74267554,3.3788786,1.9507856,-1.428093
gdb_50854,C1CN1CC(=O)NC=N,NCNC(O)CN1CC1,4.287985691457209,3.9751074,4.6439877,0.6688802,2.529626,1.7776971,-0.7519288
gdb_50858,N=COC(=O)CC1CN1,NCOC(O)CC1CN1,2.1735279362218307,2.0737402,2.5635931,0.4898529,1.9938177,0.7338615,-1.2599561
gdb_50860,N=COC(=O)CN1CC1,NCOC(O)CN1CC1,2.182101936221784,2.215975,2.631037,0.41506195,1.1192833,0.2966623,-0.822621
gdb_50869,O=CNC(=O)CC1CN1,OCNC(O)CC1CN1,2.1568069362218125,1.8871253,2.6370451,0.7499199,1.9910023,0.7821478,-1.2088544
gdb_50871,C1CN1CC(=O)NC=O,OCNC(O)CN1CC1,2.159878936221787,2.0262892,2.7023833,0.67609406,1.0221537,0.304274,-0.7178798
gdb_50906,N=COC(C#C)C1CN1,C#CC(OCN)C1CN1,1.8654268599296413,1.4972785,1.9410498,0.44377136,1.257819,0.7020345,-0.5557846
gdb_50909,N=COC(C#N)C1CN1,N#CC(OCN)C1CN1,3.5148971046942847,3.11191,3.5738928,0.46198273,3.5510402,2.5439851,-1.007055
gdb_50920,O=CNC(C#C)C1CN1,C#CC(NCO)C1CN1,1.833942859929664,1.3945792,2.038935,0.6443558,1.3008021,0.694559,-0.60624313
gdb_50923,O=CNC(C#N)C1CN1,N#CC(NCO)C1CN1,3.489061104694258,3.0244772,3.6755164,0.6510391,3.5119402,2.562742,-0.94919825
gdb_50926,O=COC(C#C)C1CN1,C#CC(OCO)C1CN1,-0.2769558953057185,-0.4400652,-0.05888921,0.381176,-0.22842579,-0.7100691,-0.48164332
gdb_50929,O=COC(C#N)C1CN1,N#CC(OCO)C1CN1,1.3805413494588947,1.1745322,1.5732405,0.39870834,1.9690056,1.0580367,-0.9109689
gdb_50932,N=COC(C=O)C1CN1,NCOC(C=O)C1CN1,2.2092259362217987,1.8748496,2.3322394,0.45738983,2.2575533,0.7763669,-1.4811864
gdb_50940,O=CNC(C=O)C1CN1,O=CC(NCO)C1CN1,2.174236936221803,1.7728827,2.4237845,0.6509018,2.1374707,0.67882085,-1.4586499
gdb_50943,O=COC(C=O)C1CN1,O=CC(OCO)C1CN1,0.0669651809864149,-0.06129247,0.33094233,0.3922348,0.24224177,-0.1634291,-0.40567088
gdb_51087,N=COC12CN(C1)CC2,NCOC12CCN(C1)C2,2.678921360804168,2.593901,2.8937705,0.29986954,2.323227,1.2486246,-1.0746024
gdb_51094,O=CNC12CN(C1)CC2,OCNC12CCN(C1)C2,2.648017360804204,2.393942,2.9279006,0.53395844,2.4748018,2.2872353,-0.18756652
gdb_51097,O=COC12CN(C1)CC2,OCOC12CCN(C1)C2,0.5359366055687929,0.65867823,0.9074957,0.24881744,0.48057246,0.84272313,0.36215067
gdb_51104,O=CCC12CC1C(=O)O2,O=CCC12CC1C(O)O2,-1.900137004715134,-1.7907693,-1.667917,0.122852325,-1.8682269,-1.4965866,0.37164032
gdb_51147,N=COC12CC1OC2=O,NCOC12CC1OC2O,-0.1714867599504828,-0.4168337,0.2290594,0.6458931,-0.02054381,-0.10328998,-0.08274616
gdb_51150,O=CCC12CC1OC2=O,O=CCC12CC1OC2O,-1.8969240047151172,-1.857168,-1.623182,0.2339859,-1.8368213,-1.4862018,0.35061955
gdb_51156,O=CNC12CC1OC2=O,OCNC12CC1OC2O,-0.2066497599504941,-0.51952153,0.29689997,0.8164215,-0.16167665,-0.11988242,0.041794226
gdb_51159,O=COC12CC1OC2=O,OCOC12CC1OC2O,-2.313191515185906,-2.332174,-1.762388,0.5697861,-2.1439145,-1.6805985,0.46331596
gdb_51198,N=COC12CC3C1NC23,NCOC12CC3C1NC32,2.490148419867296,2.2557204,2.6163008,0.36058044,2.3440857,2.5746968,0.23061109
gdb_51214,O=COC12CC3C1NC23,OCOC12CC3C1NC32,0.3478416646319147,0.34337062,0.6247961,0.28142548,0.20145343,0.45460057,0.25314713
gdb_51233,N=COC12CCC1OC2,NCOC12CCC1OC2,0.5636586055688326,0.389826,0.7317602,0.3419342,0.39442766,1.0955352,0.7011075
gdb_51241,O=CNC12CCC1OC2,OCNC12CCC1OC2,0.5330496055688059,0.22506922,0.787924,0.56285477,0.35038388,0.809844,0.45946014
gdb_51243,O=COC12CCC1OC2,OCOC12CCC1OC2,-1.5791171496665584,-1.5220354,-1.2543199,0.26771545,-1.5783123,-1.461348,0.11696422
gdb_51248,C1CC(=O)C=C1CC=O,O=CCC1CCC(O)C1,-1.5769944083559722,-1.7429368,-0.86849004,0.8744468,-1.5628743,-0.99610823,0.5667661
gdb_51249,C1C(=CC(=O)N1)CC=O,O=CCC1CNC(O)C1,0.1178168364086218,-0.03355962,0.6755125,0.7090721,-0.11481415,0.40218005,0.5169942
gdb_51250,C1CC(=O)C=C1NC=O,OCNC1CCC(O)C1,0.1017038364086602,0.22419566,1.0892622,0.8650666,-0.27065885,0.10352335,0.3741822
gdb_51251,C1C(=CC(=O)N1)NC=O,OCNC1CNC(O)C1,1.8012520811732884,1.9984496,2.6368124,0.6383629,1.6129811,0.98366743,-0.62931365
gdb_51271,N=C1CN=C(CC=O)N1,NC1CNC(CC=O)N1,3.959422836408635,3.992842,4.142889,0.15004706,3.1824944,2.2110481,-0.9714463
gdb_51272,N=C1CN=C(NC=O)N1,NC1CNC(NCO)N1,5.634321081173255,5.541624,6.1262493,0.58462524,5.867889,2.5259566,-3.3419323
gdb_51277,C1C(=O)OC(=N1)CC=O,O=CCC1NCC(O)O1,-0.3017536740621835,0.0916006,0.24212855,0.15052795,-0.3995667,-0.42529774,-0.025731027
gdb_51302,C1CC(=O)C(=C1)CC=O,O=CCC1CCCC1O,-1.5783854083559845,-1.6033685,-0.88526326,0.71810526,-1.5395416,-0.9910435,0.5484981
gdb_51303,C1C=C(C(=O)N1)CC=O,O=CCC1CCNC1O,0.1150538364086628,-0.014108479,0.685877,0.6999855,0.05471997,0.5773334,0.5226134
gdb_51305,C1CC(=O)C(=C1)NC=O,OCNC1CCCC1O,0.100242836408654,0.021234691,1.1056349,1.0844002,-0.15501276,0.09595608,0.25096884
gdb_51306,C1C=C(C(=O)N1)NC=O,OCNC1CCNC1O,1.793679081173252,1.575247,2.6724455,1.0971985,1.8881413,1.3058319,-0.58230937
gdb_51384,N=COC1C2OC(=O)C12,NCOC1C2OC(O)C12,-0.1710637599505275,-0.30062658,0.29549617,0.59612274,0.05765115,-0.11325217,-0.17090333
gdb_51389,O=CCC1C2OC(=O)C12,O=CCC1C2OC(O)C12,-1.8942190047151255,-1.8413942,-1.6336572,0.20773697,-1.7445446,-1.3791441,0.36540055
gdb_51393,O=CNC1C2OC(=O)C12,OCNC1C2OC(O)C12,-0.2073457599504991,-0.4424799,0.37816447,0.8206444,-0.103667505,-0.22553918,-0.12187167
gdb_51396,O=COC1C2OC(=O)C12,OCOC1C2OC(O)C12,-2.3134565151858624,-2.267969,-1.7008646,0.56710434,-2.1154945,-1.751675,0.36381948
gdb_51424,N=COC1C2CCC1O2,NCOC1C2CCC1O2,0.5447356055688033,0.42254847,0.83003825,0.40748978,0.56554776,0.9632227,0.39767492
gdb_51431,O=CNC1C2CCC1O2,OCNC1C2CCC1O2,0.5158256055688071,0.27825373,0.9103262,0.63207245,0.7316312,0.70073146,-0.030899763
gdb_51434,O=COC1C2CCC1O2,OCOC1C2CCC1O2,-1.5983831496665744,-1.5471933,-1.1662347,0.38095856,-1.4763333,-1.5461203,-0.069787025
gdb_51497,N=C1CN=CN1CC=O,NC1CNCN1CC=O,3.967753836408633,3.8594077,4.2243557,0.36494803,2.519551,1.478978,-1.040573
gdb_51498,N=C1NC=NC1CC=O,NC1NCNC1CC=O,3.964738836408628,3.7556937,4.1166706,0.36097693,3.493059,2.2801955,-1.2128634
gdb_51504,O=CCC1N=COC1=O,O=CCC1NCOC1O,-0.2921666740621731,-0.09221822,0.22597712,0.31819534,0.005347583,-0.34519663,-0.3505442
gdb_51513,N=COC1CC(=O)C=C1,NCOC1CCC(O)C1,0.1488828364086316,-0.13121969,1.0809157,1.2121353,-0.28109404,0.08884761,0.36994165
gdb_51515,O=CCC1CC(=O)C=C1,O=CCC1CCC(O)C1,-1.5693624083559712,-1.634855,-0.8684748,0.76638025,-1.6323814,-0.99610823,0.6362732
gdb_51516,O=CCC1NC(=O)C=C1,O=CCC1CCC(O)N1,0.1180088364086486,-0.023565114,0.7344839,0.758049,-0.18088184,0.56781083,0.7486927
gdb_51517,O=CNC1CC(=O)C=C1,OCNC1CCC(O)C1,0.1164988364086525,-0.2580927,1.0892851,1.3473778,-0.20510846,0.10352335,0.3086318
gdb_51518,O=COC1CC(=O)C=C1,OCOC1CCC(O)C1,-1.99458791882671,-2.0667589,-0.9148348,1.1519241,-1.9270868,-0.9873695,0.93971735
gdb_51562,N=COC1CC1N1CC1,NCOC1CC1N1CC1,2.705244360804216,2.458979,2.8724768,0.41349792,2.5424743,1.2478981,-1.2945762
gdb_51578,O=CNC1CC1N1CC1,OCNC1CC1N1CC1,2.66446236080418,2.3300192,2.9275763,0.59755707,2.6171174,2.0971155,-0.5200019
gdb_51581,O=COC1CC1N1CC1,OCOC1CC1N1CC1,0.5624986055688055,0.4924261,0.8764631,0.38403702,0.43478003,0.57099986,0.13621983
gdb_51627,N=COC1CC2CC1O2,NCOC1CC2CC1O2,0.5505526055687824,0.39090556,0.8131582,0.42225266,0.4721218,0.98094034,0.5088185
gdb_51628,N=COC1CN2CC1C2,NCOC1CN2CC1C2,2.681119360804189,2.4796507,2.887194,0.40754318,2.4430387,1.2734445,-1.1695942
gdb_51634,O=CNC1CC2CC1O2,OCNC1CC2CC1O2,0.5145026055687936,0.26468104,0.87258357,0.6079025,0.5606547,0.67638916,0.11573446
gdb_51635,O=CNC1CN2CC1C2,OCNC1CN2CC1C2,2.6511263608041986,2.3450415,2.9353583,0.5903168,2.6787853,2.4796145,-0.19917083
gdb_51637,O=COC1CC2CC1O2,OCOC1CC2CC1O2,-1.593526149666559,-1.5747659,-1.18276,0.39200592,-1.5195727,-1.5885202,-0.068947434
gdb_51638,O=COC1CN2CC1C2,OCOC1CN2CC1C2,0.5371406055688226,0.5129568,0.89132136,0.37836456,0.48477703,0.85498875,0.37021172
gdb_51660,N=COC1CC2COC12,NCOC1CC2COC21,0.5675596055688175,0.35729426,0.7822935,0.42499924,0.5700766,1.054465,0.48438847
gdb_51661,N=COC1CC2OCC12,NCOC1CC2OCC12,0.5652846055688201,0.36660212,0.78425807,0.41765594,0.5659825,1.0306544,0.4646719
gdb_51672,O=CNC1CC2COC12,OCNC1CC2COC21,0.5303886055688167,0.2343275,0.8423788,0.6080513,0.48724604,0.80899906,0.32175303
gdb_51673,O=CNC1CC2OCC12,OCNC1CC2OCC12,0.5339986055687973,0.23756999,0.84024256,0.6026726,0.47130963,0.8159173,0.34460768
gdb_51676,O=COC1CC2COC12,OCOC1CC2COC21,-1.5757721496665908,-1.6079881,-1.2136285,0.3943596,-1.5448415,-1.4249332,0.11990833
gdb_51677,O=COC1CC2OCC12,OCOC1CC2OCC12,-1.5784101496665812,-1.5999506,-1.211664,0.3882866,-1.5394077,-1.4243801,0.115027666
gdb_51679,N=COC1CC=CC1=O,NCOC1CCCC1O,0.1500368364086739,0.007883251,1.0482085,1.0403252,-0.0848388,0.17889594,0.26373473
gdb_51680,O=CCC1CC=CC1=O,O=CCC1CCCC1O,-1.5702364083559814,-1.5262697,-0.8852671,0.6410026,-1.6028209,-0.9910435,0.61177737
gdb_51681,C1C=CC(=O)N1CC=O,O=CCN1CCCC1O,0.1245108364086604,0.14838618,0.8889448,0.7405586,-0.25999337,0.44680226,0.70679563
gdb_51682,O=CNC1CC=CC1=O,OCNC1CCCC1O,0.1146178364086267,-0.11734182,1.1056235,1.2229652,-0.07966314,0.09595608,0.17561921
gdb_51683,O=COC1CC=CC1=O,OCOC1CCCC1O,-1.9932759188267253,-1.9274385,-0.94775945,0.97967905,-1.7836604,-0.9980412,0.7856192
gdb_51697,N=COC1CNC(=O)O1,NCOC1CNC(O)O1,1.7076314257510603,1.334101,2.1387122,0.8046112,1.4295064,0.34916416,-1.0803423
gdb_51709,O=CCC1CNC(=O)O1,O=CCC1CNC(O)O1,-0.0035158190135575,-0.056707203,0.21933192,0.27603912,-0.00092583644,-0.42149273,-0.4205669
gdb_51711,O=CCC1COC(=O)N1,O=CCC1COC(O)N1,-0.005722819013556,-0.1360758,0.1836111,0.3196869,0.03322158,-0.39716446,-0.43038604
gdb_51722,O=COC1CNC(=O)O1,OCOC1CNC(O)O1,-0.4339533294843249,-0.6014498,0.14240474,0.7438545,-0.18932232,-1.66884,-1.4795177
gdb_51847,C1COC(=O)N1CC=O,O=CCN1CCOC1O,0.0031141809864152,-0.08385259,0.4167425,0.5005951,-0.28459346,-1.0929084,-0.8083149
gdb_51897,C1C(=NCC=O)NC=N1,O=CCNC1CNCN1,3.9710458364086776,3.9333518,4.303072,0.36972022,2.346323,1.6600957,-0.6862273
gdb_51908,O=CNC=NCC1CN1,OCNCNCC1CN1,4.2984316914572105,3.9666426,4.621332,0.65468955,3.3201766,1.7403075,-1.5798692
gdb_51911,O=COC=NCC1CN1,OCOCNCC1CN1,2.1931929362218057,2.2359831,2.6400282,0.4040451,1.6276126,0.30225894,-1.3253536
gdb_51921,N=COCC#CC1CN1,NCOCC#CC1CN1,1.8588668599296625,1.6360419,1.9643004,0.3282585,1.7484977,0.605319,-1.1431787
gdb_51927,O=CNCC#CC1CN1,OCNCC#CC1CN1,1.8249258599296356,1.541506,2.0982726,0.5567665,1.8081142,0.53771853,-1.2703956
gdb_51930,O=COCC#CC1CN1,OCOCC#CC1CN1,-0.2843978953057444,-0.30293065,-0.043584645,0.259346,-0.06795446,-0.36522934,-0.2972749
gdb_51945,N=COCC(=O)C1CN1,NCOCC(=O)C1CN1,2.197506936221828,1.9765036,2.2963774,0.3198738,2.2360122,0.7888488,-1.4471633
gdb_51947,N=COCC(=O)N1CC1,NCOCC(O)N1CC1,2.190963936221806,1.9690688,2.7362807,0.7672119,1.5775756,0.2993742,-1.2782013
gdb_51951,C1CN1C(=O)CCC=O,O=CCCC(O)N1CC1,0.4659216914571971,0.2714445,0.7936155,0.522171,0.34833354,0.43233767,0.084004134
gdb_51953,O=CCNC(=O)C1CN1,O=CCNC(O)C1CN1,2.1643639362218323,2.0057776,2.3359168,0.33013916,2.1366663,0.7455482,-1.391118
gdb_51955,C1CN1C(=O)NCC=O,O=CCNC(O)N1CC1,2.1631189362217924,1.9395697,2.4567473,0.5171776,1.5249887,0.1881245,-1.3368641
gdb_51957,O=CCOC(=O)C1CN1,O=CCOC(O)C1CN1,0.0489751809864174,0.022115886,0.22699946,0.20488358,0.3226914,-0.31088218,-0.6335736
gdb_51959,C1CN1C(=O)OCC=O,O=CCOC(O)N1CC1,0.0479051809863904,-0.0919283,0.35926265,0.45119095,-0.47992885,-1.1320077,-0.65207887
gdb_51961,O=CNCC(=O)C1CN1,O=C(CNCO)C1CN1,2.158131936221821,1.8681242,2.3785956,0.51047134,2.1692376,0.7007715,-1.468466
gdb_51963,C1CN1C(=O)CNC=O,OCNCC(O)N1CC1,2.153070936221809,1.8447821,2.75762,0.912838,1.5528216,0.29589534,-1.2569263
gdb_51965,O=COCC(=O)C1CN1,O=C(COCO)C1CN1,0.0539501809864191,0.040048778,0.2779333,0.23788452,0.24927408,-0.27001137,-0.51928544
gdb_51967,C1CN1C(=O)COC=O,OCOCC(O)N1CC1,0.046337180986427,0.03235072,0.7207357,0.688385,-0.49311838,-1.1201751,-0.6270567
gdb_52046,N=COCC1(CN1)C#C,C#CC1(COCN)CN1,1.861404859929621,1.7219832,2.0164397,0.29445648,1.2708142,0.69486195,-0.57595223
gdb_52047,N=COCC1(CN1)C#N,N#CC1(COCN)CN1,3.5158511046942635,3.3221915,3.6152556,0.29306412,3.4466128,2.602219,-0.84439373
gdb_52062,O=CNCC1(CN1)C#C,C#CC1(CNCO)CN1,1.826660859929632,1.5936682,2.0986197,0.5049515,1.2733624,0.6741359,-0.5992265
gdb_52063,O=CNCC1(CN1)C#N,N#CC1(CNCO)CN1,3.4796211046942744,3.1919806,3.6975577,0.5055771,3.373372,2.4721737,-0.9011984
gdb_52068,O=COCC1(CN1)C#C,C#CC1(COCO)CN1,-0.2799868953057398,-0.2145899,-0.00051671267,0.21407318,-0.44553435,-0.8516161,-0.40608174
gdb_52069,O=COCC1(CN1)C#N,N#CC1(COCO)CN1,1.3756233494588628,1.3856299,1.5982993,0.21266937,1.4603665,1.0451944,-0.4151721
gdb_52073,N=COCC1(CN1)C=O,NCOCC1(C=O)CN1,2.200376936221801,2.0224326,2.3160346,0.293602,1.9853065,0.54455525,-1.4407513
gdb_52081,O=CNCC1(CN1)C=O,O=CC1(CNCO)CN1,2.163897936221815,1.8896048,2.3963416,0.50673676,2.0902627,0.5210675,-1.5691952
gdb_52084,O=COCC1(CN1)C=O,O=CC1(COCO)CN1,0.0587321809863965,0.085882366,0.29971904,0.21383667,0.101896554,-0.67429715,-0.77619374
gdb_52102,N=COCC12CC1CO2,NCOCC12CC1CO2,0.5740116055687849,0.45631617,0.74975413,0.29343796,0.41634205,0.88207537,0.46573332
gdb_52103,N=COCC12CC1OC2,NCOCC12COC1C2,0.5777676055687948,0.4984724,0.7851431,0.28667068,0.39764014,0.8032986,0.40565845
gdb_52116,O=CNCC12CC1CO2,OCNCC12CC1CO2,0.5398996055687917,0.329302,0.82373255,0.49443054,0.41098505,0.82568735,0.4147023
gdb_52117,O=CNCC12CC1OC2,OCNCC12COC1C2,0.5444656055688029,0.3633291,0.85394496,0.49061584,0.37766543,0.574137,0.19647154
gdb_52122,O=COCC12CC1CO2,OCOCC12CC1CO2,-1.5696571496665683,-1.4802682,-1.2670572,0.21321106,-1.5911734,-1.4558598,0.13531363
gdb_52123,O=COCC12CC1OC2,OCOCC12COC1C2,-1.566182149666588,-1.4381273,-1.2310083,0.20711899,-1.5789093,-1.545461,0.03344822
gdb_52156,N=COCC1C2COC12,NCOCC1C2COC12,0.5789166055687929,0.49175853,0.8149206,0.32316208,0.6593407,1.095901,0.43656033
gdb_52166,O=CNCC1C2COC12,OCNCC1C2COC12,0.5467666055687914,0.37174815,0.8390295,0.46728134,0.5862127,0.7586302,0.17241752
gdb_52168,O=COCC1C2COC12,OCOCC1C2COC12,-1.5648251496666037,-1.4612482,-1.1997583,0.26148987,-1.5508013,-1.3775959,0.17320538
gdb_52189,N=COCC1NC1C#C,C#CC1NC1COCN,1.8607068599296213,1.6872885,2.022013,0.33472443,1.2897187,0.74967134,-0.5400474
gdb_52190,N=COCC1NC1C#N,N#CC1NC1COCN,3.5154261046942565,3.3253958,3.6595862,0.33419037,3.5228996,2.5630586,-0.959841
gdb_52206,O=CNCC1NC1C#C,C#CC1NC1CNCO,1.8275328599296472,1.5757544,2.047148,0.4713936,1.3190463,0.74768126,-0.571365
gdb_52207,O=CNCC1NC1C#N,N#CC1NC1CNCO,3.481708104694235,3.2137778,3.6845114,0.47073364,3.5763261,2.5917425,-0.9845836
gdb_52212,O=COCC1NC1C#C,C#CC1NC1COCO,-0.2830468953057448,-0.26548177,0.007021129,0.2725029,-0.27407712,-0.6993573,-0.42528015
gdb_52213,O=COCC1NC1C#N,N#CC1NC1COCO,1.3722143494588863,1.3726294,1.6445639,0.2719345,1.958349,1.0482147,-0.9101343
gdb_52217,N=COCC1CN1C=O,NCOCC1CN1CO,2.1917729362218097,1.9606268,2.7996733,0.8390465,1.906501,0.4030378,-1.5034633
gdb_52218,N=COCC1NC1C=O,NCOCC1NC1C=O,2.2049199362218133,2.0788596,2.4104521,0.33159256,2.279916,0.7311427,-1.5487733
gdb_52221,O=CCCC1CN1C=O,O=CCCC1CN1CO,0.4741626914571952,0.33951777,0.8541853,0.5146675,0.39434218,0.37023264,-0.024109542
gdb_52227,O=CNCC1CN1C=O,OCNCC1CN1CO,2.161097936221779,1.8444464,2.821314,0.9768677,1.7795529,0.36802292,-1.41153
gdb_52228,O=CNCC1NC1C=O,O=CC1NC1CNCO,2.171890936221814,1.9647162,2.4353201,0.47060394,2.1842504,0.74140453,-1.4428458
gdb_52231,O=COCC1CN1C=O,OCOCC1CN1CO,0.0485691809864192,0.008451641,0.7848303,0.77637863,-0.37422314,-1.1585759,-0.7843528
gdb_52232,O=COCC1NC1C=O,O=CC1NC1COCO,0.0615741809864403,0.12605494,0.39546412,0.26940918,0.21714737,-0.21754508,-0.43469244
gdb_52237,N=COCC1OC2CC12,NCOCC1OC2CC12,0.5762956055688164,0.47369593,0.8124296,0.33873367,0.62960434,1.1611146,0.53151023
gdb_52254,O=CNCC1OC2CC12,OCNCC1OC2CC12,0.5418586055687911,0.3677351,0.83807963,0.47034454,0.64504427,0.8235552,0.1785109
gdb_52258,O=COCC1OC2CC12,OCOCC1OC2CC12,-1.5674211496665862,-1.4777467,-1.2027109,0.27503586,-1.5750409,-1.4436837,0.1313572
gdb_52278,N=COCC1OCC1=O,NCOCC1OCC1=O,0.0755761809864452,-0.11054021,0.22051448,0.3310547,0.05038037,-0.5056318,-0.55601215
gdb_52295,O=CNCC1OCC1=O,O=C1COC1CNCO,0.0415241809864141,-0.2225321,0.24883479,0.47136688,0.0041993093,-0.4283939,-0.4325932
gdb_52300,O=COCC1OCC1=O,O=C1COC1COCO,-2.067680574248982,-2.0601327,-1.7940805,0.26605225,-2.0514963,-2.0527918,-0.0012955666
gdb_52420,C1CN1CCCNC=O,OCNCCCN1CC1,2.8966283017411456,2.6820319,3.0955718,0.4135399,2.564027,1.4501848,-1.1138422
gdb_52424,C1CN1CCCOC=O,OCOCCCN1CC1,0.7852005465057346,0.8313238,1.1040633,0.27273947,0.56312436,0.81804675,0.2549224
gdb_52523,CC#CC(=O)C1(C)CN1,CC#CC(O)C1(C)CN1,0.1128306151650235,0.028589427,0.38931483,0.3607254,0.18988156,0.37085345,0.18097189
gdb_52528,CC#CC(=O)C1CN1C,CC#CC(O)C1CN1C,0.1281766151650458,0.12097758,0.34762782,0.22665024,-0.16082984,0.19678126,0.35761112
gdb_52529,CC#CC(=O)C1NC1C,CC#CC(O)C1NC1C,0.119686615165051,0.11383647,0.36386317,0.2500267,0.36373776,0.3812198,0.017482042
gdb_52531,CC#CC(=O)N1CC1C,CC#CC(O)N1CC1C,0.1079826151650422,0.05433482,0.38838404,0.33404922,-0.019271366,0.27680516,0.29607654
gdb_52555,CC#CC(=O)CC1CN1,CC#CC(O)CC1CN1,0.1253946151650211,-0.07130605,0.25530452,0.32661057,0.54119265,0.48398858,-0.057204068
gdb_52557,CC#CC(=O)CN1CC1,CC#CC(O)CN1CC1,0.1336216151650546,0.074480236,0.34437007,0.26988983,0.0839462,0.09779325,0.013847053
gdb_52806,CC#CC1(C)CN1C=O,CC#CC1(C)CN1CO,0.1102526151650522,0.10707682,0.55878276,0.45170593,0.061554138,0.27235422,0.21080008
gdb_52867,CC#CC1(CN1)C(N)=O,CC#CC1(C(N)O)CN1,1.802248859929648,1.695574,1.8229239,0.12734985,1.8429965,1.5926174,-0.2503791
gdb_52958,CC#CC12CC1C(=O)O2,CC#CC12CC1C(O)O2,-2.2572570810072534,-2.2334611,-2.0012338,0.23222733,-1.5093015,-1.5728431,-0.06354153
gdb_52989,CC#CC12CC1OC2=O,CC#CC12CC1OC2O,-2.2561700810072693,-2.236982,-1.9532449,0.28373718,-1.4392765,-1.535414,-0.09613752
gdb_53055,CC#CC1=CC(=O)CC1,CC#CC1CCC(O)C1,-1.941036484648123,-1.8193338,-1.2536218,0.565712,-2.9263813,-1.1888443,1.737537
gdb_53056,CC#CC1=CC(=O)NC1,CC#CC1CNC(O)C1,-0.2458992398834993,-0.107084095,0.31757563,0.42465973,-0.13796966,0.3353494,0.47331905
gdb_53071,CC#CC1=NCC(=N)N1,CC#CC1NCC(N)N1,3.6025767601165057,3.6048872,3.852835,0.2479477,1.1584563,2.2472138,1.0887575
gdb_53073,CC#CC1=NCC(=O)O1,CC#CC1NCC(O)O1,-0.6569527503542645,-0.28797704,-0.06248647,0.22549057,-1.1810639,0.10613326,1.2871971
gdb_53082,CC#CC1=CCCC1=O,CC#CC1CCCC1O,-1.9378544846481416,-1.8052499,-1.2530725,0.5521774,-3.3267713,-1.2083027,2.1184685
gdb_53083,CC#CC1=CCNC1=O,CC#CC1CCNC1O,-0.243731239883516,-0.22764379,0.32102412,0.5486679,-0.14277568,0.30478874,0.44756442
gdb_53106,CC#CC1C(C)N1C=O,CC#CC1C(C)N1CO,0.1132126151650254,0.044901073,0.5323469,0.48744583,0.1529878,0.2659518,0.11296402
gdb_53140,CC#CC1C2OC(=O)C12,CC#CC1C2OC(O)C12,-2.2509600810072925,-2.192663,-2.0117319,0.18093109,-1.8109149,-1.6018202,0.20909464
gdb_53202,CC#CC1N=CNC1=N,CC#CC1NCNC1N,3.616130760116505,3.487116,3.8254035,0.33828735,1.5673403,2.278202,0.7108618
gdb_53204,CC#CC1N=COC1=O,CC#CC1NCOC1O,-0.6435297503542756,-0.34983236,-0.068914235,0.28091812,0.116914496,0.2389929,0.122078404
gdb_53220,CC#CC1CC(=O)C=C1,CC#CC1CCC(O)C1,-1.9259384846481,-1.9411485,-1.2536371,0.68751144,-1.9852464,-1.1888443,0.7964021
gdb_53221,CC#CC1NC(=O)C=C1,CC#CC1CCC(O)N1,-0.2310352398835107,-0.3993624,0.3975317,0.7968941,-0.43330848,0.36735824,0.8006667
gdb_53274,CC#CC1CN1C(C)=O,CC#CC1CN1C(C)O,0.1078126151650167,0.11383265,0.34057063,0.22673798,-0.00498145,0.277898,0.28287947
gdb_53275,CC#CC1CN1C(N)=O,CC#CC1CN1C(N)O,1.8023738599296732,1.5858557,1.8375571,0.25170135,2.522867,0.9092856,-1.6135814
gdb_53277,CC#CC1NC1C(N)=O,CC#CC1NC1C(N)O,1.8027598599296653,1.6588881,1.850672,0.1917839,1.8739357,1.6106315,-0.26330423
gdb_53350,CC#CC1CC=CC1=O,CC#CC1CCCC1O,-1.9256114846481296,-1.8353746,-1.2530725,0.5823021,-2.0590053,-1.2083027,0.8507025
gdb_53362,CC#CC1CNC(=O)O1,CC#CC1CNC(O)O1,-0.3567028953057161,-0.45752126,-0.13513356,0.3223877,0.37049925,0.1127497,-0.25774956
gdb_53367,CC#CC1COC(=O)N1,CC#CC1COC(O)N1,-0.356403895305732,-0.44903737,-0.14551717,0.3035202,0.40566576,0.10354594,-0.30211982
gdb_53474,CC#CCC(=O)N1CC1,CC#CCC(O)N1CC1,0.1124706151650229,0.047182262,0.44130915,0.3941269,-0.1240527,0.10688586,0.23093855
gdb_53594,CC#CCC1CN1C=O,CC#CCC1CN1CO,0.1165496151650131,-0.0419901,0.4831831,0.5251732,0.069452904,-0.026711015,-0.09616392
gdb_53733,CC(=O)C#CC1(C)CN1,CC(O)C#CC1(C)CN1,0.1169406151650491,0.35991877,0.25015467,-0.1097641,-0.4367847,-0.041340407,0.3954443
gdb_53737,CC1(CN1)C#CC(N)=O,CC1(C#CC(N)O)CN1,1.8100508599296743,1.8489096,1.6819212,-0.16698837,1.19639,1.294784,0.09839392
gdb_53750,CC(=O)C#CCC1CN1,CC(O)C#CCC1CN1,0.1254686151650048,0.21497172,0.13556498,-0.07940674,0.34504902,0.33204514,-0.013003886
gdb_53752,CC(=O)C#CCN1CC1,CC(O)C#CCN1CC1,0.1329316151650346,0.42651576,0.34054774,-0.08596802,-0.059136547,0.012140892,0.07127744
gdb_53754,NC(=O)C#CCC1CN1,NC(O)C#CCC1CN1,1.814847859929671,1.6982901,1.561743,-0.13654709,1.8531152,1.7761546,-0.07696056
gdb_53756,C1CN1CC#CC(=O)N,NC(O)C#CCN1CC1,1.822511859929648,1.9087317,1.7667296,-0.1420021,1.534831,0.7194677,-0.81536335
gdb_53795,CC(=O)C(=O)C1(C)CN1,CC(O)C(O)C1(C)CN1,0.4638446914572114,0.504183,0.94241923,0.43823624,-0.07908823,0.4089445,0.48803273
gdb_53800,CC1(CN1)C(=O)C(N)=N,CC1(C(O)C(N)N)CN1,4.305603691457179,4.0515766,4.4136677,0.36209106,3.6574304,2.333158,-1.3242724
gdb_53801,CC1(CN1)C(=O)C(N)=O,CC1(C(O)C(N)O)CN1,2.1561049362218228,1.9361022,2.4201071,0.48400497,1.9349202,0.88822263,-1.0466976
gdb_53826,CC(=O)C(=O)CC1CN1,CC(O)C(O)CC1CN1,0.4703156914571877,0.42812937,0.91402644,0.48589706,-0.071362525,0.52921695,0.6005795
gdb_53828,CC(=O)C(=O)CN1CC1,CC(O)C(O)CN1CC1,0.4823416914571794,0.57063884,0.98644465,0.41580582,-0.11227854,0.50685114,0.61912966
gdb_53832,NC(=N)C(=O)CC1CN1,NC(N)C(O)CC1CN1,4.304556691457208,3.9807837,4.393873,0.4130895,3.7065616,2.4942555,-1.212306
gdb_53834,C1CN1CC(=O)C(=N)N,NC(N)C(O)CN1CC1,4.309122691457162,4.123247,4.4662876,0.34304047,2.640148,1.8892462,-0.7509017
gdb_53840,NC(=O)C(=O)CC1CN1,NC(O)C(O)CC1CN1,2.1529649362217924,1.8570616,2.4000418,0.5429802,1.9988625,1.0394397,-0.9594228
gdb_53842,C1CN1CC(=O)C(=O)N,NC(O)C(O)CN1CC1,2.1635759362218323,1.9994872,2.4724028,0.47291565,1.2736549,0.42727754,-0.8463774
gdb_53909,NC(=O)C(C#C)C1CN1,C#CC(C(N)O)C1CN1,1.8185098599296337,1.603945,1.7559569,0.15201187,1.4960314,1.2735,-0.22253144
gdb_53911,NC(=O)C(C#C)N1CC1,C#CC(C(N)O)N1CC1,1.828215859929628,1.7136214,1.8550589,0.14143753,1.1514874,0.27842852,-0.8730588
gdb_53913,NC(=O)C(C#N)C1CN1,N#CC(C(N)O)C1CN1,3.4758111046942872,3.2422888,3.3946707,0.1523819,3.3810413,3.597973,0.21693182
gdb_53914,NC(=O)C(C#N)N1CC1,N#CC(C(N)O)N1CC1,3.482251104694285,3.350714,3.493563,0.14284897,2.333525,1.9510931,-0.38243186
gdb_53953,CC(C)(C1CN1)C(N)=O,CC(C)(C(N)O)C1CN1,2.8816393017411883,2.7117789,2.847254,0.13547516,2.0118878,1.1582822,-0.8536056
gdb_53956,CC(C)(C(=O)N)N1CC1,CC(C)(C(N)O)N1CC1,2.8803663017411623,2.7325118,2.8598654,0.12735367,2.31936,0.9246311,-1.3947289
gdb_53958,CC([NH3+])(C1CN1)C([O-])=O,CC([NH3+])(C([O-])O)C1CN1,2.468688791270324,2.3189719,1.5557578,-0.7632141,2.5500631,1.0668828,-1.4831803
gdb_53961,CC(O)(C1CN1)C(N)=O,CC(O)(C(N)O)C1CN1,2.466048791270339,2.222895,2.3315337,0.10863876,2.0374281,0.8892538,-1.1481743
gdb_54035,NC(=O)C(C=O)C1CN1,NC(O)C(C=O)C1CN1,2.1644859362218085,1.9662192,2.177149,0.21092987,2.2207742,1.1922153,-1.0285589
gdb_54037,NC(=O)C(C=O)N1CC1,NC(O)C(C=O)N1CC1,2.168853936221808,2.047747,2.2392943,0.1915474,1.5397666,0.65218073,-0.8875858
gdb_54120,CC1(C2COC12)C(N)=O,CC1(C(N)O)C2COC21,0.5292576055688301,0.43289012,0.57544917,0.14255905,0.5331805,0.6920958,0.15891534
gdb_54122,NC(=O)C1(O)C2COC12,NC(O)C1(O)C2COC21,0.130062095098026,0.007150829,0.09441966,0.08726883,0.12811753,0.22103195,0.09291442
gdb_54125,[NH3+]C1(C2COC12)C([O-])=O,[NH3+]C1(C([O-])O)C2COC21,0.1168700950980223,0.0483343,-0.7025965,-0.7509308,0.6148955,0.4183745,-0.19652101
gdb_54147,CC1(C)NC1(C)C(N)=O,CC1(C)NC1(C)C(N)O,2.8675973017411707,2.855158,2.9825613,0.12740326,2.3287618,1.2653698,-1.063392
gdb_54165,CC1(NC1C#C)C(N)=O,C#CC1NC1(C)C(N)O,1.806171859929634,1.7162955,1.8652747,0.14897919,1.4560888,1.0286696,-0.4274192
gdb_54166,CC1(NC1C#N)C(N)=O,CC1(C(N)O)NC1C#N,3.4599581046942376,3.3499396,3.4985297,0.14859009,2.9026434,3.7729073,0.8702638
gdb_54174,CC(=O)C1(C)CN1C=O,CC(=O)C1(C)CN1CO,0.4550526914571833,0.47713298,0.92708033,0.44994736,0.12891348,0.42679626,0.2978828
gdb_54179,CC1(CN1C=[NH2+])C([O-])=O,CC1(C([O-])O)CN1C[NH2+],2.151814936221797,2.3280966,1.3844321,-0.94366455,1.9098608,-0.39307284,-2.3029337
gdb_54180,CC1(CN1C=O)C(N)=O,CC1(C(N)O)CN1CO,2.140374936221804,2.0458853,2.6039298,0.55804443,1.880889,0.5243597,-1.3565294
gdb_54181,CC1(NC1C=O)C(N)=O,CC1(C(N)O)NC1C=O,2.15056093622178,2.083296,2.2308905,0.14759445,2.0439298,0.48179242,-1.5621374
gdb_54199,CC1(OC2CC12)C(N)=O,CC1(C(N)O)OC2CC21,0.5217096055687875,0.41796702,0.5456869,0.12771988,0.4688578,0.6584823,0.18962452
gdb_54234,CC1(OCC1=O)C(N)=O,CC1(C(N)O)OCC1=O,0.0215001809864361,-0.13143331,-0.0022028089,0.1292305,0.23708226,-0.8454765,-1.0825588
gdb_54284,NC(=O)C1(CC#C)CN1,C#CCC1(C(N)O)CN1,1.811394859929635,1.6385901,1.7931464,0.15455627,1.478817,1.2653302,-0.21348679
gdb_54287,NC(=O)C1(CC#N)CN1,N#CCC1(C(N)O)CN1,3.46450510469424,3.18701,3.3417876,0.15477753,3.476682,3.5755253,0.098843336
gdb_54292,CC(=O)C1(CN1)C(N)=O,CC(=O)C1(C(N)O)CN1,2.1385889362218222,2.0685523,2.185755,0.11720276,2.1160495,0.63021296,-1.4858365
gdb_54296,NC(=[NH2+])C1(CN1)C([O-])=O,NC([NH2+])C1(C([O-])O)CN1,3.8668141809864096,3.974501,3.2732642,-0.7012367,3.8561714,1.5938306,-2.2623408
gdb_54300,C1C(N1)(C(=O)N)C(=O)N,NC(O)C1(C(N)O)CN1,3.8187531809863913,3.6600363,3.8869345,0.2268982,3.8412979,1.5253928,-2.315905
gdb_54315,C1CC1(C(=O)N)N2CC2,NC(O)C1(N2CC2)CC1,2.648077360804166,2.5165617,2.6579764,0.14141464,2.195675,1.5892981,-0.60637677
gdb_54333,NC(=O)C1(CC=O)CN1,NC(O)C1(CC=O)CN1,2.1540569362218207,1.9926779,2.141085,0.14840698,2.1932576,1.0033665,-1.1898911
gdb_54379,[O-]C(=O)C12C3CC1[NH2+]C23,[O-]C(O)C12C3CC1C2[NH2+]3,0.3036616646318748,0.5202047,-0.138048,-0.6582527,0.79006875,0.8657515,0.07568276
gdb_54408,NC(=O)C12CC(CC1)O2,NC(O)C12CCC(C1)O2,0.4995806055687808,0.4794981,0.6262037,0.14670563,0.65220344,0.9388717,0.28666824
gdb_54409,[O-]C(=O)C12CC(C1)C[NH2+]2,[O-]C(O)C12CC(C[NH2+]1)C2,0.5388076055688202,0.696047,-0.02612096,-0.72216797,0.88282377,1.110145,0.22732121
gdb_54410,[O-]C(=O)C12CC(C1)[NH2+]C2,[O-]C(O)C12C[NH2+]C(C1)C2,0.5658876055688324,0.717127,0.012315929,-0.7048111,0.8117213,1.1111115,0.2993902
gdb_54423,CC12CC1(CO2)C(N)=O,CC12CC1(C(N)O)CO2,0.5180736055688158,0.4193632,0.57173365,0.15237045,0.7446408,0.7403504,-0.004290402
gdb_54425,CC12CC1(OC2)C(N)=O,CC12COC1(C(N)O)C2,0.5165466055688057,0.4348852,0.55143946,0.11655426,0.7446408,0.7413169,-0.0033239126
gdb_54430,NC(=O)C12CC1(O)CO2,NC(O)C12CC1(O)CO2,0.1159590950980486,-0.040910542,0.07213801,0.11304855,0.31603682,-0.05343893,-0.36947575
gdb_54433,[NH3+]C12CC1(OC2)C([O-])=O,[NH3+]C12COC1(C([O-])O)C2,0.064263095098056,-0.028070271,-0.7307413,-0.70267105,0.89446086,0.08946143,-0.8049994
gdb_54439,CC(=O)C12CC1C(=O)O2,CC(=O)C12CC1C(O)O2,-1.9151370047151204,-1.844713,-1.647043,0.19766998,-1.388309,-1.5026644,-0.114355445
gdb_54446,NC(=O)C12CC1C(=O)O2,NC(O)C12CC1C(O)O2,-0.2285977599505031,-0.25213414,0.053835094,0.30596924,0.5304078,0.17076083,-0.35964698
gdb_54469,NC(=O)C12NC1C1NC21,NC(O)C12NC1C1NC12,4.167206664631863,4.090517,4.2288,0.13828278,4.339772,3.2280872,-1.111685
gdb_54487,[O-]C(=O)C12CN1C=[NH+]C2,[O-]C(O)C12C[NH+]CN1C2,1.955511995284894,2.085787,1.6775839,-0.40820312,1.8971252,-0.21131018,-2.1084354
gdb_54491,CC(=O)C12CC1OC2=O,CC(=O)C12CC1OC2O,-1.9145640047150887,-1.8314874,-1.5547235,0.27676392,-1.465425,-1.5023739,-0.03694892
gdb_54498,NC(=O)C12CC1OC2=O,NC(O)C12CC1OC2O,-0.2288047599504921,-0.26938802,0.14139003,0.41077805,1.0619693,0.19821163,-0.86375767
gdb_54539,[O-]C(=O)C12C[NH2+]CC1N2,[O-]C(O)C12C[NH2+]CC1N2,2.2250888503334068,2.4173071,1.705744,-0.7115631,2.558854,2.128919,-0.42993522
gdb_54549,[O-]C(=O)C12CC3C([NH2+]1)C23,[O-]C(O)C12CC3C([NH2+]1)C32,0.2991486646319004,0.56438655,-0.1266802,-0.69106674,0.7396268,0.8293031,0.08967626
gdb_54563,NC(=O)C12NC3C1NC23,NC(O)C12NC3C1NC32,4.1752656646318655,4.0887165,4.2248707,0.13615417,3.985189,2.9243474,-1.0608416
gdb_54582,[O-]C(=O)C12CC3[NH2+]C1C23,[O-]C(O)C12CC3[NH2+]C1C32,0.3618926646319096,0.5090963,-0.16007406,-0.6691704,0.3486083,0.82282346,0.47421518
gdb_54583,[O-]C(=O)C12[NH2+]C3CC1C23,[O-]C(O)C12[NH2+]C3CC1C32,0.2977886646318666,0.55719584,-0.12829,-0.68548584,0.40398127,0.86019725,0.45621598
gdb_54593,NC(=O)C12CCC1CO2,NC(O)C12CCC1CO2,0.5140916055688081,0.4437887,0.5627882,0.11899948,0.5213505,0.89418983,0.37283933
gdb_54594,NC(=O)C12CCC1OC2,NC(O)C12CCC1OC2,0.5223016055688277,0.4576437,0.60970896,0.15206528,0.50562245,0.7998781,0.29425567
gdb_54617,CC(=O)C1=CC(=O)CC1,CC(O)C1CCC(O)C1,-1.587062408355962,-1.5355585,-0.618017,0.91754144,-1.6387128,-0.6401552,0.99855757
gdb_54622,C1CC(=O)C=C1C(=O)N,NC(O)C1CCC(O)C1,0.1003598364086428,-0.070222676,0.88581294,0.9560356,0.24701038,0.25597754,0.008967161
gdb_54623,C1C(=CC(=O)N1)C(=O)N,NC(O)C1CNC(O)C1,1.795451081173269,1.6382697,2.4389746,0.80070496,1.7350591,1.2329799,-0.50207925
gdb_54646,CC(=O)C1=NCC(=N)N1,CC(O)C1NCC(N)N1,3.94397983640863,3.998831,4.3899136,0.39108253,2.5904682,2.465864,-0.124604225
gdb_54648,CC(=O)C1=NCC(=O)O1,CC(O)C1NCC(O)O1,-0.3081016740621862,0.13591212,0.46158046,0.32566833,0.14500381,-0.07285351,-0.21785733
gdb_54649,C1C(=O)OC(=N1)C(=N)N,NC(N)C1NCC(O)O1,3.5170973259378115,3.700678,3.9410117,0.24033356,3.0717993,1.5302022,-1.5415971
gdb_54653,NC(=O)C1=NCC(=N)N1,NC1CNC(C(N)O)N1,5.628927081173288,5.4172573,5.879854,0.4625969,4.572211,2.4661484,-2.1060624
gdb_54655,C1C(=O)OC(=N1)C(=O)N,NC(O)C1NCC(O)O1,1.3783555707024109,1.5635092,1.9465888,0.38307953,1.1110206,0.7984245,-0.31259608
gdb_54669,CC(=O)C1=CCCC1=O,CC(O)C1CCCC1O,-1.5909954083559796,-1.7274377,-0.62734014,1.1000977,-1.735898,-0.6400519,1.0958462
gdb_54670,CC(=O)C1=CCNC1=O,CC(O)C1CCNC1O,0.1024878364086703,-0.15641576,0.9398672,1.096283,0.15961291,0.87364864,0.71403575
gdb_54674,C1CC(=O)C(=C1)C(=O)N,NC(O)C1CCCC1O,0.0906318364086473,-0.29970342,0.8659231,1.1656265,-0.007983826,0.3806507,0.38863453
gdb_54675,C1C=C(C(=O)N1)C(=O)N,NC(O)C1CCNC1O,1.7836930811732827,1.2685149,2.4341376,1.1656227,1.5588993,1.3093704,-0.24952888
gdb_54707,[O-]C(=O)C1C2C3[NH2+]C1C23,[O-]C(O)C1C2[NH2+]C3C2C31,0.3042506646318657,0.43677348,-0.19727498,-0.63404846,0.91967314,1.2156771,0.296004
gdb_54712,CC(=O)N1C2C3CC2C13,CC(O)N1C2C3CC2C31,0.7487041751026595,0.7315008,0.98124903,0.24974823,0.5799241,0.46638113,-0.113542974
gdb_54713,CC(=O)N1C2C3NC2C13,CC(O)N1C2C3NC2C31,2.476919419867272,2.4238303,2.6735709,0.2497406,2.5199466,2.905291,0.3853445
gdb_54719,NC(=O)N1C2C3CC2C13,NC(O)N1C2C3CC2C31,2.443704419867288,2.2099364,2.4761298,0.2661934,2.4128482,1.7891663,-0.6236819
gdb_54720,NC(=O)N1C2C3NC2C13,NC(O)N1C2C3NC2C31,4.171754664631862,3.9021971,4.1684704,0.26627326,3.4908407,2.1057577,-1.385083
gdb_54729,CC(=O)N1C2C3NC3C12,CC(O)N1C2C3NC3C21,2.464062419867276,2.4253218,2.6721594,0.24683762,1.9780158,2.6536098,0.675594
gdb_54737,NC(=O)N1C2C3NC3C12,NC(O)N1C2C3NC3C21,4.166637664631878,3.903746,4.167059,0.26331306,3.701372,1.9299213,-1.7714506
gdb_54744,CC(=O)C1C2OC(=O)C12,CC(=O)C1C2OC(O)C21,-1.9056090047151315,-1.8140924,-1.6227243,0.1913681,-1.5973092,-1.4784495,0.11885977
gdb_54751,NC(=O)C1C2OC(=O)C12,NC(O)C1C2OC(O)C21,-0.2188767599504899,-0.28922063,0.109125316,0.39834595,0.78948224,0.16068889,-0.62879336
gdb_54792,NC(=O)C1C2CCC1O2,NC(O)C1C2CCC1O2,0.5075146055688151,0.43292826,0.64092845,0.20800018,0.71370214,0.9772636,0.2635615
gdb_54794,[O-]C(=O)C1C2CC1[NH2+]C2,[O-]C(O)C1C2C[NH2+]C1C2,0.5695756055687866,0.56015986,-0.08624822,-0.6464081,1.0097324,1.4432714,0.43353903
gdb_54822,[O-]C(=O)C1C2C[NH+]=CN12,[O-]C(O)C1C2C[NH+]CN21,1.904805995284903,1.81621,1.591593,-0.224617,1.9277936,-0.23476292,-2.1625566
gdb_54835,CC12COC1C2C(N)=O,CC12COC1C2C(N)O,0.5256116055688267,0.43087214,0.59643,0.16555786,0.4857273,0.6722409,0.1865136
gdb_54837,CC12OCC1C2C(N)=O,CC12OCC1C2C(N)O,0.5257586055687966,0.36049098,0.5356161,0.17512512,0.5251859,0.66783184,0.14264596
gdb_54839,NC(=O)C1C2OCC12O,NC(O)C1C2OCC21O,0.1236100950980585,-0.05258733,0.114938915,0.16752625,0.1420142,0.20605229,0.06403808
gdb_54842,[NH3+]C12COC1C2C([O-])=O,[NH3+]C12COC1C2C([O-])O,0.1334880950980164,-0.023282826,-0.69202596,-0.66874313,0.61955464,0.3888935,-0.23066112
gdb_54874,[O-]C(=O)C1[NH+]=CN2CC12,[O-]C(O)C1[NH+]CN2CC12,1.852277995284908,1.9430487,1.6617186,-0.2813301,1.5544887,-0.29732937,-1.8518181
gdb_54876,CC(=N)N1C=NCC1=N,CC(N)N1CNCC1N,6.078999591644049,5.7752666,6.321478,0.54621124,4.09353,2.9966059,-1.0969243
gdb_54883,CC(=O)N1C=NCC1=N,CC(O)N1CNCC1N,3.947619836408649,3.690966,4.397852,0.70688605,2.8558824,2.1375697,-0.71831274
gdb_54889,NC(=O)C1N=CNC1=N,NC(O)C1NCNC1N,5.641979081173247,5.2938137,5.8821507,0.58833694,4.489578,2.365983,-2.1235948
gdb_54891,NC(=O)C1N=COC1=O,NC(O)C1NCOC1O,1.3849095707024617,1.443785,1.9923117,0.54852676,1.2648411,1.0722924,-0.19254863
gdb_54894,NC(=O)N1C=NCC1=N,NC(O)N1CNCC1N,5.64312608117325,5.1533337,5.8945293,0.7411957,5.0637393,2.2205174,-2.843222
gdb_54897,CC(=O)C1CC(=O)C=C1,CC(=O)C1CCC(O)C1,-1.582614408355937,-1.6491296,-0.85769063,0.791439,-1.6604275,-0.9726353,0.6877921
gdb_54901,NC(=O)C1CC(=O)C=C1,NC(O)C1CCC(O)C1,0.1052838364086596,-0.08040792,0.8858015,0.9662094,0.55378896,0.25597754,-0.29781142
gdb_54902,NC(=O)C1NC(=O)C=C1,NC(O)C1CCC(O)N1,1.7995930811732703,1.488085,2.4935172,1.0054321,1.6639284,1.2214799,-0.4424485
gdb_54952,CC(=O)N1CC1(C)C#C,C#CC1(C)CN1C(C)O,0.1137126151650136,0.21729487,0.3936636,0.17636871,-0.1799577,0.04084804,0.22080573
gdb_54953,CC(=O)N1CC1(C)C#N,CC(O)N1CC1(C)C#N,1.76850685992963,1.8133299,1.9925215,0.17919159,1.1096631,1.6882666,0.5786035
gdb_54956,CC1(CN1C(N)=O)C#C,C#CC1(C)CN1C(N)O,1.808144859929655,1.6983817,1.8796294,0.18124771,1.6854641,0.35044345,-1.3350207
gdb_54957,CC1(CN1C(N)=O)C#N,CC1(C#N)CN1C(N)O,3.462150104694274,3.294367,3.4784606,0.18409348,2.4838667,2.5131693,0.029302597
gdb_54958,CC1(NC1C(N)=O)C#C,C#CC1(C)NC1C(N)O,1.8125318599296636,1.7092078,1.8721869,0.16297913,1.5865805,1.0699124,-0.5166681
gdb_54959,CC1(NC1C(N)=O)C#N,CC1(C#N)NC1C(N)O,3.4662721046942693,3.3115866,3.4752257,0.16363907,2.9819548,3.7875934,0.80563855
gdb_54970,CC(=O)N1CC1(C)C=O,CC(O)N1CC1(C)C=O,0.4545276914572014,0.53166026,0.7398855,0.20822525,0.13750425,0.3773922,0.23988795
gdb_54972,CC1(CN1C(N)=O)C=O,CC1(C=O)CN1C(N)O,2.148403936221825,2.0123923,2.2258093,0.21341705,1.9328239,0.4232759,-1.509548
gdb_54973,CC1(NC1C(N)=O)C=O,CC1(C=O)NC1C(N)O,2.15235793622179,2.0416815,2.1999915,0.15830994,2.0503058,0.48546872,-1.5648371
gdb_54998,CC(=[NH2+])N1CC1C([O-])=O,CC([NH2+])N1CC1C([O-])O,2.152013936221806,2.2036307,1.7172759,-0.48635483,2.150007,-0.3105725,-2.4605794
gdb_55001,CC(=O)C1CN1C(C)=O,CC(=O)C1CN1C(C)O,0.4479706914572148,0.45339411,0.711878,0.2584839,0.19606945,0.47345152,0.27738208
gdb_55002,CC(=O)C1CN1C(N)=O,CC(=O)C1CN1C(N)O,2.142753936221822,1.9247344,2.209078,0.28434372,2.1308239,0.55747354,-1.5733503
gdb_55004,CC(=O)C1NC1C(N)=O,CC(=O)C1NC1C(N)O,2.151357936221814,2.0231917,2.213404,0.19021225,2.065219,0.5962915,-1.4689274
gdb_55007,CC(=O)N1CC1C(N)=O,CC(O)N1CC1C(N)O,2.135867936221814,1.9988654,2.435465,0.43659973,2.1215787,0.53299487,-1.5885838
gdb_55009,NC(=[NH2+])C1NC1C([O-])=O,NC([NH2+])C1NC1C([O-])O,3.8639101809864087,3.9644263,3.297541,-0.6668854,3.706636,1.4905479,-2.216088
gdb_55011,NC(=[NH2+])N1CC1C([O-])=O,NC([NH2+])N1CC1C([O-])O,3.861028180986409,3.7749846,3.3228972,-0.4520874,3.6820433,-0.06521037,-3.7472537
gdb_55013,NC(=O)C1CN1C(N)=O,NC(O)C1CN1C(N)O,3.829720180986442,3.470217,3.9327033,0.46248627,3.5049763,1.239195,-2.2657814
gdb_55014,NC(=O)C1NC1C(N)=O,NC(O)C1NC1C(N)O,3.834390180986418,3.5594542,3.9328253,0.37337112,3.706636,1.4732903,-2.2333455
gdb_55031,NC(=O)C1CC1N1CC1,NC(O)C1CC1N1CC1,2.649173360804184,2.4652731,2.6873076,0.22203445,2.1972015,1.6028775,-0.594324
gdb_55032,NC(=O)C1CN1C1CC1,NC(O)C1CN1C1CC1,2.6511433608042125,2.4988806,2.6991675,0.20028687,2.2901046,1.6238381,-0.66626656
gdb_55051,CC(=O)N1CC1CC#C,C#CCC1CN1C(C)O,0.1166506151650423,0.019128978,0.29307002,0.27394104,-0.13871168,0.006384074,0.14509575
gdb_55052,CC(=O)N1CC1CC#N,CC(O)N1CC1CC#N,1.7719198599296533,1.5738318,1.8487227,0.2748909,1.5953876,1.7819997,0.18661213
gdb_55055,NC(=O)C1CN1CC#C,C#CCN1CC1C(N)O,1.8260988599296295,1.7135794,1.918894,0.20531464,1.3216995,0.28156856,-1.040131
gdb_55056,NC(=O)C1CN1CC#N,N#CCN1CC1C(N)O,3.477971104694234,3.2687476,3.4741614,0.20541382,2.4156566,1.9744246,-0.44123197
gdb_55057,NC(=O)C1NC1CC#C,C#CCC1NC1C(N)O,1.8181588599296676,1.6148779,1.7961829,0.18130493,1.544398,1.2427876,-0.30161035
gdb_55058,NC(=O)C1NC1CC#N,N#CCC1NC1C(N)O,3.468648104694239,3.1676123,3.3490164,0.18140411,3.434039,3.574015,0.13997579
gdb_55061,NC(=O)N1CC1CC#C,C#CCC1CN1C(N)O,1.8137558599296424,1.4881117,1.790087,0.30197525,2.2669055,0.28619114,-1.9807144
gdb_55062,NC(=O)N1CC1CC#N,N#CCC1CN1C(N)O,3.4615041046942565,3.0427725,3.3457587,0.30298615,3.1991768,1.9433262,-1.2558506
gdb_55070,CC(=O)N1CC1CC=O,CC(O)N1CC1CC=O,0.4616556914571674,0.38810176,0.667124,0.27902222,0.20637095,0.531443,0.32507205
gdb_55075,NC(=O)C1CN1CC=O,NC(O)C1CN1CC=O,2.169348936221809,2.062113,2.2592947,0.1971817,1.6163512,0.60547477,-1.0108764
gdb_55076,NC(=O)C1NC1CC=O,NC(O)C1NC1CC=O,2.162453936221823,1.9815772,2.1653388,0.1837616,2.2431614,1.152725,-1.0904365
gdb_55078,NC(=O)N1CC1CC=O,NC(O)N1CC1CC=O,2.1552969362218164,1.8570464,2.1641371,0.30709076,1.96515,0.6727529,-1.292397
gdb_55092,CC12CC1C(O2)C(N)=O,CC12CC1C(C(N)O)O2,0.5182766055688148,0.3647787,0.5487043,0.18392563,0.5072811,0.6640833,0.15680218
gdb_55102,CC(=O)N1CC2(C1)CC2,CC(O)N1CC2(CC2)C1,0.9317281160396078,1.0354712,1.2885077,0.2530365,0.91333175,1.1515611,0.2382294
gdb_55108,C1CC12CN(C2)C(=O)N,NC(O)N1CC2(CC2)C1,2.6291333608041896,2.4997275,2.7895758,0.28984833,2.4420447,1.1532298,-1.2888149
gdb_55125,CC12CC1OC2C(N)=O,CC12CC1OC2C(N)O,0.533045605568816,0.42884654,0.5508062,0.12195969,0.45017675,0.64232236,0.19214562
gdb_55130,NC(=O)C1OC2CC12O,NC(O)C1OC2CC21O,0.1284180950980271,-0.03217107,0.09408015,0.12625122,0.06192774,0.011471477,-0.050456263
gdb_55133,[NH3+]C12CC1OC2C([O-])=O,[NH3+]C12CC1OC2C([O-])O,0.1280760950980379,-0.018235981,-0.72335607,-0.7051201,0.47316173,0.28891042,-0.18425131
gdb_55140,NC(=O)C1CC2CC1O2,NC(O)C1CC2CC1O2,0.5083356055687887,0.40416926,0.63280314,0.22863388,0.63393426,0.9782332,0.34429896
gdb_55141,NC(=O)C1CC2CN1C2,NC(O)C1CC2CN1C2,2.6353533608041744,2.480715,2.6688063,0.18809128,2.191413,1.7821993,-0.40921366
gdb_55147,[O-]C(=O)C1[NH2+]C2CC1C2,[O-]C(O)C1[NH2+]C2CC1C2,0.5031136055687853,0.63716334,-0.011350453,-0.6485138,1.0025818,1.4368094,0.4342276
gdb_55155,CC(=O)N1CC2NC2C1,CC(O)N1CC2NC2C1,2.6206273608041784,2.5467513,2.8872168,0.34046555,2.1332116,2.272854,0.13964248
gdb_55163,NC(=O)N1CC2NC2C1,NC(O)N1CC2NC2C1,4.318312605568792,4.009493,4.390669,0.381176,4.136477,2.3606386,-1.7758384
gdb_55179,NC(=O)C1CC2COC12,NC(O)C1CC2COC21,0.5205526055688097,0.37513942,0.60563487,0.23049545,0.44587556,0.8864315,0.44055596
gdb_55180,NC(=O)C1CC2OCC12,NC(O)C1CC2OCC21,0.5242286055687941,0.37283534,0.60057276,0.22773743,0.43314636,0.8864315,0.45328516
gdb_55182,NC(=O)C1OC2CCC12,NC(O)C1OC2CCC21,0.524894605568818,0.46108454,0.6392996,0.17821503,0.5119258,0.8851445,0.37321866
gdb_55202,NC1=[NH+]CC(C1)C([O-])=O,NC1CC(C([O-])O)C[NH+]1,2.129253936221801,1.967108,1.6937926,-0.27331543,2.4689732,0.24935475,-2.2196183
gdb_55205,CC(=N)N1CC=CC1=O,CC(N)N1CCCC1O,2.236131591644039,2.3861372,2.984358,0.5982208,1.7187803,1.2572236,-0.46155667
gdb_55206,CC(=O)C1CC=CC1=O,CC(=O)C1CCCC1O,-1.5880754083559625,-1.5035226,-0.8704203,0.63310236,-1.6839005,-1.0143391,0.6695614
gdb_55208,CC(=O)N1CC=CC1=O,CC(O)N1CCCC1O,0.089567836408662,0.31205958,1.060816,0.74875647,-0.18021055,0.9583597,1.1385703
gdb_55210,C1C=CC(=O)N1C(=N)N,NC(N)N1CCCC1O,3.931981836408625,3.9506285,4.51824,0.56761146,3.7297106,2.2727842,-1.4569263
gdb_55211,NC(=O)C1CC=CC1=O,NC(O)C1CCCC1O,0.0967198364086243,0.05011195,0.8659269,0.815815,0.37167084,0.3806507,0.008979857
gdb_55214,C1C=CC(=O)N1C(=O)N,NC(O)N1CCCC1O,1.777240081173261,1.7762625,2.557459,0.7811966,1.6701717,0.99329734,-0.6768744
gdb_55223,CC(=O)C1CNC(=O)O1,CC(=O)C1CNC(O)O1,-0.0153918190135868,-0.11088735,0.207308,0.31819534,0.13720746,-0.8493326,-0.98654
gdb_55228,CC(=O)C1COC(=O)N1,CC(=O)C1COC(O)N1,-0.0126718190135761,-0.11127263,0.21161097,0.3228836,0.14939074,-0.7889801,-0.9383709
gdb_55243,NC(=O)C1CNC(=O)O1,NC(O)C1CNC(O)O1,1.6687944257510594,1.4690878,1.9373991,0.4683113,1.8422632,0.8567662,-0.985497
gdb_55248,NC(=O)C1COC(=O)N1,NC(O)C1COC(O)N1,1.675197425751037,1.4524939,1.942652,0.49015808,1.7130841,0.83854717,-0.87453693
gdb_55270,NC1=[NH+]C(CC1)C([O-])=O,NC1CCC(C([O-])O)[NH+]1,2.1049119362218107,1.9797995,1.7887785,-0.19102097,2.54787,0.25938395,-2.288486
gdb_55375,[O-]C(=O)C1[NH2+]CC2NC12,[O-]C(O)C1[NH2+]CC2NC21,2.2101548503334243,2.2973464,1.6256201,-0.6717262,2.3607025,2.158593,-0.20210958
gdb_55387,NC1=[NH+]CCC1C([O-])=O,NC1[NH+]CCC1C([O-])O,2.104707936221814,2.1680472,1.7002051,-0.4678421,2.5066307,0.2905379,-2.2160928
gdb_55403,CC(=N)N1CCOC1=O,CC(N)N1CCOC1O,2.113682936221778,2.1802695,2.5062888,0.3260193,2.0216305,0.51842463,-1.5032059
gdb_55419,CC(=O)N1CCOC1=O,CC(O)N1CCOC1O,-0.0325878190135995,0.09844798,0.58330745,0.48485947,-0.12838916,-0.9292525,-0.8008633
gdb_55421,C1COC(=O)N1C(=N)N,NC(N)N1CCOC1O,3.8059541809864186,3.7312415,4.0407124,0.3094709,4.127949,1.1523933,-2.975556
gdb_55437,C1COC(=O)N1C(=O)N,NC(O)N1CCOC1O,1.6751984257510344,1.556925,2.0799582,0.52303314,2.1448972,0.4728661,-1.6720312
gdb_55491,NC(=O)CC#CC1CN1,NC(O)CC#CC1CN1,1.8129608599296605,1.6016257,1.7807944,0.1791687,1.7163866,1.7838095,0.067422986
gdb_55525,CC(=N)NC(=O)C1CN1,CC(N)NC(O)C1CN1,4.274031691457196,4.2379017,4.4696827,0.231781,3.0715272,2.146573,-0.9249542
gdb_55527,CC(=N)NC(=O)N1CC1,CC(N)NC(O)N1CC1,4.271339691457172,4.142412,4.5888233,0.44641113,3.8298693,1.9509461,-1.8789232
gdb_55529,CC(=N)OC(=O)C1CN1,CC(N)OC(O)C1CN1,2.1630439362218112,2.4050353,2.4165595,0.0115242,1.6844945,0.5967277,-1.0877668
gdb_55531,CC(=N)OC(=O)N1CC1,CC(N)OC(O)N1CC1,2.156470936221808,2.2992194,2.5488875,0.24966812,1.6654791,0.37625557,-1.2892234
gdb_55535,CC(=O)CC(=O)N1CC1,CC(=O)CC(O)N1CC1,0.4545856914571686,0.24560374,0.7430479,0.49744415,0.062711775,0.5836131,0.5209013
gdb_55537,CC(=O)NC(=N)C1CN1,CC(O)NC(N)C1CN1,4.291280691457189,4.2251453,4.3563976,0.13125229,3.3237376,2.142083,-1.1816547
gdb_55539,CC(=O)NC(=N)N1CC1,CC(O)NC(N)N1CC1,4.278407691457176,4.14839,4.41617,0.2677803,3.8473563,1.9524534,-1.894903
gdb_55541,CC(=O)NC(=O)C1CN1,CC(O)NC(O)C1CN1,2.1409869362217933,2.1037695,2.4825118,0.37874222,1.7906544,0.6970871,-1.0935674
gdb_55543,CC(=O)NC(=O)N1CC1,CC(O)NC(O)N1CC1,2.1375189362217952,2.0081885,2.6014998,0.5933113,1.873348,0.36206776,-1.5112803
gdb_55545,NC(=N)NC(=O)C1CN1,NC(N)NC(O)C1CN1,5.972813936221826,5.8104725,5.982519,0.17204666,4.9301972,1.6262722,-3.303925
gdb_55548,NC(=O)CC(=O)C1CN1,NC(O)CC(=O)C1CN1,2.146085936221823,1.7876418,2.07889,0.29124832,1.942675,1.1211066,-0.82156837
gdb_55550,C1CN1C(=O)CC(=O)N,NC(O)CC(O)N1CC1,2.137847936221817,1.7408507,2.5227377,0.78188705,1.6459821,0.44863597,-1.1973462
gdb_55552,NC(=O)NC(=N)C1CN1,NC(O)NC(N)C1CN1,5.977756936221795,5.7462444,5.8473606,0.10111618,4.9591646,1.7640231,-3.1951416
gdb_55555,NC(=O)NC(=O)C1CN1,NC(O)NC(O)C1CN1,3.837583180986428,3.6240065,3.9737113,0.34970474,3.2270694,1.5411756,-1.6858938
gdb_55557,C1CN1C(=O)NC(=O)N,NC(O)NC(O)N1CC1,3.834034180986407,3.528292,4.0924397,0.5641477,4.0874867,0.54764146,-3.5398452
gdb_55558,[O-]C(=O)CC(=[NH2+])N1CC1,[NH2+]C(CC([O-])O)N1CC1,2.147504936221821,1.9078925,1.6474478,-0.26044464,1.6722128,-0.32575747,-1.9979703
gdb_55718,NC(=O)CC1(CN1)C#C,C#CC1(CC(N)O)CN1,1.8170738599296212,1.5206282,1.8091071,0.28847885,1.4344445,1.2137772,-0.22066736
gdb_55719,NC(=O)CC1(CN1)C#N,N#CC1(CC(N)O)CN1,3.4687771046942544,3.1184676,3.4072669,0.2887993,3.395044,3.486681,0.091636896
gdb_55733,NC(=O)CC1(CN1)C=O,NC(O)CC1(C=O)CN1,2.152517936221784,1.8188803,2.1107657,0.29188538,1.9608744,0.91532344,-1.0455511
gdb_55755,CC(=N)OC12CC1OC2,CC(N)OC12COC1C2,0.5635496055688236,0.6159956,0.5800802,-0.035915375,0.35431534,0.9400471,0.58573174
gdb_55763,CC(=O)NC12CC1OC2,CC(O)NC12COC1C2,0.5361806055688021,0.5276777,0.6979925,0.17031479,0.29675552,0.73931175,0.44255623
gdb_55765,CC(=O)OC12CC1OC2,CC(O)OC12COC1C2,-1.5808891496665751,-1.3619821,-1.4488924,-0.08691025,-1.6360837,-1.3435907,0.292493
gdb_55767,NC(=O)CC12CC1CO2,NC(O)CC12CC1CO2,0.525319605568825,0.25689906,0.53342646,0.2765274,0.55956393,0.4656653,-0.093898624
gdb_55768,NC(=O)CC12CC1OC2,NC(O)CC12COC1C2,0.5328936055688018,0.28801936,0.5614912,0.27347183,0.49514294,0.4717334,-0.023409545
gdb_55772,NC(=O)NC12CC1OC2,NC(O)NC12COC1C2,2.2342428503334304,2.0474074,2.1840918,0.13668442,2.0066857,0.9893393,-1.0173464
gdb_55774,NC(=O)OC12CC1OC2,NC(O)OC12COC1C2,0.1142200950980623,0.07695979,-0.004861653,-0.08182144,0.39967266,-0.3366071,-0.7362797
gdb_55814,CC(=N)OC1C2COC12,CC(N)OC1C2COC21,0.5668006055688011,0.6134741,0.6424238,0.028949738,0.31497487,1.1362861,0.82131124
gdb_55820,CC(=O)NC1C2COC12,CC(O)NC1C2COC21,0.535582605568834,0.40924662,0.7039129,0.2946663,0.26720944,0.89723015,0.63002074
gdb_55822,CC(=O)OC1C2COC12,CC(O)OC1C2COC21,-1.5800471496665978,-1.3985345,-1.3987749,-0.00024032593,-1.6551616,-1.3396106,0.31555104
gdb_55824,NC(=O)CC1C2COC12,NC(O)CC1C2COC21,0.5324716055687873,0.25594538,0.597315,0.34136963,0.56532514,0.8779963,0.31267118
gdb_55827,NC(=O)NC1C2COC12,NC(O)NC1C2COC21,2.234072850333405,1.9405768,2.1937544,0.25317764,2.2100015,1.4296567,-0.7803447
gdb_55829,NC(=O)OC1C2COC12,NC(O)OC1C2COC21,0.1155100950980454,0.060716808,0.06810969,0.0073928833,0.2535785,-0.26577955,-0.51935804
gdb_55861,CC1(CN1CC(=O)N)C,CC1(C)CN1CC(N)O,2.873477301741161,2.6306288,2.9069617,0.27633286,2.3905027,0.9723758,-1.4181268
gdb_55862,CC1(C)NC1CC(N)=O,CC1(C)NC1CC(N)O,2.8641503017411765,2.5676215,2.9082205,0.34059906,2.0646727,1.1406252,-0.92404747
gdb_55885,NC(=O)CC1NC1C#C,C#CC1NC1CC(N)O,1.813771859929659,1.4677756,1.8118384,0.3440628,1.3749961,1.1537628,-0.22123325
gdb_55886,NC(=O)CC1NC1C#N,N#CC1NC1CC(N)O,3.4682631046942447,3.1052573,3.4490492,0.34379196,3.2053766,3.3211515,0.11577487
gdb_55889,NC(=O)CN1CC1C#C,C#CC1CN1CC(N)O,1.8219018599296533,1.5226767,1.8187506,0.2960739,1.1315576,0.26028296,-0.8712746
gdb_55890,NC(=O)CN1CC1C#N,N#CC1CN1CC(N)O,3.4771571046942427,3.16585,3.461466,0.29561615,2.197527,1.8296841,-0.3678428
gdb_55897,CC(=O)CC1CN1C=O,CC(=O)CC1CN1CO,0.4568196914572127,0.2810232,0.79881495,0.51779175,0.15607914,0.548942,0.3928629
gdb_55904,NC(=O)CC1CN1C=O,NC(O)CC1CN1CO,2.1451579362217785,1.7345183,2.5851233,0.850605,1.811738,0.6581967,-1.1535413
gdb_55905,NC(=O)CC1NC1C=O,NC(O)CC1NC1C=O,2.158782936221826,1.8558028,2.1994345,0.34363174,2.007086,0.8581408,-1.1489452
gdb_55907,NC(=O)CN1CC1C=O,NC(O)CN1CC1C=O,2.1678699362217912,1.9512923,2.2296317,0.2783394,1.4064695,0.57917684,-0.8272926
gdb_55910,[O-]C(=O)CC1CN1C=[NH2+],[NH2+]CN1CC1CC([O-])O,2.194112936221813,2.0383513,1.4006865,-0.6376648,1.8141383,-0.22546144,-2.0395997
gdb_55934,NC(=O)CC1OC2CC12,NC(O)CC1OC2CC12,0.5278566055687861,0.2596876,0.6010954,0.34140778,0.56836694,0.9330996,0.36473268
gdb_55988,NC(=O)CC1OCC1=O,NC(O)CC1OCC1=O,0.0272521809864088,-0.3236063,0.009565532,0.33317184,0.17933446,-0.31210545,-0.4914399
gdb_56055,[O-]C(=O)C[NH+]=CN1CC1,[O-]C(O)C[NH+]CN1CC1,2.206941936221824,2.0655234,1.783293,-0.28223038,1.06727,-0.9886466,-2.0559168
gdb_56155,CC(=N)OCC1(C)CN1,CC(N)OCC1(C)CN1,2.901310301741148,2.846392,2.892462,0.0460701,1.7767832,0.8432263,-0.9335569
gdb_56163,CC(=O)NCC1(C)CN1,CC(O)NCC1(C)CN1,2.874158301741147,2.6902373,2.9655707,0.2753334,1.7779621,0.8268165,-0.9511456
gdb_56167,CC(=O)OCC1(C)CN1,CC(O)OCC1(C)CN1,0.7537925465057356,0.82243556,0.8469259,0.024490356,0.6092325,-0.097630754,-0.7068632
gdb_56176,CC1(CNC(N)=O)CN1,CC1(CNC(N)O)CN1,4.570510546505716,4.257738,4.4666157,0.20887756,4.234584,1.5092281,-2.7253556
gdb_56179,CC1(COC(N)=O)CN1,CC1(COC(N)O)CN1,2.45031479127033,2.280825,2.3258955,0.04507065,2.5332003,0.6736531,-1.8595471
gdb_56250,CC(=N)OCCN1CC1,CC(N)OCCN1CC1,2.911541301741181,2.8706152,2.9343283,0.063713074,2.2860653,1.0358475,-1.2502178
gdb_56260,CC(=O)NCCN1CC1,CC(O)NCCN1CC1,2.8871773017411897,2.7097266,2.9430296,0.23330307,2.4314213,1.5702415,-0.8611798
gdb_56263,CC(=O)OCCN1CC1,CC(O)OCCN1CC1,0.7673375465057575,0.84553355,0.8834631,0.037929535,0.5285905,0.8270934,0.29850292
gdb_56266,C1CN1CCCC(=O)N,NC(O)CCCN1CC1,2.8841833017411886,2.5666754,2.9011023,0.33442688,2.3492289,1.364418,-0.9848108
gdb_56269,NC(=O)COCC1CN1,NC(O)COCC1CN1,2.4808337912703564,2.0924056,2.3738844,0.28147888,1.4241108,0.67207474,-0.75203604
gdb_56273,C1CN1CCNC(=O)N,NC(O)NCCN1CC1,4.584914546505729,4.230295,4.4453983,0.21510315,3.301938,1.8145612,-1.4873768
gdb_56276,C1CN1CCOC(=O)N,NC(O)OCCN1CC1,2.462514791270337,2.2987463,2.3623374,0.063591,1.3679065,0.08208607,-1.2858204
gdb_56280,[O-]C(=O)C[NH2+]CC1CN1,[O-]C(O)C[NH2+]CC1CN1,2.47765779127036,2.308142,1.7226775,-0.5854645,1.9277014,1.197323,-0.7303784
gdb_56353,NC(=NCC1CN1)C#N,N#CC(N)NCC1CN1,5.63116485992964,5.2932835,5.403372,0.11008835,4.664701,4.3293433,-0.33535767
gdb_56437,CC(C#C)C(=O)N1CC1,C#CC(C)C(O)N1CC1,0.1229176151650222,0.03215617,0.43780726,0.4056511,-0.2627247,0.021148171,0.28387287
gdb_56441,CC(C#N)C(=O)N1CC1,CC(C#N)C(O)N1CC1,1.7744558599296738,1.6546423,2.0718176,0.4171753,1.4776534,1.7457428,0.2680894
gdb_56442,NC(C#C)C(=O)N1CC1,C#CC(N)C(O)N1CC1,1.8400358599296285,1.4715598,1.8761389,0.40457916,1.0639439,0.319262,-0.74468184
gdb_56443,NC(C#N)C(=O)N1CC1,N#CC(N)C(O)N1CC1,3.4923481046942584,3.0881484,3.505808,0.41765976,2.5541394,1.981019,-0.57312036
gdb_56444,OC(C#C)C(=N)N1CC1,C#CC(O)C(N)N1CC1,1.8595168599296696,1.6525595,1.813761,0.16120148,0.47559038,0.319262,-0.15632838
gdb_56448,OC(C#C)C(=O)N1CC1,C#CC(O)C(O)N1CC1,-0.2819088953057189,-0.31675512,-0.0082681775,0.30848694,-1.0117732,-0.7987656,0.21300763
gdb_56449,OC(C#N)C(=N)N1CC1,N#CC(O)C(N)N1CC1,3.5123981046942845,3.2561133,3.436392,0.18027878,2.4271069,1.981019,-0.44608784
gdb_56453,OC(C#N)C(=O)N1CC1,N#CC(O)C(O)N1CC1,1.3717293494588605,1.2875235,1.614115,0.3265915,0.5901064,0.20697774,-0.3831287
gdb_56956,CC(C#C)C1CN1C=O,C#CC(C)C1CN1CO,0.1284666151650526,-0.008580983,0.528578,0.53715897,-0.16656621,-0.0699801,0.09658611
gdb_56961,CC(C#N)C1CN1C=O,CC(C#N)C1CN1CO,1.7833768599296604,1.6258795,2.162989,0.5371094,1.3546447,1.9272074,0.5725627
gdb_56965,NC(C#N)C1CN1C=O,N#CC(N)C1CN1CO,3.4987741046942347,3.0692503,3.606623,0.5373726,2.7217052,2.150246,-0.5714593
gdb_56967,OC(C#C)C1CN1C=O,C#CC(O)C1CN1CO,-0.2732808953057315,-0.4468897,0.089868724,0.5367584,-0.8893817,-0.63848084,0.25090086
gdb_56971,OC(C#N)C1CN1C=O,N#CC(O)C1CN1CO,1.3804173494588667,1.1776679,1.7136023,0.53593445,0.7514143,0.46697155,-0.28444275
gdb_57150,CC(C#CC=O)C1CN1,CC(C#CCO)C1CN1,0.1366136151650607,0.009515941,0.2801649,0.27064896,0.6821673,0.52301794,-0.15914935
gdb_57152,CC(C#CC=O)N1CC1,CC(C#CCO)N1CC1,0.1441626151650439,0.0745489,0.36704463,0.29249573,0.17506054,0.08083615,-0.09422439
gdb_57154,OC(C#CC=O)C1CN1,OCC#CC(O)C1CN1,-0.26523989530574,-0.45311147,-0.16020757,0.2929039,0.4196675,0.73386675,0.31419924
gdb_57207,CC(C(N)=O)C1(C)CN1,CC(C(N)O)C1(C)CN1,2.8722433017411504,2.656977,2.8585455,0.2015686,2.0931687,1.2579135,-0.83525527
gdb_57214,CC1(CN1)C([NH3+])C([O-])=O,CC1(C([NH3+])C([O-])O)CN1,2.4618707912703712,2.3379347,1.564604,-0.7733307,2.4962163,1.0931175,-1.4030988
gdb_57215,CC1(CN1)C(O)C(N)=O,CC1(C(O)C(N)O)CN1,2.4593387912703406,2.3291686,2.4200995,0.09093094,1.986445,0.88822263,-1.0982223
gdb_57302,CC(C)(C)C(=O)N1CC1,CC(C)(C)C(O)N1CC1,1.1796920569765348,1.1114333,1.5805914,0.46915817,1.0142882,0.70254827,-0.31173992
gdb_57306,CC(C)(C(=O)N1CC1)O,CC(C)(O)C(O)N1CC1,0.7677965465057355,0.5340521,0.9704916,0.4364395,0.6080885,0.46410516,-0.14398333
gdb_57442,CC(C)(C)C1CN1C=O,CC(C)(C)C1CN1CO,1.1853850569765427,1.1500571,1.6521704,0.50211334,1.0158622,0.7042262,-0.31163603
gdb_57447,CC(C)(O)C1CN1C=O,CC(C)(O)C1CN1CO,0.7735405465057283,0.5447714,1.0513022,0.5065308,0.6429107,0.49753737,-0.14537334
gdb_57657,CC(C)(NC=O)C1CN1,CC(C)(NCO)C1CN1,2.8897153017411483,2.4481452,3.0260146,0.5778694,1.8877448,0.858044,-1.0297008
gdb_57661,CC(C)(OC=O)C1CN1,CC(C)(OCO)C1CN1,0.7720255465057448,0.75572413,0.9932806,0.23755646,0.5260727,-0.007090482,-0.5331632
gdb_57887,CN(C)C(=O)C1(C)CN1,CN(C)C(O)C1(C)CN1,2.8891453017411663,2.7189658,2.9255393,0.20657349,1.712002,1.2379793,-0.47402275
gdb_57895,CC(C)C(=O)N1CC1C,CC(C)C(O)N1CC1C,1.1707830569765747,1.0785468,1.5125601,0.43401337,1.0783292,0.8092022,-0.269127
gdb_57901,CC(O)C(=O)N1CC1C,CC(O)C(O)N1CC1C,0.7641285465057308,0.6073591,0.9657118,0.35835266,0.7245376,0.65794164,-0.06659597
gdb_57903,CC1CN1C(=O)N(C)C,CC1CN1C(O)N(C)C,2.88064130174115,2.7250578,2.9554121,0.23035431,2.5462794,1.4450846,-1.1011949
gdb_57904,CC1NC1C(=O)N(C)C,CC1NC1C(O)N(C)C,2.8899313017411714,2.8176367,2.9296553,0.112018585,1.6399211,1.3537067,-0.28621435
gdb_57907,CN(C)C(=O)C1CN1C,CN(C)C(O)C1CN1C,2.8972053017411667,2.8247778,2.904421,0.07964325,2.747008,1.421921,-1.3250871
gdb_57968,CN(C)C(=O)CC1CN1,CN(C)C(O)CC1CN1,2.8951163017411545,2.6384833,2.8530676,0.21458435,1.543617,1.085632,-0.45798504
gdb_57970,CN(C)C(=O)CN1CC1,CN(C)C(O)CN1CC1,2.899285301741145,2.7829688,2.9228613,0.13989258,2.4284017,0.8993983,-1.5290034
gdb_58496,CC(C)C1(C)CN1C=O,CC(C)C1(C)CN1CO,1.1829650569765704,1.2612097,1.6884634,0.42725372,1.0871401,0.7648729,-0.32226717
gdb_58501,CC(O)C1(C)CN1C=O,CC(O)C1(C)CN1CO,0.7730565465057566,0.669409,1.1003287,0.4309197,0.6767474,0.5659993,-0.11074805
gdb_58609,CC(C)C1(CN1)C(N)=O,CC(C)C1(C(N)O)CN1,2.869053301741189,2.8556845,2.9813292,0.12564468,2.032234,1.3901347,-0.64209926
gdb_58613,CC([NH3+])C1(CN1)C([O-])=O,CC([NH3+])C1(C([O-])O)CN1,2.465892791270335,2.4065154,1.6838591,-0.72265625,2.609249,1.1465273,-1.4627218
gdb_58618,CC(O)C1(CN1)C(N)=O,CC(O)C1(C(N)O)CN1,2.4585937912703457,2.2589362,2.3872893,0.12835312,1.9513148,1.0261097,-0.9252051
gdb_58791,CC(C)C12CC1C(=O)O2,CC(C)C12CC1C(O)O2,-1.192479639195824,-0.9783457,-0.8496378,0.12870789,-0.9949061,-0.67365414,0.321252
gdb_58798,CC(O)C12CC1C(=O)O2,CC(O)C12CC1C(O)O2,-1.5964451496665788,-1.5807779,-1.4453485,0.13542938,-1.3639034,-1.1282138,0.23568964
gdb_58848,CC(C)C12CC1OC2=O,CC(C)C12CC1OC2O,-1.1876846391958225,-1.0192621,-0.7640436,0.25521845,-0.9949061,-0.70302993,0.2918762
gdb_58855,CC(O)C12CC1OC2=O,CC(O)C12CC1OC2O,-1.593375149666599,-1.6148012,-1.3569047,0.25789642,-1.3636128,-1.1402817,0.2233311
gdb_58862,CN(C)C12CC1OC2=O,CN(C)C12CC1OC2O,0.5464586055688301,0.4005186,0.6229879,0.22246933,0.44117898,0.77668965,0.33551067
gdb_58973,CC(C)C1=CC(=O)CC1,CC(C)C1CCC(O)C1,-0.8662410428366343,-1.0246179,-0.095121205,0.9294967,-0.86712813,-0.25158575,0.6155424
gdb_58974,CC(C)C1=CC(=O)NC1,CC(C)C1CNC(O)C1,0.8285412019279761,0.6989462,1.4590018,0.7600556,0.97834307,0.8648945,-0.11344856
gdb_58977,CC(O)C1=CC(=O)CC1,CC(O)C1CCC(O)C1,-1.2705775533074188,-1.5430887,-0.618017,0.92507166,-1.0840449,-0.6401552,0.44388974
gdb_58978,CC(O)C1=CC(=O)NC1,CC(O)C1CNC(O)C1,0.423246691457166,0.18460292,0.93544215,0.75083923,0.52396184,0.5411036,0.01714176
gdb_58980,CN(C)C1=CC(=O)CC1,CN(C)C1CCC(O)C1,0.8461312019279603,0.85124415,1.2672408,0.4159966,0.74478936,0.21981113,-0.5249782
gdb_58981,CN(C)C1=CC(=O)NC1,CN(C)C1CNC(O)C1,2.546281446692604,2.5880988,2.819361,0.2312622,2.4577675,1.2988834,-1.158884
gdb_59008,CC(C)C1=NCC(=N)N1,CC(C)C1NCC(N)N1,4.668430201927947,4.7734394,4.923563,0.1501236,3.129762,2.331589,-0.79817295
gdb_59010,CC(C)C1=NCC(=O)O1,CC(C)C1NCC(O)O1,0.4051786914571949,0.8494665,1.0038664,0.15439993,0.4979258,0.83574426,0.33781847
gdb_59014,CC(O)C1=NCC(=N)N1,CC(O)C1NCC(N)N1,4.262356691457171,4.311571,4.3899136,0.07834244,3.3841393,2.465864,-0.91827536
gdb_59016,CC(O)C1=NCC(=O)O1,CC(O)C1NCC(O)O1,0.0032071809864078,0.38329524,0.461569,0.07827377,0.2225831,-0.07285351,-0.29543662
gdb_59032,CC(C)C1=CCCC1=O,CC(C)C1CCCC1O,-0.8666020428366323,-1.0029047,-0.094487965,0.9084167,-0.8467417,-0.25207895,0.5946627
gdb_59033,CC(C)C1=CCNC1=O,CC(C)C1CCNC1O,0.826397201927989,0.57900065,1.4719832,0.89298254,1.0348228,0.8517631,-0.18305969
gdb_59036,CC(O)C1=CCCC1=O,CC(O)C1CCCC1O,-1.2747395533074268,-1.4836023,-0.627363,0.85623926,-1.1088182,-0.6400519,0.46876627
gdb_59037,CC(O)C1=CCNC1=O,CC(O)C1CCNC1O,0.4177996914571622,0.099939525,0.9398634,0.83992386,0.54051745,0.87364864,0.3331312
gdb_59083,CC(C)C1C(C)N1C=O,CC(C)C1C(C)N1CO,1.1803400569765472,1.1115057,1.6572745,0.54576874,1.089271,0.8112821,-0.27798885
gdb_59088,CC(O)C1C(C)N1C=O,CC(O)C1C(C)N1CO,0.7767275465057537,0.57422847,1.1175635,0.543335,0.8785205,0.8012358,-0.07728469
gdb_59157,CC(C)C1C2OC(=O)C12,CC(C)C1C2OC(O)C21,-1.1857866391957828,-1.0538881,-0.83716756,0.21672052,-0.89634013,-0.69831616,0.19802397
gdb_59164,CC(O)C1C2OC(=O)C12,CC(O)C1C2OC(O)C21,-1.58937114966659,-1.5896242,-1.3783662,0.21125793,-1.3314146,-1.0819398,0.24947476
gdb_59283,CC(C)C1N=CNC1=N,CC(C)C1NCNC1N,4.6768342019279885,4.5596256,4.93112,0.3714943,3.1875942,2.3248672,-0.8627269
gdb_59285,CC(C)C1N=COC1=O,CC(C)C1NCOC1O,0.415751691457217,0.7096121,1.0375693,0.3279572,0.5837357,0.82353514,0.23979944
gdb_59287,CC(C)N1C=NCC1=N,CC(C)N1CNCC1N,4.675071201927949,4.515955,4.839697,0.3237419,2.856724,2.1038113,-0.75291276
gdb_59291,CC(O)C1N=CNC1=N,CC(O)C1NCNC1N,4.263805691457208,4.0221424,4.3930798,0.37093735,3.3464267,2.5624833,-0.7839434
gdb_59293,CC(O)C1N=COC1=O,CC(O)C1NCOC1O,0.0095971809864181,0.17344874,0.5018484,0.32839966,-0.18601073,-0.028091498,0.15791923
gdb_59326,CC(C)C1CC(=O)C=C1,CC(C)C1CCC(O)C1,-0.8583570428366443,-0.8434046,-0.095121205,0.7482834,-0.87801117,-0.25158575,0.6264254
gdb_59327,CC(C)C1NC(=O)C=C1,CC(C)C1CCC(O)N1,0.8324452019279533,0.790518,1.5270941,0.73657614,0.84656066,0.86248606,0.015925407
gdb_59329,CC(O)C1CC(=O)C=C1,CC(O)C1CCC(O)C1,-1.2646895533074485,-1.373781,-0.618017,0.75576395,-1.2288828,-0.6401552,0.5887276
gdb_59330,CC(O)C1NC(=O)C=C1,CC(O)C1CCC(O)N1,0.4257016914571636,0.24761409,0.997698,0.7500839,0.37324908,0.85233504,0.47908595
gdb_59436,CC(C)C1CN1C(C)=O,CC(C)C1CN1C(C)O,1.1745160569765858,1.1899588,1.4722693,0.2823105,1.0760251,0.8085773,-0.26744783
gdb_59437,CC(C)C1CN1C(N)=O,CC(C)C1CN1C(N)O,2.869408301741146,2.6595252,2.969515,0.30998993,3.399455,1.2762717,-2.1231833
gdb_59439,CC(C)C1NC1C(N)=O,CC(C)C1NC1C(N)O,2.8733153017411723,2.7962897,2.984362,0.1880722,2.0234764,1.5893772,-0.4340992
gdb_59443,CC(C)N1CC1C(N)=O,CC(C)N1CC1C(N)O,2.875951301741168,2.6755698,2.8758605,0.20029068,2.6458867,1.2780728,-1.3678138
gdb_59445,CC([NH3+])C1NC1C([O-])=O,CC([NH3+])C1NC1C([O-])O,2.465856791270369,2.3168738,1.6505721,-0.6663017,2.726072,1.0306996,-1.6953725
gdb_59449,CC(O)C1CN1C(C)=O,CC(O)C1CN1C(C)O,0.7604165465057235,0.6579954,0.9403669,0.28237152,0.734037,0.6051177,-0.1289193
gdb_59450,CC(O)C1CN1C(N)=O,CC(O)C1CN1C(N)O,2.4538287912703254,2.127619,2.4375823,0.30996323,2.330013,0.533912,-1.7961011
gdb_59452,CC(O)C1NC1C(N)=O,CC(O)C1NC1C(N)O,2.4676587912703667,2.2580054,2.445349,0.1873436,1.9281529,0.9162828,-1.0118701
gdb_59590,CC(C)C1CC=CC1=O,CC(C)C1CCCC1O,-0.8582700428366365,-0.73624974,-0.094487965,0.6417618,-0.8700442,-0.25207895,0.6179652
gdb_59591,CC(C)N1CC=CC1=O,CC(C)N1CCCC1O,0.8347052019279886,0.7960569,1.5026343,0.70657736,0.9075966,1.0939354,0.18633878
gdb_59592,CC(O)C1CC=CC1=O,CC(O)C1CCCC1O,-1.268156553307449,-1.2667978,-0.62734395,0.6394538,-1.2669615,-0.6400519,0.62690955
gdb_59606,CC(C)C1CNC(=O)O1,CC(C)C1CNC(O)O1,0.7060185465057316,0.72196406,0.9856283,0.26366425,1.2998288,0.83574426,-0.4640845
gdb_59610,CC(C)C1COC(=O)N1,CC(C)C1COC(O)N1,0.7087435465057297,0.66023844,0.9760763,0.31583786,1.2522874,0.8386282,-0.41365921
gdb_59622,CC(O)C1CNC(=O)O1,CC(O)C1CNC(O)O1,0.2963440360349523,0.17532557,0.44909495,0.27376938,0.71152186,-0.033122282,-0.74464417
gdb_59626,CC(O)C1COC(=O)N1,CC(O)C1COC(O)N1,0.2994730360349535,0.12821406,0.4467985,0.31858444,0.68869483,-0.043686774,-0.7323816
gdb_59743,CC(C)N1CCOC1=O,CC(C)N1CCOC1O,0.7117295465057509,0.55893534,1.0244734,0.46553808,0.8353525,1.0009762,0.16562372
gdb_59802,CC(C)N=C1CN=CN1,CC(C)NC1CNCN1,4.68041720192798,4.5726337,4.9643116,0.39167786,2.8869543,2.6656296,-0.22132468
gdb_59879,CC(C)CC(=O)N1CC1,CC(C)CC(O)N1CC1,1.176876056976539,1.0162947,1.531481,0.5151863,1.0548568,1.0168324,-0.038024426
gdb_59881,CC(C)NC(=O)C1CN1,CC(C)NC(O)C1CN1,2.870750301741168,2.6986105,2.9872763,0.28866577,2.0366757,1.4001602,-0.6365155
gdb_59883,CC(C)NC(=O)N1CC1,CC(C)NC(O)N1CC1,2.8700063017411708,2.6223128,3.1064322,0.48411942,2.6785297,1.5292504,-1.1492794
gdb_59885,CC(C)OC(=O)C1CN1,CC(C)OC(O)C1CN1,0.7503015465057388,0.8123266,0.94600123,0.13367462,0.50541836,0.110090785,-0.39532757
gdb_59887,CC(C)OC(=O)N1CC1,CC(C)OC(O)N1CC1,0.750201546505707,0.7025663,1.0777838,0.3752175,0.6144981,0.88475305,0.27025497
gdb_59891,CC(O)CC(=O)N1CC1,CC(O)CC(O)N1CC1,0.7689695465057298,0.51328486,1.0285437,0.51525885,0.72239214,0.53222406,-0.19016808
gdb_60198,CC(C)CC1CN1C=O,CC(C)CC1CN1CO,1.1844260569765763,1.080023,1.5968955,0.5168724,1.0487012,0.9874033,-0.061297894
gdb_60204,CC(O)CC1CN1C=O,CC(O)CC1CN1CO,0.7774185465057144,0.57590693,1.0913413,0.5154343,0.6402282,0.4253467,-0.21488151
gdb_60501,CC(C1CN1)C(=O)C#C,C#CC(O)C(C)C1CN1,0.138369615165061,-0.01989156,0.33712596,0.35701752,0.3172525,0.14864714,-0.16860534
gdb_60502,CC(C1CN1)C(=O)C#N,CC(C(O)C#N)C1CN1,1.79799285992965,1.5741293,1.9605277,0.38639832,1.3233649,2.1695216,0.8461567
gdb_60505,CC(N1CC1)C(=O)C#C,C#CC(O)C(C)N1CC1,0.1470146151650055,0.072164714,0.3712942,0.2991295,-0.0073326947,0.011740549,0.019073244
gdb_60506,CC(N1CC1)C(=O)C#N,CC(C(O)C#N)N1CC1,1.802933859929624,1.6659606,1.9946616,0.32870102,1.0008471,1.7494987,0.7486516
gdb_60512,OC(C1CN1)C(=O)C#C,C#CC(O)C(O)C1CN1,-0.2731478953057262,-0.38084966,-0.1080454,0.27280426,-0.27338976,-0.24890675,0.02448301
gdb_60513,OC(C1CN1)C(=O)C#N,N#CC(O)C(O)C1CN1,1.389903349458848,1.2133505,1.5141928,0.3008423,0.71974665,1.5958781,0.8761315
gdb_60517,CC(C1CN1)C(=O)C=O,CC(C(O)CO)C1CN1,0.4857186914571798,0.40992182,1.0540259,0.64410406,-0.00095311366,0.52907616,0.5300293
gdb_60519,CC(N1CC1)C(=O)C=O,CC(C(O)CO)N1CC1,0.4973106914571872,0.49989146,1.0814154,0.58152395,-0.121004194,0.47299123,0.59399545
gdb_60523,OC(C1CN1)C(=O)C=O,OCC(O)C(O)C1CN1,0.077053180986411,0.04548472,0.61583155,0.57034683,-0.68922955,0.07791456,0.7671441
gdb_60609,CC(C1CN1C)C(N)=O,CC(C(N)O)C1CN1C,2.8855523017412,2.6600974,2.876074,0.21597672,2.5328777,1.0831363,-1.4497414
gdb_60611,CC(C1NC1C)C(N)=O,CC1NC1C(C)C(N)O,2.867719301741147,2.6879332,2.9103186,0.2223854,1.9985034,1.6406543,-0.35784912
gdb_60616,CC(N1CC1C)C(N)=O,CC1CN1C(C)C(N)O,2.877318301741184,2.6593802,2.8431952,0.183815,2.6351624,1.344873,-1.2902894
gdb_60622,CC1NC1C([NH3+])C([O-])=O,CC1NC1C([NH3+])C([O-])O,2.4659737912703577,2.3493445,1.6156256,-0.7337189,2.718235,1.014414,-1.7038211
gdb_60624,CC1NC1C(O)C(N)=O,CC1NC1C(O)C(N)O,2.457690791270352,2.3082945,2.4524176,0.14412308,1.9229945,0.9469685,-0.976026
gdb_60630,CN1CC1C([NH3+])C([O-])=O,CN1CC1C([NH3+])C([O-])O,2.4776817912703564,2.3227942,1.5801413,-0.7426529,2.1618762,0.7398516,-1.4220246
gdb_60632,CN1CC1C(O)C(N)=O,CN1CC1C(O)C(N)O,2.47534279127035,2.288973,2.4271796,0.13820648,1.7994424,0.48918062,-1.3102617
gdb_60694,NC(C=O)=NCC1CN1,NC(CO)NCC1CN1,4.311465691457215,4.0208874,4.4684315,0.4475441,3.3969476,1.9210767,-1.475871
gdb_60731,CC(C=O)C(=O)N1CC1,CC(C=O)C(O)N1CC1,0.4662696914571711,0.3995573,0.8737127,0.47415543,0.20327407,0.5353583,0.33208424
gdb_60733,CN(C=N)C(=O)C1CN1,CN(CN)C(O)C1CN1,4.287164691457178,4.2480106,4.586054,0.3380432,2.8187733,1.3247788,-1.4939945
gdb_60735,CN(C=N)C(=O)N1CC1,CN(CN)C(O)N1CC1,4.283049691457165,4.177889,4.7110844,0.5331955,2.6824484,1.0797458,-1.6027026
gdb_60737,CN(C=O)C(=N)C1CN1,CN(CO)C(N)C1CN1,4.297971691457178,4.401346,4.5523357,0.15098953,2.8238077,1.3069084,-1.5168993
gdb_60739,CN(C=O)C(=N)N1CC1,CN(CO)C(N)N1CC1,4.292902691457186,4.378496,4.6144314,0.23593521,2.6941087,1.0797458,-1.614363
gdb_60741,CN(C=O)C(=O)C1CN1,CN(CO)C(O)C1CN1,2.1496699362218123,2.404528,2.7380545,0.3335266,1.1237605,0.5078362,-0.61592424
gdb_60743,CN(C=O)C(=O)N1CC1,CN(CO)C(O)N1CC1,2.144795936221783,2.3345778,2.863108,0.5285301,1.5542333,0.1925712,-1.3616621
gdb_60747,OC(C=O)C(=O)N1CC1,O=CC(O)C(O)N1CC1,0.0619181809864244,-0.0008638501,0.3856985,0.38656235,-0.3635737,-0.7283562,-0.36478248
gdb_60819,CC(C1CN1)N(C)C=O,CC(C1CN1)N(C)CO,2.894938301741149,2.7107947,3.1023886,0.39159393,1.5082085,1.1721423,-0.33606625
gdb_60903,CN(C=O)C12CC1OC2,CN(CO)C12COC1C2,0.5491016055688078,0.554022,0.86956614,0.31554413,0.27352768,0.6315533,0.3580256
gdb_60947,CN(C=O)C1C2COC12,CN(CO)C1C2COC21,0.5512776055688278,0.49521846,0.90912074,0.41390228,0.3058369,0.6307656,0.32492873
gdb_61001,CC(C=O)C1CN1C=O,CC(C=O)C1CN1CO,0.4773016914571713,0.4320051,0.9608976,0.5288925,0.39318156,0.6001672,0.20698565
gdb_61007,OC(C=O)C1CN1C=O,O=CC(O)C1CN1CO,0.0658311809864358,-0.045591176,0.4838583,0.52944946,-0.42614043,-0.6819976,-0.25585717
gdb_61450,CC(CC(N)=O)N1CC1,CC(CC(N)O)N1CC1,2.882046301741184,2.5205557,2.8457816,0.32522583,2.318672,1.4629195,-0.85575247
gdb_61453,CC(NC(C)=O)C1CN1,CC(O)NC(C)C1CN1,2.874314301741151,2.6543906,2.916033,0.26164246,2.0476177,1.4016602,-0.64595747
gdb_61456,CC(NC(N)=O)C1CN1,CC(NC(N)O)C1CN1,4.575010546505723,4.1731815,4.406584,0.23340225,4.469378,2.1414127,-2.3279653
gdb_61459,CC(OC(C)=O)C1CN1,CC(O)OC(C)C1CN1,0.7552685465057039,0.89065,0.8441221,-0.046527863,0.53553957,0.16703404,-0.36850554
gdb_61462,CC(OC(N)=O)C1CN1,CC(OC(N)O)C1CN1,2.450725791270372,2.3571112,2.3143332,-0.042778015,2.43165,0.6582272,-1.7734227
gdb_61466,NC(=O)CC(O)C1CN1,NC(O)CC(O)C1CN1,2.4618777912703536,2.0968,2.4296515,0.3328514,2.2177386,0.99196434,-1.2257743
gdb_61469,[NH3+]C(CC([O-])=O)C1CN1,[NH3+]C(CC([O-])O)C1CN1,2.466448791270352,2.0660346,1.5486548,-0.51737976,2.5898252,1.4819908,-1.1078343
gdb_61544,CN(CC1(C)CN1)C=O,CN(CO)CC1(C)CN1,2.888821301741189,2.789961,3.194216,0.4042549,1.3724153,1.1407313,-0.23168397
gdb_61558,CC(CN1CC1)C(N)=O,CC(CN1CC1)C(N)O,2.8847703017411845,2.6899588,2.8969824,0.20702362,2.347581,1.4803666,-0.8672143
gdb_61564,CN(CC1CN1)C(C)=O,CC(O)N(C)CC1CN1,2.8895383017411973,2.7484763,2.9014761,0.15299988,1.5959246,1.3517951,-0.24412954
gdb_61565,CN(CC1CN1)C(N)=O,CN(CC1CN1)C(N)O,4.587442546505713,4.20537,4.3998127,0.19444275,3.690215,1.2976921,-2.392523
gdb_61569,NC(=O)C(O)CC1CN1,NC(O)C(O)CC1CN1,2.466337791270348,2.2212622,2.4000494,0.17878723,2.23371,1.0394397,-1.1942704
gdb_61571,NC(=O)C(O)CN1CC1,NC(O)C(O)CN1CC1,2.4679657912703306,2.3032439,2.4724028,0.16915894,1.50673,0.42727754,-1.0794524
gdb_61573,[NH3+]C(CC1CN1)C([O-])=O,[NH3+]C(CC1CN1)C([O-])O,2.468502791270339,2.26734,1.5374091,-0.7299309,2.6357992,1.4717937,-1.1640055
gdb_61575,[NH3+]C(CN1CC1)C([O-])=O,[NH3+]C(CN1CC1)C([O-])O,2.4724547912703656,2.3500998,1.6007636,-0.74933624,1.7200457,0.9299117,-0.790134
gdb_61644,CC1NC1CN(C)C=O,CC1NC1CN(C)CO,2.88917430174115,2.7402518,3.171549,0.4312973,1.4784964,1.2532142,-0.22528219
gdb_61648,CN(CC1CN1C)C=O,CN(CO)CC1CN1C,2.903187301741184,2.7005637,3.110903,0.41033936,2.4404416,1.0086088,-1.4318328
gdb_61807,CC(NC=O)C1(C)CN1,CC(NCO)C1(C)CN1,2.884679301741187,2.4414923,3.0734847,0.63199234,1.8819323,1.0135542,-0.86837804
gdb_61813,CC(OC=O)C1(C)CN1,CC(OCO)C1(C)CN1,0.7683725465057023,0.6762869,0.99399394,0.31770706,0.5589861,0.007234898,-0.55175126
gdb_61827,CC(NC=O)C1CN1C,CC(NCO)C1CN1C,2.894527301741164,2.4661086,3.0683997,0.6022911,2.6450331,1.474152,-1.1708812
gdb_61828,CC(NC=O)C1NC1C,CC(NCO)C1NC1C,2.881794301741195,2.491526,3.1057036,0.6141777,1.592107,1.5416108,-0.05049622
gdb_61834,CC(OC=O)C1CN1C,CC(OCO)C1CN1C,0.7815015465057513,0.69151133,1.0308554,0.33934408,0.7199855,1.1362532,0.41626775
gdb_61835,CC(OC=O)C1NC1C,CC1NC1C(C)OCO,0.7679245465057534,0.7130911,1.0613272,0.34823614,0.60957366,0.1444553,-0.46511835
gdb_61885,CC(CN1CC1)NC=O,CC(CN1CC1)NCO,2.891512301741159,2.5230658,3.0766432,0.5535774,2.4745512,1.6903627,-0.7841885
gdb_61886,CC(CN1CC1)OC=O,CC(CN1CC1)OCO,0.7786675465057442,0.72011775,1.077738,0.3576203,0.5751694,0.7652,0.19003063
gdb_62073,CN(CCN1CC1)C=O,CN(CO)CCN1CC1,2.901342301741181,2.7794058,3.1607153,0.3813095,2.226244,1.0709914,-1.1552526
gdb_62112,CC(CNC=O)N1CC1,CC(CNCO)N1CC1,2.8940703017411806,2.64316,3.0814154,0.4382553,2.5789049,1.574137,-1.0047679
gdb_62116,CC(COC=O)N1CC1,CC(COCO)N1CC1,0.7807305465057084,0.8150427,1.0471594,0.23211676,0.52907604,0.7028635,0.17378747
gdb_62124,OC(CNC=O)C1CN1,OCNCC(O)C1CN1,2.4816257912703463,2.2047255,2.6639044,0.45917892,1.7859305,0.7699189,-1.0160116
gdb_62127,OC(COC=N)C1CN1,NCOCC(O)C1CN1,2.5184087912703603,2.3191245,2.640917,0.3217926,1.3976836,0.7727686,-0.624915
gdb_62130,OC(COC=O)C1CN1,OCOCC(O)C1CN1,0.3737870360349689,0.36905497,0.6252462,0.25619125,0.28361967,-0.21176818,-0.49538785
gdb_62340,CC1(C#C)C2OC(=O)C12,C#CC1(C)C2OC(O)C21,-2.2441110810072478,-2.1259897,-1.9488046,0.17718506,-2.0851839,-1.820062,0.26512182
gdb_62347,CC1(C#N)C2OC(=O)C12,CC1(C#N)C2OC(O)C21,-0.5882788362426368,-0.51329213,-0.33474904,0.17854309,-0.055032134,0.027544314,0.082576446
gdb_62349,NC1(C#C)C2OC(=O)C12,C#CC1(N)C2OC(O)C21,-0.5254138362426488,-0.62266713,-0.4317606,0.19090652,-0.14063312,-0.30946767,-0.16883455
gdb_62352,NC1(C#N)C2OC(=O)C12,N#CC1(N)C2OC(O)C21,1.1287994085219566,0.990267,1.1794302,0.18916327,1.3066596,1.1008052,-0.20585442
gdb_62356,OC1(C#C)C2OC(=O)C12,C#CC1(O)C2OC(O)C21,-2.645094591478028,-2.5958574,-2.4027994,0.19305801,-2.2610815,-2.0402915,0.22078991
gdb_62483,CC1(C)C(=N)OCC1=O,CC1(C)C(=O)COC1N,0.4282846914571792,0.2451765,0.52148265,0.27630615,0.5977388,0.17704447,-0.42069435
gdb_62488,CC1(O)C(=N)OCC1=O,CC1(O)C(=O)COC1N,0.0271071809864338,-0.23810369,0.007715404,0.24581909,0.26577023,-0.75977415,-1.0255444
gdb_62513,CC1(C(N1C=O)(C)C)C,CC1(C)N(CO)C1(C)C,1.1722560569765506,1.1753142,1.6328452,0.45753098,1.062092,0.7343927,-0.32769924
gdb_62515,CC1(C)C(C#C)N1C=O,C#CC1N(CO)C1(C)C,0.119357615165029,0.16188258,0.5670187,0.4051361,0.063248016,-0.027266027,-0.09051404
gdb_62516,CC1(C)C(C#N)N1C=O,CC1(C)C(C#N)N1CO,1.7746828599296691,1.79616,2.2006552,0.40449524,1.4660178,1.77608,0.31006217
gdb_62522,CC1(C)C(C=O)N1C=O,CC1(C)C(C=O)N1CO,0.4641706914571841,0.48865718,0.9484884,0.45983124,0.22972466,0.46093416,0.2312095
gdb_62568,CC1(C)C2C(=O)OC12C,CC1(C)C2C(O)OC21C,-1.198403639195817,-1.0590303,-0.91500646,0.14402384,-0.9558545,-0.5844865,0.371368
gdb_62574,CC1(O)C2C(=O)OC12C,CC1(O)C2C(O)OC21C,-1.6043601496666042,-1.5723817,-1.4164865,0.15589523,-1.2376323,-0.9365885,0.30104375
gdb_62698,CC1(O)C2C3CN=C1N23,CC1(O)C2NCC3C1N32,2.489917419867254,2.3013785,2.5601904,0.25881195,2.5275228,2.826361,0.29883814
gdb_62738,CC1(C)C2OC(=O)C12C,CC1(C)C2OC(O)C21C,-1.193455639195804,-1.1115015,-0.8361185,0.27538294,-0.9912096,-0.5844865,0.40672314
gdb_62739,CC1(C)C2OC(=O)C12N,CC1(C)C2OC(O)C21N,0.5209216055687875,0.44802302,0.679537,0.23151398,0.9826778,0.6728003,-0.3098775
gdb_62740,CC1(C)C2OC(=O)C12O,CC1(C)C2OC(O)C21O,-1.5941771496665638,-1.5234354,-1.3143365,0.20909882,-1.2899832,-0.96430135,0.3256818
gdb_62752,CC1(O)C2OC(=O)C12C,CC1(O)C2OC(O)C21C,-1.599689149666574,-1.6349847,-1.3458536,0.28913116,-1.2899832,-0.96526784,0.32471532
gdb_62753,CC1(O)C2OC(=O)C12N,CC1(O)C2OC(O)C21N,0.1199920950980413,-0.07655889,0.1705572,0.24711609,0.79822856,0.020478427,-0.77775013
gdb_62754,CC1(O)C2OC(=O)C12O,CC1(O)C2OC(O)C21O,-1.9990486601373616,-2.292013,-2.6651971,-0.3731842,-1.4923542,-1.1626548,0.3296994
gdb_62758,CC1(C)C2CC(=O)NC12,CC1(C)C2CC(O)NC21,0.8931541160395682,0.7299215,1.2087386,0.47881705,0.952852,1.1438681,0.19101608
gdb_62766,CC1(O)C2CC(=O)NC12,CC1(O)C2CC(O)NC21,0.4887746055688353,0.21685237,0.70088404,0.48403168,0.5764402,0.7456874,0.16924721
gdb_63015,CC1(C)C2CC2NC1=O,CC1(C)C(O)NC2CC21,0.8945431160395856,0.8374693,1.1595709,0.32210165,0.95518315,1.1327134,0.17753029
gdb_63023,CC1(O)C2CC2NC1=O,CC1(O)C(O)NC2CC21,0.4880846055688153,0.34939784,0.64892787,0.29953003,0.57904124,0.71145797,0.13241673
gdb_63092,CC1(C)C2COC(=N)N12,CC1(C)C2COC(N)N21,2.6354923608042213,2.6114295,2.739939,0.12850952,2.9434564,1.5780107,-1.3654457
gdb_63093,CC1(C)C2COC(=O)C12,CC1(C)C2COC(O)C21,-1.2246626391957989,-1.1496484,-0.91783696,0.23181146,-1.1577191,-0.8208238,0.33689535
gdb_63100,CC1(O)C2COC(=O)C12,CC1(O)C2COC(O)C21,-1.6296071496665832,-1.6573389,-1.4273202,0.23001862,-1.4499089,-1.2146873,0.2352215
gdb_63193,CC1(C)N=C2CC3C1N23,CC1(C)NC2CC3C1N23,2.894613930338039,2.6993315,3.086962,0.38763046,2.5095646,2.7890935,0.27952886
gdb_63214,CC1(C2(CC2)OC=N1)C,CC1(C)NCOC12CC2,0.9274611160395808,0.8321478,1.1031744,0.27102667,0.9093883,1.1518896,0.24250126
gdb_63239,CC1(C=CCNC1=O)C,CC1(C)C=CCNC1O,0.8346022019279644,0.8097517,1.2049468,0.39519507,0.8536195,0.56138086,-0.29223865
gdb_63245,CC1(O)C=CCNC1=O,CC1(O)C=CCNC1O,0.4247386914572075,0.23882884,0.6166746,0.37784576,0.47910234,0.11174008,-0.36736226
gdb_63254,CC1(CC(=O)C(=O)N1)C,CC1(C)CC(O)C(O)N1,0.406325691457198,0.4401533,1.0429251,0.6027718,0.6831401,0.34349036,-0.33964974
gdb_63279,CC1(C)OC(=N)C11CN1,CC1(C)OC(N)C12CN2,2.65662336080419,2.4966567,2.6374533,0.14079666,2.4811797,1.9289877,-0.552192
gdb_63316,CC1(C)OC(=N)N2CC12,CC1(C)OC(N)N2CC21,2.6337033608041907,2.5826857,2.65494,0.07225418,2.7654061,1.5605996,-1.2048066
gdb_63317,CC1(C)OC(=O)C2CC12,CC1(C)OC(O)C2CC21,-1.2311126391958285,-1.0776727,-0.94082433,0.13684839,-1.1667895,-0.82777566,0.33901387
gdb_63325,CC1(C)CC(=N)NC1=O,CC1(C)CC(N)NC1O,2.5175364466925885,2.5735953,2.8332083,0.25961304,2.5919113,1.2057457,-1.3861656
gdb_63326,CC1(C)CC(=N)OC1=O,CC1(C)CC(N)OC1O,0.402445691457217,0.7549917,0.7972891,0.042297363,0.7021531,0.27404246,-0.42811063
gdb_63328,CC1(C)CC(=O)NC1=N,CC1(C)CC(O)NC1N,2.5175464466925632,2.4883177,2.889147,0.40082932,2.5550923,1.1948233,-1.3602691
gdb_63330,CC1(C)CC(=O)OC1=N,CC1(C)CC(O)OC1N,0.4023676914571865,0.6830999,0.808489,0.1253891,0.6729165,0.25476077,-0.4181557
gdb_63336,CC1(C)OC(=N)CC1=O,CC1(C)OC(N)CC1=O,0.4203006914572142,0.34687632,0.47365016,0.12677383,0.6692633,0.16047964,-0.5087837
gdb_63342,CC1(N)CC(=N)OC1=O,CC1(N)CC(N)OC1O,2.118666936221814,2.2465727,2.276152,0.029579163,2.2708652,0.94958526,-1.32128
gdb_63344,CC1(O)CC(=N)NC1=O,CC1(O)CC(N)NC1O,2.110498936221802,2.0646155,2.30773,0.24311447,2.243351,1.148893,-1.094458
gdb_63345,CC1(O)CC(=N)OC1=O,CC1(O)CC(N)OC1O,-0.0034588190135877,0.24439448,0.2672941,0.022899628,0.16546933,-0.049618367,-0.2150877
gdb_63347,CC1(O)CC(=O)NC1=N,CC1(O)CC(O)NC1N,2.108888936221831,1.9738104,2.3684485,0.39463806,2.234657,1.041454,-1.1932031
gdb_63349,CC1(O)CC(=O)OC1=N,CC1(O)CC(O)OC1N,-0.0050828190135803,0.16683406,0.28178996,0.1149559,0.16927446,-0.049618367,-0.21889283
gdb_63354,CC1(C=CCC(=O)N1)C,CC1(C)C=CCC(O)N1,0.8304562019279729,0.8237974,1.1856177,0.36182028,0.84820986,0.5689866,-0.27922326
gdb_63549,CC1(C)CC11CN=CO1,CC1(C)CC12CNCO2,0.9276981160396076,0.8005888,1.1917746,0.39118582,0.92181265,1.1304828,0.20867014
gdb_63552,CC1(O)CC11CN=CO1,CC1(O)CC12CNCO2,0.5266796055688019,0.28856105,0.6827108,0.39414978,0.28944364,0.5335709,0.24412724
gdb_63561,CC1(C)NC11COC1=N,CC1(C)NC12COC2N,2.6544063608042165,2.5691168,2.8170416,0.2479248,2.4874978,1.9052134,-0.58228445
gdb_63602,CC1(C)NC1C#CC=O,CC1(C)NC1C#CCO,0.1261426151650084,0.095716655,0.39521617,0.2994995,0.2319819,0.38329986,0.15131795
gdb_63607,CC1(C)CN1C(=N)C#N,CC1(C)CN1C(N)C#N,3.909046615165039,3.7255194,3.9010184,0.17549896,2.501625,3.7188337,1.2172086
gdb_63608,CC1(CN1C(=O)C#C)C,C#CC(O)N1CC1(C)C,0.1154436151650202,0.16602534,0.4435255,0.27750015,-0.10112176,-0.06870124,0.032420523
gdb_63609,CC1(CN1C(=O)C#N)C,CC1(C)CN1C(O)C#N,1.7732768599296378,1.7656577,2.063681,0.29802322,1.1538306,1.5554137,0.40158308
gdb_63610,CC1(C)NC1C(=O)C#C,C#CC(O)C1NC1(C)C,0.1280266151650266,0.12423915,0.38835353,0.26411438,-0.08797363,0.08964569,0.17761932
gdb_63611,CC1(C)NC1C(=O)C#N,CC1(C)NC1C(O)C#N,1.7868298599296395,1.7174246,2.014353,0.2969284,0.98574644,1.9983315,1.0125852
gdb_63617,CC1(C)CN1C(=N)C=O,CC1(C)CN1C(N)CO,2.5998534466925776,2.5511343,2.9699652,0.41883087,1.7651442,1.1124047,-0.6527395
gdb_63618,CC1(CN1C(=O)C=O)C,CC1(C)CN1C(O)CO,0.461400691457186,0.49212855,1.189543,0.69741446,0.1645581,0.5320596,0.3675015
gdb_63619,CC1(C)NC1C(=O)C=O,CC1(C)NC1C(O)CO,0.4745646914572035,0.539385,1.1213553,0.5819703,-0.081303865,0.39202884,0.4733327
gdb_63682,CC1(C)NC1CNC=O,CC1(C)NC1CNCO,2.878189301741145,2.6800368,3.150904,0.47086716,1.8703617,0.9239145,-0.9464472
gdb_63683,CC1(C)NC1COC=O,CC1(C)NC1COCO,0.7672695465057018,0.83798426,1.1106436,0.27265936,0.5472263,0.036196038,-0.51103026
gdb_64064,CC1(CNC(=O)C1=O)C,CC1(C)CNC(O)C1O,0.4105276914571618,0.40932292,1.0333159,0.623993,0.6519686,0.2843225,-0.3676461
gdb_64068,CC1(C(=O)C(=O)CO1)C,CC1(C)OCC(O)C1O,-1.674851063778192,-1.7151735,-1.0792177,0.6359558,-1.8069913,-0.91912836,0.887863
gdb_64071,CC1(O)CNC(=O)C1=O,CC1(O)CNC(O)C1O,0.0043281809864197,-0.11747533,0.5044653,0.6219406,0.26976955,-0.060651515,-0.33042106
gdb_64097,CC1(COC(=O)CO1)C,CC1(C)COC(O)CO1,-1.3871262087296827,-1.3260629,-1.0808847,0.24517822,-1.5494497,-1.0891435,0.46030617
gdb_64318,CC1(CCN=COC1)C,CC1(C)CCNCOC1,1.173735056976568,1.2680151,1.4773428,0.2093277,1.2277145,0.8635449,-0.36416966
gdb_64321,CC1(O)CCN=COC1,CC1(O)CCNCOC1,0.7626205465057296,0.6904852,0.91311854,0.22263336,0.52677757,0.42827737,-0.09850019
gdb_64344,CC1(COCC(=O)O1)C,CC1(C)COCC(O)O1,-1.3903072087296664,-1.1930368,-1.0767114,0.11632538,-1.4933814,-1.0734208,0.41996062
gdb_64429,CC1(CCCN=CO1)C,CC1(C)CCCNCO1,1.168029056976536,1.1197455,1.4010947,0.28134918,1.2277141,0.9333924,-0.29432166
gdb_64430,CC1(CCOC=NC1)C,CC1(C)CCOCNC1,1.174781056976542,1.2121375,1.5293944,0.31725693,1.2278072,0.8635449,-0.36426228
gdb_64435,CC1(O)CCOC=NC1,CC1(O)CCOCNC1,0.7634855465057058,0.6443693,0.97596186,0.33159256,0.52553076,0.42827737,-0.09725338
gdb_64453,CC1(C(=O)OCCO1)C,CC1(C)OCCOC1O,-1.387214208729631,-1.4197862,-1.1037271,0.3160591,-1.3618792,-1.0505053,0.31137395
gdb_64466,CC1(CCCOC=N1)C,CC1(C)CCCOCN1,1.171535056976552,1.2367804,1.4193518,0.18257141,1.2299291,0.9126381,-0.31729096
gdb_64547,CC1(C=O)C2OC(=O)C12,CC1(C=O)C2OC(O)C21,-1.900704004715124,-1.7583978,-1.5821664,0.17623138,-1.647618,-1.4793164,0.1683017
gdb_64551,OC1(C=O)C2OC(=O)C12,O=CC1(O)C2OC(O)C21,-2.3039325151858634,-2.2765596,-2.0816286,0.19493103,-1.463946,-2.313653,-0.849707
gdb_64604,CC1(C=O)N=CNC1=N,CC1(C=O)NCNC1N,3.96335283640866,3.6845725,4.116884,0.43231177,2.2116694,2.2525237,0.040854216
gdb_64606,CC1(C=O)N=COC1=O,CC1(C=O)NCOC1O,-0.2933946740621991,-0.06593114,0.18015498,0.24608612,0.40168598,-1.09513,-1.4968159
gdb_64633,CC1(N=CNC1=N)C#C,C#CC1(C)NCNC1N,3.6227887601165207,3.3268988,3.80324,0.47634125,1.4534999,1.6981769,0.24467695
gdb_64634,CC1(N=CNC1=N)C#N,CC1(C#N)NCNC1N,5.275969004881119,4.9522953,5.407137,0.4548416,3.978812,4.81791,0.8390982
gdb_64637,CC1(N=COC1=O)C#C,C#CC1(C)NCOC1O,-0.6359727503542558,-0.42897588,-0.13656789,0.292408,-0.48716104,-0.3403599,0.14680114
gdb_64638,CC1(N=COC1=O)C#N,CC1(C#N)NCOC1O,1.0207704944103284,1.1974738,1.4677985,0.2703247,1.4261408,0.94791156,-0.47822922
gdb_64697,CC1(CC#C)CN1C=O,C#CCC1(C)CN1CO,0.1215286151650048,0.097227275,0.5514242,0.45419693,-0.14128526,-0.09525124,0.046034016
gdb_64701,CC1(CC#N)CN1C=O,CC1(CC#N)CN1CO,1.7742458599296356,1.6459715,2.0993636,0.45339203,1.3257247,1.362386,0.036661267
gdb_64790,CC1(CC#CC=O)CN1,CC1(CC#CCO)CN1,0.1317106151650477,-0.0087412,0.2623312,0.2710724,0.09015115,0.12668416,0.036533006
gdb_64794,CC1(CC(=O)C#C)CN1,C#CC(O)CC1(C)CN1,0.1340196151650161,-0.08437902,0.26999873,0.35437775,-0.023343574,0.034019075,0.05736265
gdb_64797,CC1(CC(=O)C#N)CN1,CC1(CC(O)C#N)CN1,1.7933148599296374,1.520922,1.8952582,0.37433624,1.0720257,2.0352566,0.96323097
gdb_64808,CC1(CC(=N)O1)C1CN1,CC1(C2CN2)CC(N)O1,2.657704360804189,2.5775893,2.6432402,0.06565094,2.5233417,2.459341,-0.06400061
gdb_64823,CC1(CC(=O)C=O)CN1,CC1(CC(O)CO)CN1,0.480916691457196,0.34391993,1.061827,0.717907,-0.37930834,0.31096968,0.69027805
gdb_64830,CC1(CC(=O)C=C1)C#C,C#CC1(C)CCC(O)C1,-1.915946484648145,-1.8718698,-1.2054651,0.6664047,-1.2943786,-1.3203205,-0.025941849
gdb_64831,CC1(CC(=O)C=C1)C#N,CC1(C#N)CCC(O)C1,-0.2629112398835218,-0.25662404,0.39512843,0.6517525,-0.5008355,0.34912297,0.8499584
gdb_64832,CC1(NC(=O)C=C1)C#C,C#CC1(C)CCC(O)N1,-0.2227622398834796,-0.32649022,0.43976802,0.76625824,0.12399987,-0.15183254,-0.2758324
gdb_64837,OC1(CC(=O)C=C1)C#C,C#CC1(O)CCC(O)C1,-2.3192909951188767,-2.4394243,-1.6926973,0.746727,-2.0263448,-1.7672921,0.25905263
gdb_64838,OC1(CC(=O)C=C1)C#N,N#CC1(O)CCC(O)C1,-0.663842750354263,-0.819742,-0.08910161,0.7306404,-1.0933304,0.022920577,1.116251
gdb_64839,CC1(CC(=O)C=C1)C=O,CC1(C=O)CCC(O)C1,-1.5717844083559385,-1.5443475,-0.8462313,0.69811624,-1.7820058,-1.0224999,0.75950587
gdb_64840,CC1(NC(=O)C=C1)C=O,CC1(C=O)CCC(O)N1,0.1171778364086435,-0.009355366,0.75837535,0.7677307,-0.07983162,0.3365092,0.41634083
gdb_64843,OC1(CC(=O)C=C1)C=O,O=CC1(O)CCC(O)C1,-1.9824059188267145,-2.1494348,-1.3797967,0.76963806,-2.8797143,-1.550117,1.3295972
gdb_64981,CC1(CN1)C(=N)NC=O,CC1(C(N)NCO)CN1,4.277887691457181,4.0843563,4.5563145,0.47195816,3.5473607,2.0520377,-1.495323
gdb_64982,CC1(CN1)C(=N)OC=O,CC1(C(N)OCO)CN1,2.177182936221812,2.3267767,2.491213,0.16443634,2.0583043,0.7896125,-1.2686918
gdb_64984,CC1(CN1)C(=O)NC=N,CC1(C(O)NCN)CN1,4.284710691457178,3.9463294,4.6011143,0.6547849,3.5473607,2.0520377,-1.495323
gdb_64985,CC1(CN1)C(=O)NC=O,CC1(C(O)NCO)CN1,2.1445319362218243,1.9988806,2.6574996,0.6586189,1.9483047,0.97477835,-0.9735263
gdb_64986,CC1(CN1)C(=O)OC=N,CC1(C(O)OCN)CN1,2.1693139362217835,2.277918,2.5639517,0.28603363,2.041867,0.9543732,-1.0874939
gdb_65147,CC1(CN1)C1CC(=N)O1,CC1(C2CC(N)O2)CN1,2.660378360804202,2.4843886,2.647486,0.16309738,2.5327165,2.4544504,-0.078266144
gdb_65220,CC1(CO1)C1CN=CO1,CC1(C2CNCO2)CO1,0.5252306055688223,0.39812297,0.72839564,0.33027267,0.56884056,0.7966135,0.22777295
gdb_65231,CC1(CN1)C1CNC1=O,CC1(C2CNC2O)CN1,2.641370360804217,2.4522994,2.7873824,0.335083,2.6961434,2.5582924,-0.137851
gdb_65676,CC1(NC=O)C2COC12,CC1(NCO)C2COC21,0.5449916055687822,0.15735072,0.7509977,0.593647,0.4366348,0.78806853,0.35143372
gdb_65678,CC1(OC=N)C2COC12,CC1(OCN)C2COC21,0.576593605568803,0.3297407,0.6828634,0.3531227,0.5319317,0.983879,0.45194733
gdb_65680,CC1(OC=O)C2COC12,CC1(OCO)C2COC21,-1.5664371496665694,-1.5820329,-1.3099496,0.27208328,-1.4418532,-1.3228039,0.11904931
gdb_65709,CC1(CC=O)CN1C=O,CC1(CC=O)CN1CO,0.4677886914572013,0.44154948,0.8805143,0.43896484,0.1853339,0.46295527,0.2776214
gdb_65790,CC1(CN=CO1)C1CO1,CC1(C2CO2)CNCO1,0.5263976055688318,0.3935606,0.75219935,0.35863876,0.5809063,0.80843025,0.22752398
gdb_65793,CC1(CC=CC1=O)C#C,C#CC1(C)CCCC1O,-1.916276484648108,-1.8380182,-1.2589548,0.5790634,-1.5451924,-1.2877291,0.25746322
gdb_65794,CC1(CC=CC1=O)C#N,CC1(C#N)CCCC1O,-0.2637662398835232,-0.23067266,0.3481924,0.57886505,-0.6470212,0.48844114,1.1354623
gdb_65797,OC1(CC=CC1=O)C#C,C#CC1(O)CCCC1O,-2.3203819951189075,-2.2666376,-1.7191179,0.5475197,-2.070057,-1.7230474,0.34700954
gdb_65798,OC1(CC=CC1=O)C#N,N#CC1(O)CCCC1O,-0.6658767503543004,-0.6509493,-0.10957891,0.5413704,-1.2744123,0.046371862,1.3207841
gdb_65799,CC1(CC=CC1=O)C=O,CC1(C=O)CCCC1O,-1.576229408355971,-1.4862382,-0.9005106,0.58572763,-1.6911544,-0.984733,0.7064214
gdb_65801,OC1(CC=CC1=O)C=O,O=CC1(O)CCCC1O,-1.9794669188267449,-1.9603746,-1.4068277,0.5535469,-2.5902,-1.5214279,1.0687721
gdb_65833,CC1(CNC(=O)O1)C#C,C#CC1(C)CNC(O)O1,-0.3500548953057318,-0.39146596,-0.11768514,0.27378082,-0.2038842,-0.39499387,-0.19110967
gdb_65834,CC1(CNC(=O)O1)C#N,CC1(C#N)CNC(O)O1,1.3060523494588665,1.2158568,1.4848006,0.2689438,1.5353687,0.82629025,-0.70907843
gdb_65843,CC1(COC(=O)N1)C#C,C#CC1(C)COC(O)N1,-0.348581895305756,-0.3356188,-0.103315175,0.23230362,-0.18092899,-0.40271574,-0.22178675
gdb_65869,CC1(CNC(=O)O1)C=O,CC1(C=O)CNC(O)O1,-0.0089928190135992,-0.0393427,0.18940943,0.22875214,-0.09234677,-1.1418667,-1.0495199
gdb_65874,CC1(COC(=O)N1)C=O,CC1(C=O)COC(O)N1,-0.0045888190135769,-0.00641042,0.21500605,0.22141647,-0.08927724,-1.1656954,-1.0764182
gdb_65980,CC1(CNC1=O)C1CN1,CC1(C2CN2)CNC1O,2.645891360804171,2.537413,2.852133,0.31472015,2.7060282,2.568759,-0.13726926
gdb_65997,NC1(CNC1=O)C1CN1,NC1(C2CN2)CNC1O,4.3600506055688015,4.082697,4.34704,0.26434326,4.3015084,3.0516167,-1.2498918
gdb_66007,OC1(CNC1=N)C1CO1,NC1NCC1(O)C1CO1,2.262628850333442,2.0915968,2.223635,0.13203812,1.9936702,1.6890074,-0.30466282
gdb_66009,OC1(CNC1=O)C1CN1,OC1NCC1(O)C1CN1,2.236876850333431,2.111872,2.3964446,0.2845726,2.1119108,1.7964811,-0.3154297
gdb_66399,CC12C(OC1=O)C2C#C,C#CC1C2OC(O)C12C,-2.245771081007262,-2.2009637,-1.9411752,0.2597885,-2.0701032,-1.8114798,0.25862336
gdb_66400,CC12C(OC1=O)C2C#N,CC12C(O)OC1C2C#N,-0.5899308362426723,-0.56614476,-0.30762655,0.25851822,-0.007857178,0.028703924,0.0365611
gdb_66404,NC12C(OC1=O)C2C#C,C#CC1C2OC(O)C12N,-0.530500836242652,-0.65298253,-0.4288538,0.22412872,-0.0902926,-0.3099002,-0.21960759
gdb_66405,NC12C(OC1=O)C2C#N,N#CC1C2OC(O)C12N,1.1252514085219332,0.9821188,1.2048857,0.22276694,1.3083358,1.0946451,-0.21369064
gdb_66413,OC12C(OC1=O)C2C#C,C#CC1C2OC(O)C12O,-2.6440965914780463,-2.6344812,-2.424322,0.2101593,-2.1520982,-2.055586,0.09651208
gdb_66414,OC12C(OC1=O)C2C#N,N#CC1C2OC(O)C12O,-0.9879113467134176,-0.9992998,-0.7904032,0.20889664,-0.46444488,-0.55050886,-0.08606398
gdb_66420,CC12C(OC1=O)C2C=O,CC12C(O)OC1C2C=O,-1.90146300471514,-1.8061655,-1.5498064,0.2563591,-1.6187325,-1.4676846,0.15104783
gdb_66602,OC12C3C1C1N=C2NC31,OC12C3NC4C(N3)C1C42,2.3264464789302224,2.1777976,2.4290411,0.2512436,2.3090425,2.5058346,0.19679213
gdb_66876,NC12C3N=C4CC1N4C23,NC12C3NC4CC1N4C32,4.374671234165646,3.9812949,4.3492985,0.3680036,3.6822643,3.56087,-0.121394396
gdb_66879,OC12C3N=C4CC1N4C23,OC12C3NC4CC1N4C32,2.2571924789302216,1.9897826,2.3805754,0.39079285,2.2125692,2.4066088,0.19403958
gdb_67055,CC12C3CC1(C3)OC2=O,CC12C3CC1(C3)OC2O,-1.331115580132746,-1.3768137,-1.1870592,0.18975449,-1.4077188,-1.0837051,0.3240137
gdb_67062,NC12C3CC1(C3)OC2=O,NC12C3CC1(C3)OC2O,0.2707906646318747,0.1801092,0.32399958,0.14389038,0.5468371,0.66644216,0.119605064
gdb_67067,OC12C3CC1(C3)OC2=O,OC1OC23CC(C2)C13O,-1.7387420906035231,-1.768728,-1.6434152,0.1253128,-1.4635507,-1.5008578,-0.037307143
gdb_67127,CC12C3CCN=C1OC23,CC12C3NCCC1C2O3,0.7625481751026655,0.76278514,0.97904414,0.216259,0.80605334,1.1971262,0.3910728
gdb_67128,NC12C3CCN=C1OC23,NC12C3NCCC1C2O3,2.479133419867253,2.3117964,2.4787505,0.16695404,2.6958067,3.1123688,0.41656208
gdb_67132,OC12C3CCN=C1OC23,OC12C3NCCC1C2O3,0.3628816646319137,0.32863444,0.5078108,0.17917633,0.5159659,0.8392894,0.32332355
gdb_67136,CC12C3CN1C(=N)C23O,CC12C3CN1C(N)C32O,2.455891419867271,2.24354,2.4980452,0.25450516,1.9232352,2.274912,0.35167694
gdb_67166,CC12C3CN1C(=N)OC23,CC12C3CN1C(N)OC32,2.421585419867256,2.3551962,2.4974272,0.14223099,2.5276837,1.4919448,-1.035739
gdb_67168,CC12C3CN1C(=O)NC23,CC12C3CN1C(O)NC32,2.3956864198672747,2.3030226,2.7340033,0.43098068,2.5264854,2.5831392,0.056653738
gdb_67169,CC12C3CN1C(=O)OC23,CC12C3CN1C(O)OC32,0.2781376646319131,0.3062002,0.6152136,0.30901337,0.47006318,0.60230315,0.13223997
gdb_67327,CC12C3CC1C3N2C=O,CC12C3CC1C3N2CO,0.7487341751026406,0.6452696,1.1460326,0.500763,0.6082138,0.48801336,-0.120200425
gdb_67330,CC12C3NC1C3N2C=O,CC12C3NC1C3N2CO,2.475721419867284,2.388674,2.8931067,0.5044327,2.3226223,2.785309,0.46268678
gdb_67346,CC12C3OC1C3NC2=O,CC12C(O)NC3C1OC32,0.3005876646319052,0.24102992,0.5834448,0.34241486,0.504224,0.8266434,0.3224194
gdb_67353,NC12C3OC1C3NC2=O,NC12C(O)NC3C1OC32,2.014713909396505,1.7961447,2.084471,0.28832626,2.0092835,1.3245225,-0.68476105
gdb_67367,OC12C3OC1C3NC2=O,OC1NC2C3OC2C13O,-0.1043178458388638,-0.18486577,0.10402125,0.28888702,0.05163555,-0.13803893,-0.18967448
gdb_67509,CC12C3NC3C1N2C=O,CC12C3NC3C1N2CO,2.4658494198672543,2.4210036,2.8832762,0.46227264,1.8652171,2.626833,0.7616159
gdb_67517,CC12C(NC1=O)C1CN21,CC12C(O)NC1C1CN12,2.422768419867282,2.3343222,2.6778128,0.3434906,2.5383282,2.6733322,0.13500404
gdb_67523,CC12C3CC3C1OC2=O,CC12C(O)OC1C1CC12,-1.421004580132717,-1.3663194,-1.1238229,0.24249649,-1.4240159,-1.1424528,0.28156304
gdb_67535,NC12C3CC3C1OC2=O,NC12C(O)OC1C1CC12,0.2964666646319074,0.18945521,0.3766119,0.18715668,0.431176,0.47587013,0.044694126
gdb_67545,OC12C3CC3C1OC2=O,OC1OC2C3CC3C12O,-1.822119090603508,-1.7938669,-1.5986421,0.19522476,-1.7954661,-1.5002146,0.2952515
gdb_67548,OC12C3NC3C1NC2=N,NC1NC2C3NC3C12O,4.170413664631894,3.9700758,4.1335163,0.16344047,3.8764744,3.1696591,-0.70681524
gdb_67685,OC12C3CNC1=NCC23,OC12C3NCC1C2CN3,2.456023419867279,2.4192297,2.5679305,0.14870071,2.747577,2.8842993,0.13672233
gdb_67833,CC12N=COC11CC2C1,CC12NCOC13CC2C3,0.7607911751026677,0.49921626,0.8425543,0.343338,0.62995267,0.7278423,0.0978896
gdb_67862,CC12C=CCC1OC2=N,CC12C=CCC1OC2N,0.6185432609910322,0.46811503,0.7228796,0.25476456,0.70235556,0.6377203,-0.06463528
gdb_67867,NC12C=CCC1OC2=N,NC1OC2CC=CC12N,2.334311505755636,1.9653418,2.1945212,0.22917938,2.0913982,1.6066419,-0.48475635
gdb_67872,OC12C=CCC1OC2=N,NC1OC2CC=CC12O,0.2146057505202634,7.075071e-05,0.2146551,0.21458435,0.3371485,0.19556428,-0.1415842
gdb_67875,CC12C=CCC1OC=N2,CC12C=CCC1OCN2,0.6026372609910595,0.50344676,0.8144476,0.31100082,0.6852961,0.74877685,0.063480735
gdb_67902,CC12NC(=O)C1N1CC21,CC12NC(O)C1N1CC12,2.4247814198672586,2.424147,2.6598685,0.23572159,2.4719505,2.6616137,0.18966317
gdb_67907,CC12OC(=O)C1C1CC21,CC12OC(O)C1C1CC12,-1.4246675801327342,-1.3147485,-1.18033,0.13441849,-1.441981,-1.150252,0.29172897
gdb_67924,CC12OC(=O)C1C2C#C,C#CC1C2C(O)OC12C,-2.249950081007285,-2.1236207,-1.9946496,0.1289711,-2.007301,-1.7932959,0.21400523
gdb_67925,CC12OC(=O)C1C2C#N,CC12OC(O)C1C2C#N,-0.5940618362426449,-0.4891222,-0.36084157,0.12828064,0.0033469559,0.058911353,0.055564396
gdb_67933,CC12OC(=O)C1C2C=O,CC12OC(O)C1C2C=O,-1.9057930047151217,-1.7328584,-1.6050622,0.12779617,-1.6215576,-1.464864,0.15669358
gdb_67940,CC12CC=CC1C(=N)O2,CC12CC=CC1C(N)O2,0.6157192609910567,0.63012904,0.6972982,0.06716919,0.7306436,0.6568427,-0.07380086
gdb_67950,CC12OC(=O)C1CC=C2,CC12C=CCC1C(O)O2,-1.528727494244322,-1.4754617,-1.2925508,0.18291092,-1.4735217,-1.1477044,0.32581735
gdb_67966,CC12CCOC1C(=O)O2,CC12CCOC1C(O)O2,-1.6361441496665634,-1.4134462,-1.3593004,0.054145813,-1.550196,-0.90777504,0.642421
gdb_67978,CC12NC(=O)C3C1OC23,CC12NC(O)C3C1OC32,0.2998496646318926,0.30276316,0.5863287,0.28356552,0.45477915,0.80510795,0.3503288
gdb_67995,CC12NC(=O)N3CC1C23,CC12NC(O)N3CC1C32,2.39828141986726,2.3311636,2.7139227,0.3827591,2.4339957,2.5922306,0.15823483
gdb_68002,CC12OC(=O)N3CC1C23,CC12OC(O)N3CC1C32,0.2786516646318659,0.27151316,0.5388395,0.26732635,0.40406194,0.53618604,0.1321241
gdb_68165,CC12CC(C1)C(=O)OC2,CC12COC(O)C(C1)C2,-1.221028639195822,-1.1268442,-0.8808535,0.2459907,-1.0813148,-0.8582786,0.22303623
gdb_68168,CC12CC(O1)C(=N)OC2,CC12COC(N)C(C1)O2,0.5176366055687822,0.4716131,0.61629695,0.14468384,0.47792295,0.9917634,0.51384044
gdb_68175,OC12CC(C1)C(=O)OC2,OC1OCC2(O)CC1C2,-1.6268741496666053,-1.6330621,-1.3776453,0.25541687,-1.4997239,-1.3559074,0.14381647
gdb_68454,CC12CC(C1)COC2=O,CC12CC(COC1O)C2,-1.221459639195814,-1.219404,-0.9268282,0.29257578,-1.0776212,-0.8682908,0.20933044
gdb_68460,CC12CC(COC1=N)O2,CC12CC(COC1N)O2,0.5174986055687896,0.34765452,0.6146795,0.267025,0.5846454,0.998198,0.41355258
gdb_68466,OC12CC(C1)COC2=O,OC1OCC2CC1(O)C2,-1.63314714966657,-1.6516855,-1.3897645,0.26192093,-1.4751799,-1.3451858,0.12999415
gdb_68525,CC12OC(C=C1)C(=N)O2,CC12C=CC(O1)C(N)O2,0.2129247505202443,-0.06811315,0.053796947,0.121910095,0.07660818,0.1493791,0.07277092
gdb_68645,CC12OC(OC1=N)C=C2,CC12C=CC(OC1N)O2,0.2152317505202745,-0.114702046,0.21827906,0.3329811,0.12767825,0.087392926,-0.04028532
gdb_68702,CC12CC1(C#C)C(=O)O2,C#CC12CC1(C)OC2O,-2.2554620810072947,-2.214319,-1.9894617,0.22485733,-1.7023323,-1.9246149,-0.22228265
gdb_68705,CC12CC1(C#N)C(=O)O2,CC12CC1(C#N)C(O)O2,-0.5990258362426744,-0.6120623,-0.3726328,0.23942947,-0.18057688,-0.26519546,-0.08461858
gdb_68751,CC12CC1(C)C(=O)OC2,CC12COC(O)C1(C)C2,-1.2303236391958308,-1.1737497,-0.91041356,0.26333612,-1.0226552,-0.78496194,0.23769331
gdb_68752,CC12CC1(N)C(=O)OC2,CC12COC(O)C1(N)C2,0.4841936055688052,0.384741,0.59909266,0.21435165,0.7320359,0.633425,-0.09861088
gdb_68758,CC12CC1(O)C(=O)OC2,CC12COC(O)C1(O)C2,-1.6327941496665517,-1.5928171,-1.3677614,0.2250557,-1.3427005,-1.2249544,0.117746115
gdb_68762,CC12CC1(O)COC2=O,CC12CC1(O)COC2O,-1.6318581496665845,-1.6604555,-1.3782213,0.2822342,-1.3427005,-1.227718,0.114982486
gdb_68771,NC12CC1(O)COC2=O,NC12CC1(O)COC2O,0.0822680950980156,-0.09863073,0.12961787,0.2282486,0.4424984,0.10187999,-0.3406184
gdb_68775,OC12CC1(O)C(=O)OC2,OC1OCC2(O)CC12O,-2.032437660137361,-2.1357553,-2.4632623,-0.32750702,-1.6067933,-1.314457,0.29233623
gdb_68901,CC12CC1(C)NC(=O)C2,CC12CC(O)NC1(C)C2,0.8882481160395628,0.87467784,1.2091734,0.3344956,0.989543,1.0950973,0.10555428
gdb_68910,CC12CC1(O)CC(=O)N2,CC12CC1(O)CC(O)N2,0.4845606055687881,0.41102046,0.7669508,0.35593033,0.5938217,0.60067064,0.0068489313
gdb_68939,CC12CC1(C=O)C(=O)O2,CC12CC1(C=O)C(O)O2,-1.9126290047151429,-1.831949,-1.6153467,0.21660233,-1.7062572,-1.6265627,0.07969451
gdb_69015,CC12CC1(OC2=O)C#C,C#CC12CC1(C)C(O)O2,-2.251462081007276,-2.2721994,-1.9978807,0.2743187,-1.7476908,-1.9406581,-0.1929673
gdb_69016,CC12CC1(OC2=O)C#N,CC12CC1(C#N)OC2O,-0.5928188362426567,-0.66453344,-0.39198095,0.2725525,-0.06819715,-0.2210219,-0.15282476
gdb_69025,NC12CC1(OC2=O)C#C,C#CC12CC1(N)C(O)O2,-0.53614083624268,-0.7175959,-0.4803484,0.23724747,-0.49337688,-0.17270339,0.3206735
gdb_69026,NC12CC1(OC2=O)C#N,N#CC12CC1(N)C(O)O2,1.1221554085219625,0.8909208,1.1265128,0.23559195,1.363257,1.2153885,-0.14786851
gdb_69034,OC12CC1(OC2=O)C#C,C#CC12CC1(O)C(O)O2,-2.6485425914780194,-2.6903474,-2.4651086,0.2252388,-2.0464385,-2.1109896,-0.064551115
gdb_69035,OC12CC1(OC2=O)C#N,N#CC12CC1(O)C(O)O2,-0.9892163467134196,-1.0812967,-0.85707265,0.22422403,-0.6625555,-0.4482134,0.21434212
gdb_69039,CC12CC1(OC2=O)C=O,CC12CC1(C=O)OC2O,-1.9085700047151024,-1.9285333,-1.6814401,0.2470932,-1.5336443,-1.6325501,-0.0989058
gdb_69046,OC12CC1(OC2=O)C=O,O=CC12CC1(O)C(O)O2,-2.305887515185873,-2.3418672,-2.260824,0.08104324,-1.4532214,-2.0297894,-0.576568
gdb_69053,CC12CC1(CO2)NC=O,CC12CC1(NCO)CO2,0.5357496055688102,0.1629278,0.7280218,0.565094,0.29193622,0.68637145,0.39443523
gdb_69054,CC12CC1(CO2)OC=N,CC12CC1(OCN)CO2,0.5680186055687955,0.3158056,0.66171473,0.34590912,0.41345933,0.93314946,0.51969016
gdb_69055,CC12CC1(CO2)OC=O,CC12CC1(OCO)CO2,-1.5747551496666006,-1.5962732,-1.3292787,0.26699448,-1.5543083,-1.301389,0.25291932
gdb_69124,CC12CC(=O)C(=O)C1N2,CC12CC(O)C(O)C1N2,0.2052167505202646,0.24731654,0.85041255,0.603096,-0.105823874,0.75606006,0.86188394
gdb_69128,CC12CC1C(=O)C(=O)C2,CC12CC(O)C(O)C1C2,-1.5132024942443536,-1.498697,-0.88681585,0.6118812,-1.4304372,-0.8728413,0.5575959
gdb_69133,OC12CC1C(=O)C(=O)C2,OC1CC2(O)CC2C1O,-1.91490400471514,-1.9751184,-1.3421991,0.6329193,-1.6953001,-1.3123256,0.3829745
gdb_69139,CC12CN1C(=N)C1OC21,CC12CN1C(N)C1OC12,2.426704419867292,2.335848,2.4891608,0.15331268,2.1859748,2.029379,-0.15659595
gdb_69141,CC12CN1C(=O)C1NC21,CC12CN1C(O)C1NC12,2.4106874198672585,2.4432738,2.780741,0.3374672,2.201814,2.489697,0.28788304
gdb_69147,CC12NC1C(=O)N1CC21,CC12NC1C(O)N1CC12,2.4108644198672664,2.380751,2.7302115,0.3494606,2.201814,2.5135024,0.31168842
gdb_69148,CC12OC1C(=N)N1CC21,CC12OC1C(N)N1CC12,2.4203974198672995,2.2447073,2.4249785,0.18027115,2.1740124,2.0443819,-0.12963057
gdb_69172,CC12CN1C(=O)C21CC1,CC12CN1C(O)C21CC1,0.7096191751026595,0.731867,1.122206,0.39033896,0.7795416,1.0757353,0.29619372
gdb_69216,CC12CN1C(=O)OC2=N,CC12CN1C(O)OC2N,1.8886679952848908,2.2252371,2.3104498,0.08521271,1.9928032,1.109427,-0.88337624
gdb_69218,CC12NC1C(=N)OC2=O,CC12NC1C(N)OC2O,1.895018995284886,2.2889197,2.2456496,-0.04327011,2.4320297,1.6416577,-0.790372
gdb_69222,CC12NC1C(=O)OC2=N,CC12NC1C(O)OC2N,1.895217995284895,2.2551901,2.24943,-0.005760193,2.4320297,1.6342298,-0.79779994
gdb_69228,CC12OC1C(=O)NC2=O,CC12OC1C(O)NC2O,-0.2512557599504816,-0.17074758,0.30187815,0.47262573,0.4298257,0.45505762,0.025231928
gdb_69241,CC12CC1C(=O)NC=N2,CC12CC1C(O)NCN2,2.2910705057556697,2.132868,2.6760848,0.5432167,2.1813843,2.2966325,0.1152482
gdb_69270,CC12CN1C(=O)COC2,CC12COCC(O)N1C2,0.5187186055688358,0.5096876,0.906851,0.3971634,0.347676,0.729917,0.38224098
gdb_69693,CC12NC1C1C2N1C=O,CC12NC1C1C2N1CO,2.4658334198672947,2.3702452,2.8755782,0.50533295,1.8253971,2.536055,0.71065795
gdb_69702,CC12CC1C1C2OC1=O,CC12CC1C1C(O)OC12,-1.4208705801327142,-1.3561227,-1.1644495,0.19167328,-1.4475565,-1.1421449,0.30541158
gdb_69706,CC12CN1C1C2NC1=O,CC12CN1C1C(O)NC12,2.4238314198672697,2.3385184,2.7009375,0.36241913,2.4269936,2.653314,0.2263205
gdb_69720,OC12CC1C1C2OC1=O,OC1OC2C1C1CC12O,-1.8228430906034987,-1.8221872,-1.6222246,0.19996262,-1.7919763,-1.4850101,0.3069662
gdb_69748,CC12CC1C1OC(=O)C21,CC12CC1C1OC(O)C12,-1.4209845801327106,-1.3336618,-1.1615465,0.17211533,-1.4532335,-1.1420044,0.3112291
gdb_69762,OC12CC1C1OC(=O)C21,OC1OC2C3CC3(O)C12,-1.822889090603496,-1.7901704,-1.6166666,0.17350388,-1.8005359,-1.4786427,0.32189322
gdb_69792,CC12NC1C1CN1C2=O,CC12NC1C1CN1C2O,2.4091834198672477,2.3142798,2.7639258,0.449646,2.2255201,2.5520604,0.32654023
gdb_69796,CC12OC1C1CN1C2=N,CC12OC1C1CN1C2N,2.418924419867267,2.1538336,2.478594,0.32476044,2.2883008,2.0829406,-0.20536017
gdb_70123,CC12CC1C=CC=CC2,CC12CCCCCC1C2,-0.6527264733027778,-0.33503133,-0.020868123,0.3141632,-0.8706111,-0.08660888,0.7840022
gdb_70126,OC12CC1C=CC=CC2,OC12CCCCCC1C2,-1.0566659837735983,-0.8042391,-0.4673937,0.3368454,-1.1272267,-0.49535745,0.63186926
gdb_70129,CC12CC1N=CNC2=O,CC12CC1NCNC2O,2.2922385057556767,2.1076872,2.7475874,0.6399002,2.200732,2.3027833,0.10205126
gdb_70140,OC12CC1N=CNC2=O,OC1NCNC2CC12O,1.8875489952848736,1.687525,2.2995703,0.6120453,1.5672903,1.4491502,-0.1181401
gdb_70159,CC12CC1CC(=O)C2=O,CC12CC1CC(O)C2O,-1.513681494244338,-1.6182916,-0.89579564,0.722496,-1.4323276,-0.8526016,0.57972604
gdb_70165,CC12NC1CC(=O)C2=O,CC12NC1CC(O)C2O,0.2066037505202871,0.11865443,0.84786433,0.7292099,0.0025076456,0.85869086,0.85618323
gdb_70167,OC12CC1CC(=O)C2=O,OC1CC2CC2(O)C1O,-1.9158290047151356,-2.042009,-1.3387315,0.7032776,-1.6949499,-1.3225578,0.37239206
gdb_70190,CC12CC1NC(=O)CN2,CC12CC1NC(O)CN2,2.6190643608042024,2.3761466,2.7661116,0.38996506,2.413316,2.3237557,-0.08956027
gdb_70200,CC12CC1OC(=O)CO2,CC12CC1OC(O)CO2,-1.6094521496665948,-1.54825,-1.3536661,0.1945839,-1.7395155,-1.3789494,0.36056614
gdb_70201,CC12CC1OC(=O)NC2,CC12CNC(O)OC1C2,0.4810526055688342,0.4995634,0.7215521,0.22198868,0.5443099,0.6418188,0.09750891
gdb_70208,CC12CN1CC(=O)OC2,CC12COC(O)CN1C2,0.5045326055687838,0.52997035,0.8035833,0.27361298,0.35769892,0.75036025,0.39266133
gdb_70209,CC12CNC(=O)CC1N2,CC12CNC(O)CC1N2,2.607442360804214,2.449652,2.9225256,0.4728737,2.6407356,2.624448,-0.016287565
gdb_70214,CC12COC(=O)CC1O2,CC12COC(O)CC1O2,-1.6247131496666043,-1.6400201,-1.3072984,0.3327217,-1.5453289,-0.9742732,0.57105565
gdb_70225,OC12CC1OC(=O)NC2,OC1NCC2(O)CC2O1,0.0787660950980466,0.015001476,0.25752848,0.24252701,0.11474956,-0.072990194,-0.18773976
gdb_70279,CC12CN(CC1N2)C=O,CC12CN(CO)CC1N2,2.619471360804198,2.5854514,3.0708106,0.4853592,1.8669863,2.4780083,0.611022
gdb_70516,CC12CC1CC=CC=C2,CC12CCCCCC1C2,-0.6521374733027869,-0.28131276,-0.020868123,0.26044464,-0.8706111,-0.08660888,0.7840022
gdb_70519,OC12CC1CC=CC=C2,OC12CCCCCC1C2,-1.0570999837735826,-0.8055628,-0.46738988,0.3381729,-1.1111058,-0.49535745,0.61574835
gdb_70522,CC12CC1CN=COC2,CC12COCNCC1C2,0.9406411160395578,0.9347288,1.1701148,0.23538595,0.9433991,1.0108411,0.06744206
gdb_70528,OC12CC1CN=COC2,OC12COCNCC1C2,0.5360296055687854,0.45975703,0.7078497,0.24809265,0.102064714,0.697777,0.59571224
gdb_70534,CC12CC(=O)NCC1N2,CC12CC(O)NCC1N2,2.6075433608041862,2.4541876,2.8808577,0.42667007,2.6093798,2.6103675,0.0009877682
gdb_70537,CC12CC(=O)OCC1O2,CC12CC(O)OCC1O2,-1.624742149666588,-1.6162012,-1.3068368,0.30936432,-1.5531744,-0.9515953,0.60157907
gdb_70544,CC12CC1CNC(=O)O2,CC12CC1CNC(O)O2,0.4800486055688111,0.44680995,0.6397192,0.19290924,0.53178054,0.72947437,0.19769382
gdb_70552,CC12CC1NCC(=O)N2,CC12CC1NCC(O)N2,2.616528360804182,2.536608,2.847666,0.31105804,2.3981514,2.3260117,-0.07213974
gdb_70557,CC12CC1OCC(=O)O2,CC12CC1OCC(O)O2,-1.6139031496665552,-1.507673,-1.3604715,0.14720154,-1.7395155,-1.3781247,0.36139083
gdb_70675,CC12CC1COC=NC2,CC12CNCOCC1C2,0.9406051160395918,0.9177229,1.208708,0.29098517,0.9433991,1.0108411,0.06744206
gdb_70681,OC12CC1COC=NC2,OC12CNCOCC1C2,0.5356266055688366,0.45439357,0.7547857,0.30039215,0.102064714,0.697777,0.59571224
gdb_70922,CC12CC3(C1)OC=NC23,CC12CC3(C1)OCNC23,0.7544641751026688,0.71352977,1.0908415,0.37731177,0.62631756,0.7469478,0.120630264
gdb_70925,OC12CC3(C1)OC=NC23,OC12CC3(C1)OCNC23,0.3505596646318736,0.20346278,0.59044856,0.38698578,-0.18819663,0.2108757,0.39907235
gdb_70952,CC12CC3(C1)OC(=O)C23,CC12CC3(C1)OC(O)C23,-1.338794580132742,-1.1661813,-1.0360544,0.13012695,-1.3952658,-1.1087793,0.2864865
gdb_70957,OC12CC3(C1)OC(=O)C23,OC1OC23CC(O)(C2)C13,-1.7432810906034888,-1.6717203,-1.5358865,0.13583374,-1.4516395,-1.5183619,-0.06672239
gdb_71021,CC12CC34N=CN(C13)C24,CC12CC34NCN(C13)C24,2.6865759894010357,2.6331694,2.933119,0.29994965,1.8986245,2.5088282,0.6102036
gdb_71023,NC12CC34N=CN(C13)C24,NC12CC34NCN(C13)C24,4.4021292341656135,4.12887,4.425047,0.2961769,3.0292866,2.9883926,-0.04089403
gdb_71025,OC12CC34N=CN(C13)C24,OC12CC34NCN(C13)C24,2.2830584789302293,2.137419,2.4465811,0.30916214,1.753562,1.9047016,0.15113962
gdb_71052,CC12CC3=NCC1(C)N23,CC12CNC3CC1(C)N32,2.891525930338048,2.7964575,3.175547,0.37908936,2.1628635,2.7156625,0.552799
gdb_71071,CC12OC3=NCCC1C23,CC12OC3NCCC1C32,0.7580911751026633,0.8032858,0.9147436,0.111457825,0.80090994,1.1629872,0.3620773
gdb_71331,CC12CC3C1N(C=O)C23,CC12CC3C1N(CO)C32,0.7496091751026484,0.6830084,1.1542876,0.4712792,0.58745587,0.4714328,-0.11602306
gdb_71333,CC12NC3C1N(C=O)C23,CC12NC3C1N(CO)C32,2.475334419867295,2.3978064,2.8731635,0.47535706,2.2604842,2.5972178,0.33673358
gdb_71337,OC12CC3C1N(C=O)C23,OCN1C2C3CC2(O)C31,0.3433286646318834,0.21643656,0.69535273,0.47891617,-0.13798763,0.29001927,0.4280069
gdb_71378,CC12CN3C1C2(O)C3=N,CC12CN3C(N)C1(O)C32,2.4578694198672792,2.330393,2.5156348,0.1852417,2.0890303,2.2485402,0.1595099
gdb_71384,NC12CN3C1C2(O)C3=N,NC1N2CC3(N)C2C13O,4.172927664631914,3.860304,4.029394,0.16909003,4.5889997,2.474226,-2.1147738
gdb_71386,OC12CN3C1C2(O)C3=N,NC1N2CC3(O)C2C13O,2.058324909396504,1.857878,2.058779,0.20090103,1.322316,1.2661127,-0.056203365
gdb_71444,CC12CN3C1C2NC3=O,CC12CN3C(O)NC1C32,2.3986714198672985,2.349188,2.7347472,0.38555908,2.4709256,2.5314589,0.060533285
gdb_71445,CC12CN3C1C2OC3=O,CC12CN3C(O)OC1C32,0.2808826646318607,0.3467886,0.61791056,0.27112198,0.4030843,0.55947566,0.15639135
gdb_71452,NC12CN3C1C2OC3=N,NC1OC2C3N1CC23N,4.139088664631913,3.9059737,3.9938414,0.08786774,3.5697577,2.131177,-1.4385808
gdb_71458,OC12CN3C1C2NC3=O,OC1NC2C3N1CC23O,1.9974979093964864,1.8645651,2.2807257,0.41616058,1.3080448,0.6714876,-0.63655716
gdb_71459,OC12CN3C1C2OC3=N,NC1OC2C3N1CC23O,2.0227399093964777,1.9161856,2.0435355,0.12734985,1.33811,0.62365437,-0.7144556
gdb_71460,OC12CN3C1C2OC3=O,OC1OC2C3N1CC23O,-0.1203078458389086,-0.14252645,0.16007441,0.30260086,-0.5520007,-1.0641176,-0.51211685
gdb_71508,CC12OC3C1NC(=O)C23,CC12OC3C1NC(O)C32,0.2960406646319029,0.2176382,0.5573675,0.3397293,0.46199208,0.7976168,0.3356247
gdb_72359,CC12CC=CC1N=CO2,CC12CC=CC1NCO2,0.6013312609910599,0.48764247,0.90289134,0.41524887,0.6852961,0.74877685,0.063480735
gdb_72365,CC12CC=CC1OC2=O,CC12CC=CC1OC2O,-1.524619494244348,-1.5495164,-1.2078874,0.34162903,-1.5238676,-1.1884888,0.33537877
gdb_72369,NC12CC=CC1OC2=O,NC12CC=CC1OC2O,0.1936677505202624,-0.018709004,0.293894,0.312603,0.3043537,0.20736589,-0.09698783
gdb_72374,OC12CC=CC1OC2=O,OC1OC2C=CCC12O,-1.9262990047151332,-1.9888513,-2.0058343,-0.016983032,-1.7047905,-1.428786,0.27600443
gdb_72423,CC12COC(C1)C(=N)O2,CC12COC(C1)C(N)O2,0.4969006055687828,0.5301077,0.5811712,0.051063538,0.2910037,0.6620682,0.37106448
gdb_72553,CC12CC(CO1)OC2=N,CC12CC(CO1)OC2N,0.4958916055688291,0.38469523,0.5828039,0.19810867,0.2802574,0.7066562,0.4263988
gdb_72757,CC12CCC1=CC(=O)N2,CC12CCC1CC(O)N2,0.6120862609910205,0.53692836,1.2337592,0.6968308,0.76076555,0.9741286,0.21336305
gdb_72760,CC12CNC1=CC(=O)C2,CC12CNC1CC(O)C2,0.6312672609910237,0.68686885,1.248709,0.5618401,0.7632942,0.9234135,0.1601193
gdb_72764,OC12CNC1=CC(=O)C2,OC1CC2NCC2(O)C1,0.2278027505202544,0.23320597,0.7924902,0.5592842,0.27788633,0.87286806,0.59498173
gdb_72782,CC12NCC1=CNC2=O,CC12NCC1CNC2O,2.349688505755637,2.0967124,2.7466033,0.6498909,2.3660748,2.6780224,0.31194758
gdb_72794,CC12COC1=NCCC2,CC12CCCNC1OC2,0.9321551160395528,0.97325724,1.1858504,0.21259314,1.0807564,1.2002625,0.11950612
gdb_72801,OC12COC1=NCCC2,OC12CCCNC1OC2,0.5266986055688108,0.52088374,0.71184367,0.19095993,0.9086547,1.1381161,0.22946143
gdb_72803,CC12CCN1C(=O)C=C2,CC12CCC(O)N1CC2,0.6082212609910584,0.6918737,1.3489707,0.6570969,0.84870845,1.2381816,0.38947314
gdb_72817,CC12CCN1C(=O)OC2,CC12CCN1C(O)OC2,0.4843156055687814,0.5237104,0.8720991,0.34838867,0.78324044,0.81131667,0.028076231
gdb_72829,CC12COC1C(=O)NC2,CC12CNC(O)C1OC2,0.4955126055688197,0.5244009,0.7996389,0.27523804,0.4921466,0.9516319,0.4594853
gdb_72843,OC12COC1C(=O)NC2,OC1NCC2(O)COC12,0.0925850950980589,0.025171459,0.3151495,0.28997803,0.1378512,0.52826345,0.39041227
gdb_73058,CC12COC1C2NC=O,CC12COC1C2NCO,0.5389026055688078,0.24461573,0.8560621,0.6114464,0.44300044,0.82868946,0.38568902
gdb_73059,CC12COC1C2OC=N,CC12COC1C2OCN,0.5729196055688135,0.3882963,0.775263,0.3869667,0.6036541,1.0363402,0.43268615
gdb_73060,CC12COC1C2OC=O,CC12COC1C2OCO,-1.5705091496665773,-1.5490091,-1.2258966,0.3231125,-1.3869355,-1.3383332,0.048602223
gdb_73062,CC12OCC1C2NC=O,CC12OCC1C2NCO,0.5347836055688049,0.18413371,0.8028814,0.6187477,0.48483193,0.8339283,0.34909636
gdb_73063,CC12OCC1C2OC=N,CC12OCC1C2OCN,0.571124605568798,0.32897013,0.72108287,0.39211273,0.5879167,1.0276015,0.4396848
gdb_73064,CC12OCC1C2OC=O,CC12OCC1C2OCO,-1.5748161496665602,-1.6110551,-1.2801263,0.3309288,-1.3848966,-1.3226657,0.062230945
gdb_73073,OC12COC1C2NC=O,OCNC1C2OCC12O,0.1361170950980295,-0.24043828,0.37639445,0.61683273,-0.14725466,-0.13289362,0.014361039
gdb_73074,OC12COC1C2OC=N,NCOC1C2OCC12O,0.1718590950980569,-0.10467321,0.29328364,0.39795685,-0.113283135,-0.18768054,-0.07439741
gdb_73075,OC12COC1C2OC=O,OCOC1C2OCC12O,-1.9712546601373333,-2.0401208,-1.7078607,0.33226013,-2.0170965,-1.7238063,0.29329026
gdb_73085,CC12CCC1N=COC2,CC12CCC1NCOC2,0.9278561160396066,0.9849264,1.2498724,0.26494604,0.9541289,1.000366,0.04623705
gdb_73092,OC12CCC1N=COC2,OC12CCC1NCOC2,0.5216996055688128,0.5021841,0.7850973,0.2829132,0.2012974,0.8386042,0.6373068
gdb_73104,CC12CCC1NC(=O)N2,CC12CCC1NC(O)N2,2.5866353608041663,2.4910223,2.8488448,0.35782242,2.7335932,2.206511,-0.5270822
gdb_73228,CC12OCC1CNC2=O,CC12OCC1CNC2O,0.4891686055688069,0.3941366,0.70438594,0.31024933,0.5252783,1.0009402,0.47566193
gdb_73252,CC12CCC1COC=N2,CC12CCC1COCN2,0.924521116039557,0.9522955,1.1497748,0.19747931,0.96393436,1.0022991,0.03836471
gdb_73530,CC12CCN=C3OC1C23,CC12CCNC3OC1C32,0.7652501751026648,0.84372157,0.94629496,0.102573395,0.80090994,1.1335768,0.3326668
gdb_73534,OC12CCN=C3OC1C23,OC12CCNC3OC1C32,0.3611526646319021,0.37132472,0.48639125,0.11506653,0.370291,0.7321145,0.3618235
gdb_73650,CC12OCCC1OC2=O,CC12OCCC1OC2O,-1.637779149666585,-1.56896,-1.3458765,0.2230835,-1.6063851,-0.8962252,0.7101599
gdb_73733,CC1=C(C(=O)CC1)C#C,C#CC1C(C)CCC1O,-1.93608048464813,-1.6530397,-1.2483804,0.40465927,-1.3648592,-1.3139633,0.05089593
gdb_73734,CC1=C(C(=O)NC1)C#C,C#CC1C(C)CNC1O,-0.2409092398835355,-0.004270375,0.31282252,0.3170929,-0.20972313,-0.23002233,-0.020299196
gdb_73737,CC1=C(C(=O)CC1)C#N,CC1CCC(O)C1C#N,-0.2808782398835205,-0.12495595,0.39184397,0.5167999,-0.19646572,0.45098662,0.64745235
gdb_73738,CC1=C(C(=O)NC1)C#N,CC1CNC(O)C1C#N,1.414742004881134,1.5244849,1.952349,0.42786407,1.4280976,2.2924922,0.86439455
gdb_73741,C#CC1=C(CCC1=O)N,C#CC1C(N)CCC1O,-0.2391182398835099,0.016168773,0.17633265,0.16016388,-0.50694036,-0.34063992,0.16630045
gdb_73742,C#CC1=C(CNC1=O)N,C#CC1C(N)CNC1O,1.4627390048810869,1.7266943,1.7360327,0.009338379,1.9513918,1.2793161,-0.67207575
gdb_73745,C1CC(=O)C(=C1N)C#N,N#CC1C(N)CCC1O,1.4140680048811305,1.5451376,1.8160117,0.27087402,1.2775552,2.1503234,0.87276816
gdb_73772,CC1=C(C)C(=O)NC1=N,CC1C(N)NC(O)C1C,2.212944591644032,2.6962645,2.8681433,0.17187881,1.9664811,1.7147207,-0.25176036
gdb_73775,CC1=C(N)C(=N)NC1=O,CC1C(O)NC(N)C1N,3.915339836408634,4.3613605,4.29529,-0.06607056,4.180868,2.6219196,-1.5589485
gdb_73778,CC1=C(N)C(=O)NC1=N,CC1C(N)NC(O)C1N,3.918080836408649,4.3329067,4.291853,-0.041053772,4.180868,2.6219196,-1.5589485
gdb_73782,NC1=C(N)C(=O)NC1=N,NC1NC(O)C(N)C1N,5.628061081173257,5.951975,5.718012,-0.23396301,5.150024,1.1872684,-3.9627557
gdb_73853,CC1=C(CNC(=O)C1)C,CC1=C(C)CC(O)NC1,0.8274292019279414,0.4880163,0.9169943,0.42897797,1.0231605,0.66513103,-0.35802943
gdb_73875,CC1=C(C(=O)CC1)C=O,CC1CCC(O)C1CO,-1.5898824083559475,-1.2211893,-0.54283315,0.6783561,-1.5608164,-0.6392162,0.9216002
gdb_73876,CC1=C(C(=O)NC1)C=O,CC1CNC(O)C1CO,0.1044638364086267,0.43230265,1.0085051,0.57620245,0.7194254,0.57553893,-0.14388645
gdb_73879,C1CC(=O)C(=C1N)C=O,NC1CCC(O)C1CO,0.1129788364086721,0.45241374,0.87813777,0.42572403,0.41507393,-0.044432703,-0.45950663
gdb_73880,C1C(=C(C(=O)N1)C=O)N,NC1CNC(O)C1CO,1.8129590811732896,2.1754477,2.4321997,0.256752,2.0024145,1.2221589,-0.78025556
gdb_73936,CC1=C(CCC1=O)C#C,C#CC1CCC(O)C1C,-1.937645484648101,-1.437391,-1.2606943,0.17669678,-1.3981754,-1.3453805,0.052794814
gdb_73937,CC1=C(CCC1=O)C#N,CC1C(O)CCC1C#N,-0.2805412398835187,0.09096736,0.3820364,0.29106903,-0.2541278,0.44999203,0.7041198
gdb_73938,CC1=C(CNC1=O)C#C,C#CC1CNC(O)C1C,-0.2434892398835018,0.2047903,0.3183462,0.11355591,-0.22755656,-0.23101519,-0.003458634
gdb_73939,CC1=C(CNC1=O)C#N,CC1C(C#N)CNC1O,1.4131970048811129,1.7340338,1.9612181,0.2271843,1.409251,2.3253262,0.9160752
gdb_73944,CC1=C(CCC1=O)C=O,CC1C(O)CCC1CO,-1.5877434083559478,-1.0758111,-0.5348261,0.54098505,-1.5622591,-0.6392162,0.9230429
gdb_73945,CC1=C(CNC1=O)C=O,CC1C(CO)CNC1O,0.1038498364086422,0.57663935,1.0175269,0.4408875,0.7175165,0.61946607,-0.098050416
gdb_73948,C1CC(=O)C(=C1C=O)N,NC1C(O)CCC1CO,0.1124948364086435,0.5725462,0.8997595,0.3272133,0.41344714,0.08271557,-0.33073157
gdb_73949,C1C(=C(C(=O)N1)N)C=O,NC1C(CO)CNC1O,1.802556081173236,2.1986754,2.4519904,0.25331497,1.9979587,1.3224385,-0.6755202
gdb_74013,CC1=C2CNC2C(=O)N1,CC1NC(O)C2NCC12,2.344903505755667,2.9387534,2.821253,-0.117500305,2.5075102,2.7169733,0.20946312
gdb_74023,CC1=C2CCC2NC1=O,CC1C(O)NC2CCC21,0.6074802609910535,1.007334,1.2625525,0.2552185,0.85292596,1.1674623,0.3145364
gdb_74027,CC1=C2NCC2CC1=O,CC1C(O)CC2CNC21,0.6271582609910524,1.1791518,1.2369711,0.057819366,0.85651106,1.1388056,0.28229457
gdb_74055,CC1(CC(=CC1=O)N)C,CC1(C)CC(N)CC1O,0.8285612019279824,0.63646907,1.1827147,0.54624563,1.0288918,0.12576084,-0.90313095
gdb_74056,CC1(O)CC(N)=CC1=O,CC1(O)CC(N)CC1O,0.4190766914571782,0.11963862,0.66304225,0.5434036,0.83202815,-0.19885816,-1.0308863
gdb_74057,CC1=CC(=O)C(C1)(C)C,CC1CC(O)C(C)(C)C1,-0.8719290428366548,-1.0059335,-0.25533086,0.75060266,-0.8194591,-0.20994438,0.6095147
gdb_74059,CC1=CC(=O)C(C)(O)C1,CC1CC(O)C(C)(O)C1,-1.279815553307401,-1.5202959,-0.7756174,0.74467844,-1.0110085,-0.62344646,0.38756204
gdb_74060,CC1=CC(=O)C(C1)C#C,C#CC1CC(C)CC1O,-1.92426048464813,-2.1318643,-1.359205,0.7726593,-1.684556,-1.3536197,0.3309363
gdb_74061,CC1=CC(=O)C(C1)C#N,CC1CC(O)C(C#N)C1,-0.2717732398834869,-0.48947698,0.2835142,0.7729912,-0.5914738,0.41766486,1.0091387
gdb_74062,NC1=CC(=O)C(C1)C#C,C#CC1CC(N)CC1O,-0.2239332398835358,-0.48594457,0.08348292,0.5694275,-0.560959,-0.33039224,0.23056674
gdb_74063,NC1=CC(=O)C(C1)C#N,N#CC1CC(N)CC1O,1.4276360048810943,1.1564124,1.7262824,0.56987,1.2866366,2.103937,0.8173003
gdb_74065,CC1=CC(=O)C(C1)C=O,CC1CC(O)C(C=O)C1,-1.5845024083559451,-1.7460077,-0.9131678,0.8328399,-1.6189886,-0.9501035,0.6688851
gdb_74066,CC1=CC(=O)N(C1)C=N,CC1CC(O)N(CN)C1,2.241741591644029,1.8825095,3.031893,1.1493835,1.9385349,1.3480856,-0.5904492
gdb_74067,CC1=CC(=O)N(C1)C=O,CC1CC(O)N(CO)C1,0.1010498364086629,0.03096217,1.184088,1.1531258,-0.15663375,0.60830134,0.7649351
gdb_74069,NC1=CC(=O)C(C1)C=O,NC1CC(O)C(C=O)C1,0.114669836408666,-0.10282689,0.5280439,0.6308708,0.48032522,-0.40136075,-0.881686
gdb_74070,NC1=CC(=O)N(C1)C=N,NCN1CC(N)CC1O,3.947581836408631,3.5771506,4.477335,0.9001844,2.8028533,2.2322114,-0.570642
gdb_74071,C1C(=CC(=O)N1C=O)N,NC1CC(O)N(CO)C1,1.8057700811732504,1.7255614,2.6296217,0.90406036,1.2862282,0.6431672,-0.643061
gdb_74117,CC1=CC(=O)N2CCC12,CC1CC(O)N2CCC12,0.6045722609910626,0.39363688,1.289736,0.89609915,0.84237516,1.3114661,0.46909094
gdb_74121,NC1=CC(=O)N2CCC12,NC1CC(O)N2CCC12,2.309256505755627,2.1466315,2.7142432,0.5676117,2.218309,2.0658848,-0.1524241
gdb_74139,CC1(CC(=O)C=C1N)C,CC1(C)CC(O)CC1N,0.8315772019279848,0.6138975,1.2540839,0.64018637,1.0288918,0.12576084,-0.90313095
gdb_74140,CC1(C(=CC(=O)N1)N)C,CC1(C)NC(O)CC1N,2.527001446692566,2.365595,2.8988364,0.5332413,2.6888337,1.1925151,-1.4963186
gdb_74143,CC1(O)CC(=O)C=C1N,CC1(O)CC(O)CC1N,0.422300691457167,0.09814662,0.7347738,0.6366272,0.82494545,-0.19885816,-1.0238036
gdb_74145,CC1=CC(=O)CC1(C)C,CC1CC(O)CC1(C)C,-0.8685460428366696,-1.1414392,-0.17366964,0.96776956,-0.8194591,-0.21228118,0.6071779
gdb_74146,CC1=CC(=O)CC1(C)O,CC1CC(O)CC1(C)O,-1.275711553307417,-1.6610391,-0.6939295,0.9671096,-1.0043066,-0.62477165,0.3795349
gdb_74147,CC1=CC(=O)NC1(C)C,CC1CC(O)NC1(C)C,0.8211702019279414,0.5693876,1.4713538,0.90196615,0.96735185,0.6192664,-0.34808546
gdb_74150,CC1=CC(=O)CC12CC2,CC1CC(O)CC12CC2,-1.0998589837735722,-1.407747,-0.39017278,1.0175743,-1.1440134,-0.44500843,0.699005
gdb_74156,C1CC12CC(=O)C=C2N,NC1CC(O)CC12CC2,0.6017772609910139,0.38405055,1.0403769,0.65632635,0.659017,0.5857696,-0.07324743
gdb_74163,CC1=CC(=O)CC1C#C,C#CC1CC(O)CC1C,-1.9247354846481244,-2.2199075,-1.3211725,0.89873505,-1.6954621,-1.3536197,0.3418424
gdb_74164,CC1=CC(=O)CC1C#N,CC1CC(O)CC1C#N,-0.2716922398835208,-0.58498937,0.32276362,0.907753,-0.6604598,0.41430497,1.0747647
gdb_74165,CC1=CC(=O)NC1C#C,C#CC1NC(O)CC1C,-0.2284322398834888,-0.5586985,0.36499995,0.9236984,-0.23215094,-0.21585123,0.01629971
gdb_74168,NC1=CC(=O)CC1C#C,C#CC1CC(O)CC1N,-0.2250182398835249,-0.4798754,0.10651606,0.58639145,-0.5915041,-0.33039224,0.26111186
gdb_74169,NC1=CC(=O)CC1C#N,N#CC1CC(O)CC1N,1.428481004881121,1.157469,1.7499564,0.59248734,1.3165448,2.103937,0.78739214
gdb_74170,NC1=CC(=O)NC1C#C,C#CC1NC(O)CC1N,1.4767750048811197,1.2545264,1.7888892,0.5343628,2.0121071,1.1535283,-0.8585788
gdb_74173,CC1=CC(=O)CC1C=O,CC1CC(O)CC1C=O,-1.580498408355993,-1.8618524,-0.8884905,0.9733619,-1.6255043,-0.9513054,0.67419887
gdb_74175,NC1=CC(=O)CC1C=O,NC1CC(O)CC1C=O,0.1172908364086424,-0.120435536,0.54653376,0.6669693,0.5021371,-0.40170696,-0.9038441
gdb_74192,CC1=CC(=O)CC=CC1,CC1CC=CCC(O)C1,-1.1455188978852109,-1.3540857,-0.5181177,0.83596796,-0.82711464,-0.5694419,0.25767273
gdb_74196,C1C=CCC(=O)C=C1N,NC1CC=CCC(O)C1,0.5565163468794481,0.30329722,0.9373037,0.6340065,2.3021555,0.30148104,-2.0006745
gdb_74217,CC1=CC(=O)COCC1,CC1CCOCC(O)C1,-1.253827553307417,-1.5069711,-0.6301325,0.8768386,-1.2821159,-0.71213454,0.5699814
gdb_74228,C1COCC(=O)C=C1N,NC1CCOCC(O)C1,0.4511156914571756,0.115450084,0.814089,0.6986389,0.42842412,0.45096672,0.022542596
gdb_74236,CC1=NC(C#C)C(=N)N1,C#CC1NC(C)NC1N,3.6150707601165095,3.6468832,3.8089774,0.16209412,1.288062,1.7681147,0.4800527
gdb_74238,CC1=NC(C#C)C(=O)O1,C#CC1NC(C)OC1O,-0.6461327503542975,-0.19362432,-0.13412267,0.059501648,-0.78188056,-0.4418555,0.34002507
gdb_74263,CC1=NC(C)(C)C(=N)N1,CC1NC(N)C(C)(C)N1,4.659343201927982,4.6177235,4.944956,0.32723236,3.0051117,2.0483556,-0.9567561
gdb_74265,CC1=NC(C(=O)O1)(C)C,CC1NC(C)(C)C(O)O1,0.397006691457193,0.8261282,0.9738485,0.14772034,0.44723952,0.7243148,0.2770753
gdb_74274,CC1=CC(CC1=O)(C)C,CC1CC(C)(C)CC1O,-0.8700050428366808,-0.7093714,-0.16208059,0.5472908,-0.8191109,-0.19396229,0.6251486
gdb_74275,CC1=CC(NC1=O)(C)C,CC1CC(C)(C)NC1O,0.8193592019279663,0.8564169,1.465647,0.6092301,1.0110512,0.5869349,-0.42411625
gdb_74278,CC1=CC(C)(O)CC1=O,CC1CC(C)(O)CC1O,-1.2761715533074494,-1.3889787,-0.71019536,0.67878336,-1.0229644,-0.61381376,0.4091506
gdb_74311,CC1=NC(C=O)C(=N)N1,CC1NC(N)C(C=O)N1,3.957522836408657,3.912226,4.1926594,0.28043342,2.673543,2.389341,-0.28420186
gdb_74342,CC1=CC(CC1=O)C#C,C#CC1CC(C)C(O)C1,-1.9236644846481,-2.0940378,-1.3521783,0.74185944,-1.9142843,-1.3515967,0.56268764
gdb_74343,CC1=CC(CC1=O)C#N,CC1CC(C#N)CC1O,-0.2708132398835232,-0.46011525,0.30184382,0.7619591,-0.6243289,0.3934765,1.0178053
gdb_74344,CC1=CC(NC1=O)C#C,C#CC1CC(C)C(O)N1,-0.2287472398834893,-0.5562418,0.29378718,0.850029,-0.36865637,-0.22685288,0.14180349
gdb_74350,CC1=CC(CC1=O)C=O,CC1CC(C=O)CC1O,-1.5800144083559644,-1.7450883,-0.8989313,0.846157,-1.68231,-0.9973153,0.6849947
gdb_74351,CC1=CC(NC1=O)C=O,CC1CC(C=O)NC1O,0.1133708364086487,-0.27585393,0.7028982,0.97875214,0.18560518,0.32275355,0.13714837
gdb_74466,CC1=CC2(CO2)C(=O)N1,CC1CC2(CO2)C(O)N1,0.194027750520263,0.30119532,0.7160017,0.41480637,0.6608967,1.4007838,0.73988706
gdb_74481,CC1=CC2(CC2)CC1=O,CC1CC2(CC2)CC1O,-1.100526983773591,-0.9913309,-0.41149694,0.579834,-1.1532594,-0.4437311,0.7095283
gdb_74549,NC1=CC2=NCC3C1N23,NC1CC2NCC3C1N23,4.275177320054127,3.809088,4.445711,0.63662314,3.8406112,3.7175388,-0.123072386
gdb_74573,CC1=CC2C(C1)OC2=N,CC1=CC2C(N)OC2C1,0.6156462609910136,0.52999324,0.6524946,0.12250137,0.73559946,0.8018877,0.06628823
gdb_74640,CC1=NC2C3CC2(C3)O1,CC1NC2C3CC2(C3)O1,0.7482061751026663,0.8253347,0.9695303,0.14419556,0.73314494,0.80955195,0.076407015
gdb_74641,NC1=NC2C3CC2(C3)O1,NC1NC2C3CC2(C3)O1,2.450686419867281,2.4374983,2.40214,-0.03535843,2.5634084,2.093163,-0.47024536
gdb_74680,CC1=CC2N=COC2C1,CC1=CC2NCOC2C1,0.5999272609910236,0.52402705,0.839575,0.31554794,0.6957099,0.7899127,0.09420282
gdb_74681,CC1=NC2C=CCC2O1,CC1NC2C=CCC2O1,0.5947992609910671,0.70026606,0.86066645,0.16040039,0.67860925,0.618075,-0.06053424
gdb_74682,NC1=NC2C=CCC2O1,NC1NC2C=CCC2O1,2.298715505755638,2.296694,2.3159888,0.019294739,1.9459268,1.5173577,-0.42856908
gdb_74687,CC1=CC2OC(=O)C2C1,CC1=CC2OC(O)C2C1,-1.5289954942443271,-1.5343416,-1.2818887,0.25245285,-1.4227622,-1.0887748,0.33398736
gdb_74742,CC1=CC2OC1C(=N)O2,CC1=CC2OC(N)C1O2,0.216191750520295,0.1600439,0.28693599,0.12689209,0.28921306,0.25012633,-0.03908673
gdb_74784,CC1=CC2OC1OC2=N,CC1=CC2OC1OC2N,0.2164067505202638,0.10723323,0.2522909,0.14505768,0.28921306,0.25012633,-0.03908673
gdb_74840,CC1=NC2CC2C(=O)N1,CC1NC(O)C2CC2N1,2.286580505755637,2.2635443,2.781954,0.5184097,2.2896433,2.1119392,-0.1777041
gdb_74842,NC1=NC2CC2C(=O)N1,NC1NC(O)C2CC2N1,3.9908657505202423,3.7566664,4.2433643,0.4866979,4.233854,2.3696134,-1.8642404
gdb_74897,CC1=CC2CC2CC=C1,CC1CCCC2CC2C1,-0.6535414733028233,-0.6291483,-0.0014551282,0.6276932,-0.83111036,-0.09074852,0.7403618
gdb_74987,CC1=CC2CCN2C1=O,CC1CC2CCN2C1O,0.6039062609910388,0.48271388,1.2663443,0.78363043,0.8454262,1.3115505,0.4661243
gdb_74998,CC1=NC2CCC2CO1,CC1NC2CCC2CO1,0.9197001160395644,1.0178778,1.2327025,0.21482468,0.9925372,1.0608708,0.068333566
gdb_75028,CC1=CC=CC2CC2C1,CC1CCCC2CC2C1,-0.6551064733027943,-0.70027715,-0.0014589429,0.6988182,-0.83111036,-0.09074852,0.7403618
gdb_75038,CC1=CC=CCC2CC12,CC1CCCCC2CC12,-0.6544844733028299,-0.655382,0.043092906,0.6984749,-0.82339627,-0.085209675,0.7381866
gdb_75047,CC1=CC=CCCCC1,CC1CCCCCCC1,-0.4168955323658565,-0.40882283,0.26174754,0.6705704,-0.51618534,0.12562366,0.641809
gdb_75064,CC1=CNC(=O)C11CO1,CC1CNC(O)C12CO2,0.1973427505202494,-0.13805944,0.75865763,0.8967171,0.81660014,1.4318724,0.6152722
gdb_75077,CC1=NCC(=N)N1C=N,CC1NCC(N)N1CN,6.072956591644015,5.5907383,6.446306,0.85556793,3.7615988,3.0225937,-0.7390051
gdb_75078,CC1=NCC(=N)N1C=O,CC1NCC(N)N1CO,3.9450978364086495,3.7425559,4.59548,0.8529241,2.877186,2.058929,-0.8182571
gdb_75081,NC1=NCC(=N)N1C=O,NC1CNC(N)N1CO,5.633135081173236,5.2997074,6.0739765,0.7742691,4.7435594,2.2675574,-2.476002
gdb_75094,CC1=CCC(=O)C=CC1,CC1=CCC(O)CCC1,-1.145006897885196,-1.1260011,-0.47996312,0.646038,-0.8251165,-0.5116102,0.3135063
gdb_75105,NC1=NCC(=N)OC1=O,NC1CNC(N)C(O)O1,3.522172325937845,3.5501463,3.820429,0.27028275,3.761673,0.84157395,-2.920099
gdb_75130,CC1=CCC(C#C)C1=O,C#CC1CCC(C)C1O,-1.9232274846481232,-1.9963357,-1.2816064,0.7147293,-1.8262062,-1.3437848,0.4824214
gdb_75131,CC1=CCC(C#N)C1=O,CC1CCC(C#N)C1O,-0.2705602398834799,-0.3583086,0.3603918,0.7187004,-0.59397554,0.45098662,1.0449622
gdb_75136,CC1=CCC(C1=O)(C)C,CC1CCC(C)(C)C1O,-0.8710350428366382,-0.8648012,-0.16503698,0.69976425,-0.8415699,-0.22806047,0.6135094
gdb_75137,CC1=CCC(C)(O)C1=O,CC1CCC(C)(O)C1O,-1.2782615533074022,-1.3802392,-0.6889971,0.69124216,-1.0289557,-0.64984816,0.37910753
gdb_75165,CC1=NCC(O1)C1CO1,CC1NCC(C2CO2)O1,0.5186436055687977,0.6970007,0.7404806,0.04347992,0.6913141,0.97069824,0.27938414
gdb_75166,CC1=CCC(C=O)C1=O,CC1CCC(C=O)C1O,-1.5830004083559857,-1.6236436,-0.8366831,0.78696054,-1.6337061,-0.9447451,0.68896097
gdb_75167,CC1=CCN(C=N)C1=O,CC1CCN(CN)C1O,2.2409955916440367,1.9690192,3.0947974,1.1257782,1.8759658,1.3825269,-0.49343896
gdb_75169,CC1=CCN(C1=O)C=O,CC1CCN(CO)C1O,0.1006618364086762,0.12062281,1.2472403,1.1266174,0.09985742,0.7374744,0.637617
gdb_75279,CC1=CCC2C1OC2=O,CC1=CCC2C(O)OC12,-1.5282954942443323,-1.4713113,-1.2025774,0.26873398,-1.3609588,-1.0983093,0.26264954
gdb_75296,CC1=CCC2OC(=N)C12,CC1=CCC2OC(N)C12,0.6151492609910179,0.61842555,0.72489375,0.1064682,0.78581864,0.7357975,-0.050021112
gdb_75344,CC1=CCC2CC2C=C1,CC1CCC2CC2CC1,-0.6534994733028157,-0.6376856,0.040849864,0.67853546,-0.830178,-0.06958039,0.76059765
gdb_75350,CC1=NCC2CC2CO1,CC1NCC2CC2CO1,0.9353861160395808,1.0717337,1.1497748,0.07804108,0.98013616,1.0553137,0.07517755
gdb_75356,CC1=CCC2OC=NC12,CC1=CCC2OCNC12,0.5993782609910454,0.52867335,0.93430156,0.4056282,0.7069746,0.79752326,0.090548635
gdb_75389,CC1=CCC=CC(=O)C1,CC1=CCCCC(O)C1,-1.1452998978851952,-1.1450975,-0.5324686,0.6126289,-0.818215,-0.5116102,0.3066048
gdb_75400,CC1=CCC=CCC1=O,CC1CCC=CCC1O,-1.1442118978852136,-1.1643732,-0.49702245,0.6673507,-0.89285976,-0.5636859,0.32917386
gdb_75404,C1C=CCN=C(C1=O)N,NC1NCC=CCC1O,2.267312591644042,2.1207755,2.5847151,0.46393967,2.0842776,1.6795752,-0.40470243
gdb_75405,C1C=CNC(=O)C(=N1)N,NC1NCCCNC1O,3.9514468364086497,3.8517973,4.4417057,0.58990836,4.422106,2.1167016,-2.3054042
gdb_75409,CC1=CCN=COCC1,CC1=CCNCOCC1,0.8923022019279756,0.85283107,1.1083014,0.25547034,0.7618944,0.63205934,-0.12983507
gdb_75410,CC1=NCC=CCCO1,CC1NCC=CCCO1,0.8849532019279422,0.97783107,1.1245139,0.1466828,0.7804291,0.60035384,-0.18007529
gdb_75532,CC1=NCCNC(=O)N1,CC1NCCNC(O)N1,4.2300846914571935,4.1297092,4.5494328,0.4197235,4.2478623,2.30491,-1.9429524
gdb_75576,CC1=CCCOC=NC1,CC1=CCCOCNC1,0.8921392019279892,0.8054525,1.1077521,0.30229956,0.79131514,0.6268357,-0.16447943
gdb_75582,CC1=CCCOCC1=O,CC1CCCOCC1O,-1.251666553307416,-1.3703439,-0.58443624,0.7859077,-1.1575186,-0.6929862,0.46453243
gdb_75592,C1CN=C(C(=O)OC1)N,NC1NCCCOC1O,2.1356039362217984,1.9227469,2.3910773,0.46833038,2.5415025,1.4584713,-1.0830312
gdb_75595,CC1=CCCCCC=C1,CC1CCCCCCC1,-0.418470532365859,-0.37321264,0.26175135,0.634964,-0.50197786,0.12562366,0.6276015
gdb_75607,CC1=NCCCOCO1,CC1NCCCOCO1,0.7628785465057035,0.8025381,1.023493,0.22095495,0.80790716,0.6930007,-0.11490649
gdb_75704,CN1C(=O)C2OC2C1=O,CN1C(O)C2OC2C1O,-0.2407517599505126,0.10757655,0.3500883,0.24251175,-0.45368382,-0.41814724,0.035536587
gdb_75731,CN1C(=N)C=C(C)C1=O,CC1CC(N)N(C)C1O,2.220982591644031,2.124285,2.811598,0.6873131,1.879922,0.6618601,-1.2180619
gdb_75732,CN1C(=N)C=C(N)C1=O,CN1C(N)CC(N)C1O,3.923176836408629,3.8860037,4.2344265,0.34842277,4.203416,1.7420679,-2.461348
gdb_75733,CN1C(=O)C=C(C)C1=N,CC1CC(O)N(C)C1N,2.2223525916440394,2.0627615,2.8421347,0.77937317,1.8767922,0.6618601,-1.2149321
gdb_75735,CN1C(=O)C=C(N)C1=N,CN1C(O)CC(N)C1N,3.928651836408676,3.8302329,4.265211,0.43497825,4.2329936,1.7384135,-2.4945803
gdb_75738,CC1(C)C=CC(=O)C1O,CC1(C)CCC(O)C1O,-1.266957553307407,-0.9628046,-0.58780843,0.3749962,-1.2436106,-0.64694875,0.59666187
gdb_75739,CC1(O)C=CC(=O)C1O,CC1(O)CCC(O)C1O,-1.6744010637781912,-1.5828569,-1.1112192,0.47163773,-1.8311429,-1.1116933,0.71944964
gdb_75740,CC1C(=O)C=CC1(C)C,CC1C(O)CCC1(C)C,-0.8601870428366283,-0.63881093,-0.16503698,0.47377396,-0.8358311,-0.23039727,0.6054338
gdb_75741,CC1C(=O)C=CC1(C)O,CC1C(O)CCC1(C)O,-1.2671475533074386,-1.2504632,-0.68288976,0.5675735,-1.1457081,-0.65261185,0.49309623
gdb_75742,CC1(C=CC(=O)N1C)C,CN1C(O)CCC1(C)C,0.8313642019279541,1.0062506,1.540911,0.53466034,0.82282895,0.77405465,-0.048774302
gdb_75743,CC1C(=O)C=CC11CC1,CC1C(O)CCC12CC2,-1.092832983773576,-0.9050501,-0.38303167,0.52201843,-1.0867976,-0.4548371,0.6319605
gdb_75747,OC1C(=O)C=CC11CC1,OC1CCC2(CC2)C1O,-1.497471494244337,-1.2307413,-0.8075655,0.42317575,-1.3400519,-0.90694356,0.43310833
gdb_75794,CC1C(=N)OC11CCC1,CC1C(N)OC12CCC2,0.934594116039591,0.9365484,1.012377,0.07582861,1.0313007,1.0623274,0.031026721
gdb_75805,NC1C(=N)OC11CCC1,NC1OC2(CCC2)C1N,2.6504723608042013,2.4375937,2.4584448,0.020851135,2.6293988,2.405218,-0.22418094
gdb_75810,OC1C(=N)OC11CCC1,NC1OC2(CCC2)C1O,0.5318266055688241,0.6136686,0.58148783,-0.032180786,0.4902347,1.0188076,0.5285729
gdb_75820,CC12CC1NC(=O)C2O,CC12CC1NC(O)C2O,0.4877356055687869,0.5321447,0.7536146,0.22146988,0.5315245,0.6489958,0.11747134
gdb_75834,CC1C(=O)NC2CC12C,CC1C(O)NC2CC21C,0.8918491160395661,0.84792155,1.1787055,0.3307839,0.9840853,1.1670527,0.18296742
gdb_75835,CC1C(=O)NC2CC12O,CC1C(O)NC2CC21O,0.4891806055688334,0.38854808,0.7331373,0.34458923,0.62038,0.9601129,0.33973294
gdb_75838,CN1C(=O)CC2CC12C,CN1C(O)CC2CC21C,0.8937311160395893,0.8968298,1.2455161,0.34868628,0.8629079,1.2214508,0.35854292
gdb_75844,OC1C(=O)NC2CC12O,OC1NC2CC2(O)C1O,0.0849850950980339,0.065546215,0.30417842,0.2386322,0.18766008,0.16850194,-0.01915814
gdb_75850,CN1C(=N)CN=C1C#C,C#CC1NCC(N)N1C,3.6153757601164784,3.6194289,3.827021,0.20759201,2.4785845,1.3458668,-1.1327177
gdb_75851,CN1C(=N)CN=C1C#N,CN1C(N)CNC1C#N,5.275105004881084,5.146776,5.4667606,0.31998444,4.415657,4.0280266,-0.38763046
gdb_75866,CN1C(=N)CN=C1C=O,CN1C(N)CNC1CO,3.960352836408674,3.8659651,4.421137,0.5551717,2.7218714,1.7624608,-0.95941055
gdb_75903,CC1(COC(=O)N1C)C,CN1C(O)OCC1(C)C,0.7069855465057344,0.82837504,1.0651534,0.23677832,0.5972735,1.0468875,0.449614
gdb_75916,CC1C(=O)OCC11CO1,CC1C(O)OCC12CO2,-1.623006149666594,-1.5625017,-1.3238428,0.2386589,-1.5037708,-0.9722879,0.53148293
gdb_75923,NC1C(=O)OCC11CO1,NC1C(O)OCC12CO2,0.0938160950980204,-0.057538807,0.11938685,0.17692566,0.46367204,0.60153586,0.13786381
gdb_75937,OC1C(=O)OCC11CO1,OC1OCC2(CO2)C1O,-2.025689660137345,-1.8830583,-1.7613504,0.121707916,-1.8044213,-1.3661617,0.4382596
gdb_75939,CC1=CCNC(=O)C1O,CC1=CCNC(O)C1O,0.4224656914572051,0.46707362,0.7322714,0.26519775,0.6989885,0.25515437,-0.44383413
gdb_75945,CC1C(=O)NCC=C1C,CC1=CCNC(O)C1C,0.8308302019279381,0.8062689,1.1484587,0.34218985,1.0197116,0.65914154,-0.36057007
gdb_75964,CN1C(=N)COCC1=N,CN1C(N)COCC1N,4.275988691457201,4.283701,4.1641407,-0.11956024,3.1153927,1.5217799,-1.5936128
gdb_75972,CN1C(=O)CCOC1=O,CN1C(O)CCOC1O,-0.0312098190135543,0.1714117,0.59864634,0.42723465,-0.33246225,-1.0439558,-0.71149355
gdb_76069,CC1C(C#C)N1C(C)=O,C#CC1C(C)N1C(C)O,0.1122316151650579,0.1253683,0.32196254,0.19659424,0.015653081,-0.040435806,-0.056088887
gdb_76070,CC1C(C#C)N1C(N)=O,C#CC1C(C)N1C(N)O,1.8069418599296228,1.6059363,1.8168662,0.21092987,2.4757326,0.40450788,-2.0712247
gdb_76073,CC1C(C#N)N1C(C)=O,CC(O)N1C(C)C1C#N,1.7675678599296702,1.7633917,1.9617178,0.19832611,1.6178907,1.7744017,0.15651095
gdb_76074,CC1C(C#N)N1C(N)=O,CC1C(C#N)N1C(N)O,3.4617941046942637,3.2439215,3.4566138,0.21269226,3.3066418,2.447327,-0.8593149
gdb_76076,CN1C(C#C)C1C(N)=O,C#CC1C(C(N)O)N1C,1.8261098599296588,1.674597,1.8278639,0.1532669,1.4606571,0.30437836,-1.1562787
gdb_76078,CN1C(C#N)C1C(N)=O,CN1C(C#N)C1C(N)O,3.4819531046942416,3.3141081,3.4676993,0.15359116,2.7053256,2.4615276,-0.24379802
gdb_76144,CC1N(C(C)=O)C1(C)C,CC(O)N1C(C)C1(C)C,1.1645250569765722,1.2599661,1.4575751,0.19760895,1.1064594,0.72858465,-0.37787473
gdb_76145,CC1N(C(N)=O)C1(C)C,CC1N(C(N)O)C1(C)C,2.8584183017411533,2.7455084,2.949774,0.2042656,3.2389784,1.3570036,-1.8819748
gdb_76147,CN1C(C(N)=O)C1(C)C,CN1C(C(N)O)C1(C)C,2.875458301741162,2.858103,2.9692519,0.111148834,2.6229045,1.1850256,-1.437879
gdb_76259,CC1=CC(=O)C(O)C1O,CC1CC(O)C(O)C1O,-1.680570063778191,-1.7809274,-1.0525758,0.7283516,-1.3445555,-1.0709451,0.27361035
gdb_76260,CC1C(C)C(C)=CC1=O,CC1CC(O)C(C)C1C,-0.8674330428366375,-1.0092828,-0.16141301,0.8478698,-0.8663411,-0.22004046,0.6463007
gdb_76261,CC1C(C)C(=O)C=C1N,CC1C(N)CC(O)C1C,0.8330022019279681,0.66568965,1.2550719,0.58938223,1.0260978,0.16167906,-0.86441875
gdb_76262,CC1C(O)C(=O)C=C1C,CC1CC(O)C(O)C1C,-1.274545553307405,-1.3775918,-0.60769063,0.7699012,-0.9590647,-0.65024114,0.3088236
gdb_76263,CC1C(O)C(=O)C=C1N,CC1C(N)CC(O)C1O,0.4241656914571763,0.2969305,0.81215876,0.5152283,0.85055816,-0.21524312,-1.0658013
gdb_76264,CC1C(O)C(C)=CC1=O,CC1CC(O)C(C)C1O,-1.2710175533074448,-1.4047678,-0.6025408,0.80222696,-0.95585084,-0.65024114,0.3056097
gdb_76265,CC1C(O)C(N)=CC1=O,CC1C(O)CC(N)C1O,0.4254896914571873,0.28708476,0.8183729,0.53128815,0.85055816,-0.21524312,-1.0658013
gdb_76266,CC1N(C)C(=O)C=C1C,CC1CC(O)N(C)C1C,0.8254092019279824,0.64575785,1.4013617,0.75560385,0.84424335,0.8144977,-0.029745638
gdb_76267,CC1N(C)C(=O)C=C1N,CC1C(N)CC(O)N1C,2.5317004466925823,2.379717,2.8258307,0.4461136,2.4313765,0.6643385,-1.7670379
gdb_76268,NC1=CC(=O)C(O)C1O,NC1CC(O)C(O)C1O,0.0169421809864047,-0.088315785,0.36899394,0.45730972,0.38980705,-0.13599858,-0.5258056
gdb_76270,CC1C(C)C(=O)NC1=N,CC1C(N)NC(O)C1C,2.5201674466925965,2.5891097,2.8681357,0.27902603,2.5764506,1.7147207,-0.86172986
gdb_76272,CC1C(C)C(=O)OC1=N,CC1C(N)OC(O)C1C,0.4045436914572065,0.7657797,0.8077795,0.041999817,0.7925057,0.47962606,-0.31287962
gdb_76273,CC1C(N)C(=N)OC1=O,CC1C(O)OC(N)C1N,2.1210339362218065,2.2497046,2.2296164,-0.020088196,2.3731313,1.2467988,-1.1263325
gdb_76275,CC1C(N)C(=O)OC1=N,CC1C(N)OC(O)C1N,2.121740936221784,2.2521384,2.2270224,-0.025115967,2.3665805,1.2467988,-1.1197817
gdb_76276,CC1C(O)C(=N)NC1=O,CC1C(O)NC(N)C1O,2.113759936221811,2.2231162,2.426802,0.20368576,2.3734632,1.1915822,-1.181881
gdb_76277,CC1C(O)C(=N)OC1=O,CC1C(O)OC(N)C1O,-0.0002958190135586,0.39877146,0.36126155,-0.03750992,0.4388074,0.09693333,-0.34187406
gdb_76279,CC1C(O)C(=O)NC1=N,CC1C(N)NC(O)C1O,2.1156189362217788,2.2262862,2.4220412,0.195755,2.3734632,1.1897812,-1.183682
gdb_76281,CC1C(O)C(=O)OC1=N,CC1C(N)OC(O)C1O,0.0014091809863998,0.4026739,0.3573553,-0.045318604,0.45824614,0.08196806,-0.37627807
gdb_76288,NC1C(N)C(=O)OC1=N,NC1OC(O)C(N)C1N,3.837711180986446,3.7330573,3.6485655,-0.08449173,3.811996,0.9358641,-2.876132
gdb_76290,NC1C(O)C(=N)OC1=O,NC1OC(O)C(N)C1O,1.7181784257510344,1.8806479,1.777796,-0.10285187,1.6275562,0.99809945,-0.62945676
gdb_76291,NC1C(O)C(=O)NC1=N,NC1NC(O)C(O)C1N,3.833977180986437,3.7069,3.8462737,0.13937378,3.48334,1.1170894,-2.3662505
gdb_76293,NC1C(O)C(=O)OC1=N,NC1OC(O)C(O)C1N,1.7203294257510606,1.881861,1.7759573,-0.105903625,1.6175759,0.982615,-0.6349609
gdb_76296,OC1C(O)C(=O)NC1=N,NC1NC(O)C(O)C1O,1.7135444257510244,1.852484,1.9734938,0.12100983,1.4553111,1.2386329,-0.21667814
gdb_76298,OC1C(O)C(=O)OC1=N,NC1OC(O)C(O)C1O,-0.3963533294843273,0.02856654,-0.28551275,-0.31407928,-0.78448546,-0.6516451,0.13284034
gdb_76389,CC1N(C)C1(C)C(N)=O,CC1N(C)C1(C)C(N)O,2.87322230174118,2.8111517,2.9249823,0.11383057,2.5788367,1.1664089,-1.4124278
gdb_76516,CC1C(C)C11CN=CO1,CC1C(C)C12CNCO2,0.9300331160395672,0.86780375,1.2595999,0.39179617,0.9579192,1.2607157,0.30279654
gdb_76518,CC1C(O)C11CN=CO1,CC1C(O)C12CNCO2,0.5268616055687971,0.43897456,0.8317129,0.39273834,0.36548978,0.68327814,0.31778836
gdb_76520,OC1C(O)C11CN=CO1,OC1C(O)C12CNCO2,0.1264920950980581,0.008939922,0.401972,0.39303207,-0.2777446,-0.02003381,0.25771078
gdb_76535,CC1N(C)C11COC1=N,CC1N(C)C12COC2N,2.67368136080421,2.530039,2.7634299,0.23339081,2.73006,1.6767246,-1.0533355
gdb_76591,CC1C(C#CC=O)N1C,CC1C(C#CCO)N1C,0.13871961516503,0.027994335,0.3167326,0.28873825,0.022547087,0.21990107,0.19735399
gdb_76597,CC1C(C)N1C(=N)C#N,CC1C(C)N1C(N)C#N,3.91389861516501,3.6043723,3.8328612,0.22848892,3.017456,3.8154733,0.79801726
gdb_76598,CC1C(C)N1C(=O)C#C,C#CC(O)N1C(C)C1C,0.1186346151650354,0.04192561,0.37887782,0.3369522,0.026314942,-0.047059026,-0.073373966
gdb_76599,CC1C(C)N1C(=O)C#N,CC1C(C)N1C(O)C#N,1.7759148599296282,1.641741,1.9981978,0.35645676,1.8167219,1.7453314,-0.07139051
gdb_76600,CC1C(N1C)C(=O)C#C,C#CC(O)C1C(C)N1C,0.1383086151650445,0.029604137,0.30275172,0.27314758,-0.14297825,-0.06556346,0.07741479
gdb_76601,CC1C(N1C)C(=O)C#N,CC1C(C(O)C#N)N1C,1.7966758599296213,1.6222594,1.9283011,0.30604172,1.2016857,1.6600882,0.4584025
gdb_76607,CC1C(C)N1C(=N)C=O,CC1C(C)N1C(N)CO,2.603405446692591,2.4304602,2.8944266,0.46396637,2.0076187,1.4866599,-0.5209588
gdb_76608,CC1C(C)N1C(=O)C=O,CC1C(C)N1C(O)CO,0.4635316914572058,0.3683378,1.113497,0.7451592,0.41953617,0.76666564,0.34712946
gdb_76609,CC1C(N1C)C(=O)C=O,CC1C(C(O)CO)N1C,0.4877656914571844,0.44606227,1.0371726,0.5911103,0.023293264,0.7487468,0.72545356
gdb_76659,CC1C(C)N1CC(N)=O,CC1C(C)N1CC(N)O,2.8788913017411915,2.5852149,2.8613608,0.27614594,2.6349454,1.3184875,-1.3164579
gdb_76661,CC1C(CC(N)=O)N1C,CC1C(CC(N)O)N1C,2.8855323017411934,2.4803946,2.8220732,0.34167862,2.5586927,1.1231916,-1.4355011
gdb_76717,CC1C(CNC=O)N1C,CC1C(CNCO)N1C,2.897488301741191,2.5942633,3.062445,0.4681816,2.6892066,1.4386613,-1.2505453
gdb_76718,CC1C(COC=O)N1C,CC1C(COCO)N1C,0.7875385465057434,0.75445,1.0235617,0.2691117,0.7319269,1.0408523,0.3089254
gdb_76937,CC1N(C=O)C1(C)C#C,C#CC1(C)C(C)N1CO,0.1212956151650246,0.083421886,0.5415632,0.45814133,0.045961678,0.09083348,0.0448718
gdb_76938,CC1N(C=O)C1(C)C#N,CC1N(CO)C1(C)C#N,1.776050859929626,1.6808913,2.145899,0.46500778,1.6550148,1.8246024,0.16958761
gdb_76945,CC1N(C=O)C1(C)C=O,CC1N(CO)C1(C)C=O,0.4619076914572133,0.41756648,0.8901884,0.47262192,0.26713243,0.5228003,0.2556679
gdb_76960,CC1C(C=O)N1C(C)=O,CC(O)N1C(C)C1C=O,0.4565146914571869,0.47056407,0.7093527,0.2387886,0.37572414,0.62342346,0.24769932
gdb_76961,CC1C(C=O)N1C(N)=O,CC1C(C=O)N1C(N)O,2.152302936221816,1.950289,2.2041953,0.25390625,2.2956433,0.5598952,-1.735748
gdb_76962,CC1C(N1C=[NH2+])C([O-])=O,CC1C(C([O-])O)N1C[NH2+],2.1568219362218315,2.2226508,1.4535849,-0.76906586,2.1735246,-0.06550669,-2.2390313
gdb_76963,CC1C(N1C=O)C(C)=O,CC(=O)C1C(C)N1CO,0.4520156914571771,0.39401835,0.9001486,0.5061302,0.3955678,0.64954674,0.25397894
gdb_76964,CC1C(N1C=O)C(N)=O,CC1C(C(N)O)N1CO,2.139916936221823,1.9395316,2.6072943,0.66776276,2.1373918,0.7935121,-1.3438797
gdb_76966,CN1C(C=O)C1C(N)=O,CN1C(C=O)C1C(N)O,2.1701879362217937,2.0472739,2.1991217,0.15184784,1.7178522,0.53063124,-1.187221
gdb_76995,CC1C(C=O)C=CC1=O,CC1C(O)CCC1C=O,-1.5694104083559637,-1.5310571,-0.82239705,0.70866007,-1.6512531,-0.9530715,0.6981816
gdb_76996,OC1C(C=O)C=CC1=O,O=CC1CCC(O)C1O,-1.974307918826753,-1.9041955,-1.2568758,0.6473198,-2.2839956,-1.4339194,0.8500762
gdb_76997,CC1C(C=CC1=O)C#C,C#CC1CCC(O)C1C,-1.9168054846481368,-1.8514078,-1.2606981,0.5907097,-1.4070868,-1.3453805,0.061706305
gdb_76998,CC1C(C=CC1=O)C#N,CC1C(O)CCC1C#N,-0.2635372398835329,-0.22425634,0.3820364,0.6062927,-0.22320248,0.44999203,0.6731945
gdb_76999,CN1C(C=CC1=O)C#C,C#CC1CCC(O)N1C,-0.2180422398835162,-0.18184835,0.39316386,0.5750122,0.29591808,0.005545091,-0.290373
gdb_77000,OC1C(C=CC1=O)C#C,C#CC1CCC(O)C1O,-2.319624995118886,-2.2239625,-1.7003038,0.52365875,-2.0498838,-1.7745253,0.27535856
gdb_77001,OC1C(C=CC1=O)C#N,N#CC1CCC(O)C1O,-0.6655177503542973,-0.5972765,-0.058282673,0.53899384,-0.85531205,0.12280528,0.97811735
gdb_77034,CC1C(CC#C)N1C=O,C#CCC1C(C)N1CO,0.1253416151650412,-0.072179615,0.47547358,0.5476532,-0.059415713,-0.03276194,0.026653774
gdb_77036,CC1C(CC#N)N1C=O,CC1C(CC#N)N1CO,1.7789228599296507,1.4819205,2.0299017,0.54798126,1.5428011,2.0219598,0.47915864
gdb_77117,CC1N(CC11CC1)C=O,CC1N(CO)CC12CC2,0.9360211160395692,0.91005915,1.4044592,0.49440008,0.9647453,1.1599047,0.19515944
gdb_77161,CC1C(OC1=N)C1CN1,CC1C(N)OC1C1CN1,2.661491360804177,2.5402434,2.6684134,0.12817001,2.5900855,2.607727,0.017641544
gdb_77171,NC1C(OC1=N)C1CN1,NC1OC(C2CN2)C1N,4.378573605568818,4.020838,4.0890484,0.0682106,4.2768054,3.1416483,-1.1351571
gdb_77186,OC1C(OC1=N)C1CN1,NC1OC(C2CN2)C1O,2.2612778503334425,2.1653807,2.2145598,0.049179077,2.1603713,1.9570187,-0.20335257
gdb_77281,CC1C(CC=O)N1C=O,CC1C(CC=O)N1CO,0.4714486914571694,0.2974226,0.8458082,0.5483856,0.5131204,0.6362685,0.12314808
gdb_77332,CN1C(COC1=O)C#C,C#CC1COC(O)N1C,-0.3424028953057245,-0.3707865,-0.108674824,0.26211166,-0.12165123,-0.24718396,-0.12553273
gdb_77333,CN1C(COC1=O)C#N,CN1C(C#N)COC1O,1.3134003494589024,1.2693083,1.5345061,0.26519775,1.6948153,0.13441293,-1.5604024
gdb_77360,CN1C(COC1=O)C=O,CN1C(C=O)COC1O,0.0019941809864008,-0.026010334,0.28030604,0.30631638,-0.076206714,-1.6462204,-1.5700138
gdb_77442,CC12OC(=O)C1(C)C2O,CC12OC(O)C1(C)C2O,-1.6031271496665909,-1.4887369,-1.2772729,0.21146393,-1.2724055,-0.9462752,0.32613033
gdb_77443,CC12OC(=O)C1(N)C2N,CC12OC(O)C1(N)C2N,2.2294218503334378,1.9133742,2.0806258,0.16725159,2.533771,1.4247688,-1.1090022
gdb_77444,CC12OC(=O)C1(N)C2O,CC12OC(O)C1(N)C2O,0.1088800950980157,0.070833385,0.2399084,0.16907501,0.838401,0.07001177,-0.7683892
gdb_77445,CC12OC(=O)C1(O)C2O,CC12OC(O)C1(O)C2O,-2.002118660137341,-1.9602563,-2.5251825,-0.56492615,-1.4424528,-1.1314002,0.31105256
gdb_77454,CC1C2(C)OC(=O)C12C,CC1C2(C)OC(O)C12C,-1.2018726391958126,-1.0950906,-0.87859136,0.21649927,-0.9586423,-0.5836529,0.3749894
gdb_77455,CC1C2(C)OC(=O)C12N,CC1C2(C)OC(O)C12N,0.5130316055688127,0.46458644,0.63604563,0.1714592,1.0733801,0.90232235,-0.17105776
gdb_77456,CC1C2(C)OC(=O)C12O,CC1C2(C)OC(O)C12O,-1.6006261496665957,-1.505697,-1.3611543,0.1445427,-1.2464821,-0.81821555,0.42826658
gdb_77736,CC12C3CN=C(C1O)N23,CC12C(O)C3NCC1N32,2.4777894198672925,2.5283988,2.6881201,0.15972137,2.7064526,2.884863,0.17841029
gdb_77782,CC1C2C(=O)OC12C#C,C#CC12OC(O)C1C2C,-2.2481520810072766,-2.1626947,-1.9341867,0.228508,-2.0159183,-1.791092,0.22482622
gdb_77783,CC1C2C(=O)OC12C#N,CC1C2C(O)OC12C#N,-0.5895218362426817,-0.55438405,-0.32589513,0.22848892,0.037513606,0.05303057,0.015516963
gdb_77790,NC1C2C(=O)OC12C#N,N#CC12OC(O)C1C2N,1.1273014085219302,0.89834803,1.1249335,0.22658545,1.6668754,1.1930156,-0.4738598
gdb_77797,OC1C2C(=O)OC12C#C,C#CC12OC(O)C1C2O,-2.6472685914780527,-2.5716798,-2.3519647,0.21971512,-2.1960406,-2.0341318,0.16190886
gdb_77801,CC1C2C(=O)OC12C=O,CC1C2C(O)OC12C=O,-1.9022100047151296,-1.8075387,-1.6288736,0.17866516,-1.4758638,-1.4894663,-0.013602495
gdb_77807,OC1C2C(=O)OC12C=O,O=CC12OC(O)C1C2O,-2.3004195151858653,-2.2194803,-2.0514925,0.16798782,-1.3925297,-2.342072,-0.9495423
gdb_77811,CC12COC(=O)C1C2O,CC12COC(O)C1C2O,-1.628193149666572,-1.4771059,-1.2900026,0.18710327,-1.4277983,-1.2489731,0.17882514
gdb_77821,CC1C2C(=O)OCC12C,CC1C2C(O)OCC12C,-1.2263666391958168,-1.0617197,-0.86908513,0.19263452,-1.1047204,-0.77902496,0.3256954
gdb_77822,CC1C2C(=O)OCC12O,CC1C2C(O)OCC12O,-1.628191149666577,-1.5517862,-1.3438318,0.2079544,-1.4046174,-1.1153643,0.28925312
gdb_77823,CC1N2C(=N)OCC12C,CC1N2C(N)OCC12C,2.634193360804204,2.6243842,2.73963,0.11524582,2.995184,1.743919,-1.2512649
gdb_77834,OC1C2C(=O)OCC12O,OC1OCC2(O)C(O)C12,-2.0286596601373503,-1.9695604,-2.1862237,-0.21666336,-1.633546,-1.4994669,0.1340791
gdb_78152,CC1C2N1C(=O)OC2=N,CC1C2C(N)OC(O)N12,1.8892479952849044,2.1784308,2.2375891,0.059158325,2.458158,1.053571,-1.404587
gdb_78156,CN1C2C1C(=O)OC2=N,CN1C2C(N)OC(O)C21,1.907342995284864,2.2689116,2.1944907,-0.07442093,1.6837965,1.0559253,-0.6278713
gdb_78163,CC1C2C(C)OC(=N)N12,CC1OC(N)N2C(C)C12,2.6379183608041785,2.5819685,2.6700537,0.088085175,2.9462237,1.7342539,-1.2119699
gdb_78171,CC1C2C1C(=O)OC2C,CC1OC(O)C2C(C)C12,-1.2278816391958003,-1.0577753,-0.8959101,0.16186517,-0.94962794,-0.7496071,0.20002085
gdb_78179,CC1OC(=O)C2C(O)C12,CC1OC(O)C2C(O)C12,-1.628304149666576,-1.4898508,-1.3383157,0.15153503,-1.3641868,-1.0831316,0.2810552
gdb_78336,CC1C2N1C(=O)C21CC1,CC1C2N1C(O)C21CC1,0.7112081751026835,0.68536586,1.0742362,0.3888703,0.7869675,1.2710682,0.4841007
gdb_78401,CC1C2C1C1C2OC1=O,CC1C2C3OC(O)C3C12,-1.4175115801327252,-1.3249261,-1.1052988,0.21962738,-1.2420614,-1.0092822,0.23277915
gdb_78406,CC1C2C3NC(=O)C3N12,CC1C2C3NC(O)C3N12,2.43932541986726,2.2749693,2.634699,0.35972977,2.6617684,3.0509887,0.38922024
gdb_78416,OC1C2C1C1C2OC1=O,OC1OC2C1C1C(O)C21,-1.8167990906035243,-1.7669542,-1.5498788,0.21707535,-1.5387826,-1.411901,0.1268816
gdb_78631,CC1C2C3C1C2N3C=O,CC1C2C3C1C2N3CO,0.7559691751026776,0.623995,1.1852858,0.5612908,0.6686836,0.50077486,-0.16790873
gdb_78633,CN1C2C3C1C2N3C=O,CN1C2C3C1C2N3CO,2.491487419867269,2.2827895,2.8360808,0.5532913,2.4774036,1.819507,-0.65789664
gdb_78636,OC1C2C3C1C2N3C=O,OCN1C2C3C(O)C2C31,0.3511446646318745,0.18060511,0.7409002,0.5602951,0.012430753,0.17868832,0.16625756
gdb_78638,CC12CN=C3C(O)C1N23,CC12CNC3C(O)C1N32,2.478760419867285,2.5052702,2.740599,0.23532867,2.6649373,2.711801,0.046863794
gdb_78649,CC1C2C3N1C(=N)C23O,CC1C2C3N1C(N)C23O,2.4597134198672848,2.214678,2.4320624,0.21738434,2.6219532,2.1481817,-0.47377157
gdb_79002,OC1C2C3C4N=C1N2C34,OC1C2NC3C4C1N2C34,2.248159478930233,2.0928366,2.4451163,0.35227966,2.163907,2.2853248,0.12141776
gdb_79005,CC1C2C3N4C=NC13C24,CC1C2C3N4CNC13C24,2.691060989401024,2.4901488,2.8713324,0.38118362,1.8393035,2.588484,0.74918056
gdb_79010,OC1C2C3N4C=NC13C24,OC1C2C3N4CNC13C24,2.285857478930211,2.0699332,2.4474585,0.37752533,1.9274834,1.8736595,-0.053823948
gdb_79100,CC1C2C3NC(=O)N1C23,CC1C2C3NC(O)N1C32,2.401130419867286,2.2341483,2.7005484,0.46640015,2.6930287,2.7702336,0.07720494
gdb_79102,CC1C2C3OC(=N)N1C23,CC1C2C3OC(N)N1C32,2.4260854198672632,2.2994673,2.463053,0.16358566,2.6766832,1.9902421,-0.68644106
gdb_79104,CC1C2C3OC(=O)N1C23,CC1C2C3OC(O)N1C32,0.2825356646318937,0.24791926,0.58216685,0.3342476,0.7549563,0.75793666,0.0029803514
gdb_79171,CN1C2C3CN(C23)C1=O,CN1C2C3CN(C32)C1O,2.406874419867279,2.336218,2.7387373,0.40251923,2.2019887,1.8223753,-0.3796134
gdb_79514,CN1C2C3OC2C3C1=O,CN1C(O)C2C3OC2C31,0.3111246646319046,0.28128642,0.57920283,0.2979164,0.34254822,0.7473395,0.40479127
gdb_79608,CC1C2C3NC3C(=O)N12,CC1C2C3NC3C(O)N12,2.4191954198672647,2.3459609,2.7193472,0.37338638,2.5619345,2.9067636,0.34482908
gdb_79609,CC1C2C3OC3C(=N)N12,CC1C2C3OC3C(N)N12,2.4347414198672936,2.2293723,2.4265807,0.1972084,2.7120602,2.7538612,0.041800976
gdb_79614,CN1C2C3CN3C(=O)C12,CN1C2C1C1CN1C2O,2.434539419867292,2.318003,2.7052252,0.3872223,2.4764779,2.1263258,-0.35015202
gdb_79724,CN1C2C3CN3C2C1=O,CN1C(O)C2C1C1CN12,2.432291419867284,2.3913672,2.667742,0.27637482,2.413875,2.0515952,-0.3622799
gdb_79729,OC1C2C3CC3N2C1=N,NC1C(O)C2C3CC3N12,2.4632944198672817,2.2862341,2.4314559,0.14522171,2.2195683,2.1189792,-0.10058904
gdb_80085,CC1C2N=CNC(=O)C12,CC1C2NCNC(O)C12,2.2964085057556645,2.148249,2.7988722,0.6506233,2.5109727,2.3543043,-0.15666842
gdb_80091,OC1C2N=CNC(=O)C12,OC1NCNC2C(O)C12,1.892731995284862,1.7128432,2.3569624,0.64411926,1.7993526,1.5716578,-0.22769487
gdb_80154,CC1C2CC(=O)C(=O)C12,CC1C2CC(O)C(O)C12,-1.5080554942443314,-1.5385187,-0.82304937,0.7154693,-1.4798685,-0.8237189,0.6561496
gdb_80161,CN1C2CC(=O)C(=O)C12,CN1C2CC(O)C(O)C21,0.2234657505202903,0.1282751,0.79574794,0.66747284,-0.113780536,0.5263104,0.64009094
gdb_80162,OC1C2CC(=O)C(=O)C12,OC1CC2C(O)C2C1O,-1.913387004715105,-1.9682672,-1.2625177,0.7057495,-1.848412,-1.1982101,0.6502019
gdb_80171,CC1C2C(O)C2NC1=O,CC1C(O)NC2C(O)C12,0.4934496055687987,0.4337713,0.8111631,0.37739182,0.72752696,0.9286713,0.20114434
gdb_80177,CC1C2CC(=O)N(C)C12,CC1C2CC(O)N(C)C12,0.898110116039561,0.85734385,1.2555449,0.39820105,0.9457319,1.1986262,0.25289428
gdb_80178,CC1C2NC(=O)C(C)C12,CC1C(O)NC2C(C)C12,0.8967981160395766,0.874819,1.2549231,0.38010412,1.0299857,1.0595336,0.02954793
gdb_80179,CC1C2NC(=O)C(O)C12,CC1C2NC(O)C(O)C12,0.4917866055687909,0.50671214,0.8057806,0.29906845,0.72752696,0.9286713,0.20114434
gdb_80187,CN1C2C(O)C2CC1=O,CN1C(O)CC2C(O)C21,0.4961536055687929,0.41994303,0.8185789,0.39863586,0.47876978,0.69520295,0.21643317
gdb_80193,OC1C2NC(=O)C(O)C12,OC1NC2C(O)C2C1O,0.0909830950980108,0.06672877,0.36296672,0.29623795,0.36657247,0.18291919,-0.18365328
gdb_80201,CC1C2OC(=O)C12C#C,C#CC12C(O)OC1C2C,-2.2479510810072725,-2.1785638,-1.890394,0.28816986,-1.985949,-1.7849289,0.20102012
gdb_80202,CC1C2OC(=O)C12C#N,CC1C2OC(O)C12C#N,-0.5914708362426495,-0.57493764,-0.27081853,0.3041191,0.07727632,0.07399644,-0.0032798797
gdb_80210,NC1C2OC(=O)C12C#N,N#CC12C(O)OC1C2N,1.1266334085219682,0.8717939,1.1778586,0.30606467,1.7271096,1.1315206,-0.5955889
gdb_80217,OC1C2OC(=O)C12C#C,C#CC12C(O)OC1C2O,-2.650226591478031,-2.5957468,-2.3084848,0.28726196,-2.1506321,-2.072306,0.078326225
gdb_80218,OC1C2OC(=O)C12C#N,N#CC12C(O)OC1C2O,-0.9928253467134028,-0.9916056,-0.6880854,0.3035202,-0.4369777,-0.5711134,-0.1341357
gdb_80222,CC1C2OC(=O)C12C=O,CC1C2OC(O)C12C=O,-1.901349004715144,-1.797857,-1.5174387,0.2804184,-1.550815,-1.4959105,0.05490446
gdb_80228,OC1C2OC(=O)C12C=O,O=CC12C(O)OC1C2O,-2.302740515185917,-2.2183626,-1.9427507,0.27561188,-1.3906114,-2.3836505,-0.99303913
gdb_80275,CC12CC(=O)NC1C2O,CC12CC(O)NC1C2O,0.4896646055688052,0.4157278,0.8216383,0.4059105,0.52343833,0.6536662,0.13022786
gdb_80278,CC12NC(=O)CC1C2O,CC12NC(O)CC1C2O,0.4876566055688158,0.4156248,0.82290095,0.40727615,0.5268286,0.76206803,0.23523945
gdb_80290,CC1C2CC(=O)NC12C,CC1C2CC(O)NC12C,0.8904601160396055,0.8365957,1.2449744,0.40837866,0.9891422,1.1863703,0.19722807
gdb_80292,CC1C2NC(=O)CC12C,CC1C2NC(O)CC12C,0.8923431160395694,0.8369238,1.2448599,0.40793616,0.9787118,1.1890397,0.21032792
gdb_80293,CC1C2NC(=O)CC12O,CC1C2NC(O)CC12O,0.4896136055688203,0.36201304,0.7937719,0.43175888,0.60436326,0.96478313,0.36041987
gdb_80306,OC1C2NC(=O)CC12O,OC1CC2(O)C(O)C2N1,0.0875650950980571,-0.062986195,0.36624354,0.42922974,0.19204094,0.14305386,-0.048987076
gdb_80590,CC1C2OC(C12)C(N)=O,CC1C2OC(C(N)O)C12,0.5260406055688236,0.42270488,0.6039602,0.18125534,0.7845632,0.73379624,-0.050766945
gdb_80593,NC(=O)C1OC2C(O)C12,NC(O)C1OC2C(O)C12,0.1259220950980193,-0.02303487,0.15664119,0.17967606,0.13484459,0.168187,0.03334242
gdb_80597,[NH3+]C1C2OC(C12)C([O-])=O,[NH3+]C1C2OC(C([O-])O)C12,0.2045630950980239,-0.011647999,-0.67437536,-0.66272736,0.7410371,0.39619526,-0.3448418
gdb_80753,CN1C2CN(CC12)C=O,CN1C2CN(CO)CC21,2.6369873608041985,2.474459,2.9826262,0.50816727,2.5880537,2.0438554,-0.5441983
gdb_81200,CC1C2CC11OC(=O)C21,CC1C2CC13OC(O)C23,-1.3310805801327206,-1.2740533,-1.1432779,0.13077545,-1.3511034,-1.0648758,0.28622758
gdb_81210,OC1C2CC11OC(=O)C21,OC1OC23CC(C2O)C13,-1.7387810906034815,-1.6961458,-1.5613534,0.13479233,-1.6810199,-1.4545735,0.22644639
gdb_81214,CC1C2CC11OC=NC21,CC1C2CC13OCNC23,0.7621831751026775,0.5816137,0.9973547,0.41574097,0.6830095,0.84097666,0.15796715
gdb_81217,OC1C2CC11OC=NC21,OC1C2CC13OCNC23,0.355271664631914,0.16260737,0.5781118,0.41550446,-0.0044259443,0.45917132,0.46359727
gdb_81290,CC1C2CC1C(=O)OC2,CC1C2COC(O)C1C2,-1.2166416391958137,-1.1486299,-0.87941533,0.26921457,-1.0477984,-0.8040609,0.24373752
gdb_81294,CC1C2COC(=N)C1O2,CC1C2COC(N)C1O2,0.5248076055688102,0.46817988,0.6106054,0.14242554,0.47480673,1.2462902,0.7714835
gdb_81306,OC1C2CC1C(=O)OC2,OC1OCC2CC1C2O,-1.6212001496665494,-1.5724466,-1.3099039,0.26254272,-1.4805168,-1.2840784,0.19643843
gdb_81312,OC1C2COC(=N)C1O2,NC1OCC2OC1C2O,0.1184870950980325,0.028650463,0.16667002,0.13801956,-0.048277184,0.53976655,0.58804375
gdb_81861,CC12CC1C(O)C(=O)N2,CC12CC1C(O)C(O)N2,0.4860406055688031,0.5655386,0.76815623,0.20261765,0.5393017,0.6607018,0.12140012
gdb_81864,CC1C2CC2(C)NC1=O,CC1C(O)NC2(C)CC12,0.8898341160395944,0.93313044,1.2131903,0.28005987,0.99451584,1.1470174,0.15250152
gdb_81871,CN1C2CC2(C)CC1=O,CN1C(O)CC2(C)CC12,0.8948241160395582,0.8849508,1.1891234,0.30417258,0.8629079,1.1797986,0.31689072
gdb_81874,CN1C2CC2(O)CC1=O,CN1C(O)CC2(O)CC12,0.4932076055687844,0.41018885,0.734667,0.32447815,0.31078386,0.641329,0.33054513
gdb_81899,CC1C2CC2C(=O)C1=O,CC1C(O)C(O)C2CC12,-1.5099364942443572,-1.4847658,-0.8157595,0.6690063,-1.4589131,-0.81061333,0.64829975
gdb_81902,CC1C2NC2C(=O)C1=O,CC1C(O)C(O)C2NC12,0.2122677505202546,0.23618144,0.8674604,0.631279,0.14798906,0.9915594,0.84357035
gdb_81907,OC1C2CC2C(=O)C1=O,OC1C(O)C2CC2C1O,-1.912674004715143,-1.856241,-1.2603433,0.5958977,-1.8950725,-1.2004132,0.69465923
gdb_81910,OC1C2NC2C(=O)C1=O,OC1C(O)C2NC2C1O,-0.1883807599505189,-0.13994771,0.4179861,0.5579338,-0.43489915,0.3369939,0.771893
gdb_81944,CC1C2CC2N(C)C1=O,CC1C2CC2N(C)C1O,0.8975771160395993,0.93120784,1.2275679,0.29636008,0.9419799,1.2503335,0.30835366
gdb_81951,CN1C2CC2C(O)C1=O,CN1C(O)C(O)C2CC21,0.4936976055687978,0.56299037,0.78259104,0.21960068,0.49487156,0.6702325,0.17536092
gdb_82364,CC1C2NC2CN1C=O,CC1C2NC2CN1CO,2.626121360804177,2.498133,3.0580466,0.55991364,1.9976901,2.4585624,0.4608723
gdb_82406,CC1C2NC2CNC1=O,CC1C(O)NCC2NC21,2.612738360804201,2.5125983,2.873484,0.36088562,2.6896524,2.7130902,0.023437738
gdb_82412,CC1C2OC2COC1=O,CC1C(O)OCC2OC21,-1.6218501496665567,-1.571573,-1.2979639,0.27360916,-1.5692397,-0.99854386,0.5706959
gdb_82416,CC1N2CC2COC1=O,CC1C(O)OCC2CN21,0.5078426055687828,0.51156825,0.72670954,0.2151413,0.3706545,0.9977294,0.62707496
gdb_82420,CN1C2CC2NCC1=O,CN1C(O)CNC2CC21,2.6289263608042006,2.5326903,2.8383124,0.3056221,2.1843076,1.7293547,-0.45495284
gdb_82424,NC1C2OC2COC1=O,NC1C(O)OCC2OC21,0.0933380950980335,-0.087308705,0.12057704,0.20788574,0.18853785,0.66517204,0.4766342
gdb_82433,OC1C2NC2CNC1=O,OC1NCC2NC2C1O,2.2047438503334438,2.1412032,2.4261763,0.28497314,2.2788742,1.8758798,-0.4029944
gdb_82439,OC1C2OC2COC1=O,OC1OCC2OC2C1O,-2.0272906601373397,-1.9422166,-1.7558877,0.18632889,-1.8753434,-1.4326844,0.44265902
gdb_83111,CC1C2CC=CC=CC12,CC1C2CCCCCC12,-0.6477984733028279,-0.35419255,0.08472651,0.43891907,-0.8463677,-0.07993885,0.7664289
gdb_83112,OC1C2CC=CC=CC12,OC1C2CCCCCC12,-1.05242198377357,-0.787237,-0.35341054,0.43382645,-1.0504671,-0.48749614,0.562971
gdb_83126,CC12C(O)C1COC2=O,CC12C(O)OCC1C2O,-1.6288581496665984,-1.5939844,-1.3004243,0.29356003,-1.3355241,-1.202373,0.13315105
gdb_83135,CC1C2COC(=O)C12C,CC1C2COC(O)C12C,-1.2269026391958278,-1.1764696,-0.88032323,0.29614633,-1.0477623,-0.7551658,0.29259646
gdb_83136,CC1C2COC(=O)C12N,CC1C2COC(O)C12N,0.4884196055688221,0.38425654,0.62180537,0.23754883,0.65151876,0.73657715,0.08505839
gdb_83137,CC1C2COC(=O)C12O,CC1C2COC(O)C12O,-1.628857149666601,-1.5885484,-1.3473871,0.24116135,-1.3415364,-1.0922762,0.24926019
gdb_83146,NC12C(O)C1COC2=O,NC12C(O)OCC1C2O,0.0869000950980307,-0.035547078,0.2024824,0.23802948,0.30887285,0.36793536,0.05906251
gdb_83150,OC1C2COC(=O)C12O,OC1OCC2C(O)C12O,-2.0321686601373585,-2.0104578,-2.2131708,-0.20271301,-1.6277214,-1.5064113,0.121310115
gdb_83164,CC1C2CNC(=O)OC12,CC1C2CNC(O)OC12,0.4863836055687898,0.46499842,0.73797053,0.2729721,0.65836304,0.91033185,0.2519688
gdb_83169,CC1C2COC(=O)CN12,CC1C2COC(O)CN12,0.513557605568792,0.46432322,0.764208,0.2998848,0.38446623,1.0190989,0.63463265
gdb_83174,CC1C2NCC(=O)NC12,CC1C2NCC(O)NC12,2.6194213608042105,2.4837363,2.8818648,0.3981285,2.4808412,2.3234084,-0.1574328
gdb_83177,CC1C2OCC(=O)OC12,CC1C2OCC(O)OC12,-1.608594149666601,-1.5100915,-1.290693,0.2193985,-1.7069032,-1.391789,0.31511426
gdb_83179,CN1C2CNC(=O)CC12,CN1C2CNC(O)CC21,2.6264123608041814,2.3416312,2.8160193,0.47438812,2.5366135,2.297401,-0.23921251
gdb_83190,OC1C2CNC(=O)OC12,OC1NCC2C(O)C2O1,0.081985095098048,0.0185377,0.29458064,0.27604294,0.052915186,-0.27710223,-0.33001742
gdb_83198,OC1C2NCC(=O)NC12,OC1CNC2C(O)C2N1,2.2146948503334443,2.0415747,2.4379256,0.39635086,1.8729618,1.5043387,-0.36862302
gdb_83201,OC1C2OCC(=O)OC12,OC1COC2C(O)C2O1,-2.0074956601373515,-1.9629037,-1.741884,0.22101974,-2.2591307,-1.9743708,0.28475988
gdb_83400,CC1C2COC12C(N)=O,CC1C2COC12C(N)O,0.5205506055688147,0.4671232,0.5715963,0.104473114,0.6450707,0.73858243,0.09351176
gdb_83403,CC1C2OCC12C(N)=O,CC1C2OCC12C(N)O,0.5262876055688253,0.50905055,0.66187495,0.1528244,0.6020815,0.72934,0.12725854
gdb_83409,NC(=O)C12COC1C2O,NC(O)C12COC1C2O,0.1230330950980373,0.08671397,0.23559397,0.14888,0.18859963,0.34482124,0.15622161
gdb_83410,NC(=O)C12OCC1C2O,NC(O)C12OCC1C2O,0.1178100950980365,0.044519603,0.14917201,0.104652405,0.2452188,0.31069043,0.065471634
gdb_83413,[NH3+]C1C2COC12C([O-])=O,[NH3+]C1C2COC12C([O-])O,0.120756095098045,0.020258129,-0.6892374,-0.70949554,0.8033783,0.54413575,-0.25924253
gdb_83415,[NH3+]C1C2OCC12C([O-])=O,[NH3+]C1C2OCC12C([O-])O,0.1916260950980586,0.07442683,-0.60154516,-0.675972,0.6480817,0.538632,-0.109449744
gdb_83463,CC1C2OCC12NC=O,CC1C2OCC12NCO,0.5421046055687953,0.23516291,0.80942744,0.5742645,0.5800282,0.95068866,0.37066048
gdb_83464,CC1C2OCC12OC=N,CC1C2OCC12OCN,0.5755496055688241,0.38424128,0.73647517,0.3522339,0.6251433,1.0441047,0.4189614
gdb_83465,CC1C2OCC12OC=O,CC1C2OCC12OCO,-1.5673151496665696,-1.5277612,-1.2549875,0.27277374,-1.3151884,-1.1763307,0.13885772
gdb_83476,OC1C2OCC12NC=O,OCNC12COC1C2O,0.1379500950980627,-0.19059163,0.38024348,0.5708351,-0.13179347,-0.091748,0.04004547
gdb_83477,OC1C2OCC12OC=N,NCOC12COC1C2O,0.1721620950980309,-0.047971547,0.30509776,0.3530693,-0.10165922,-0.1345942,-0.03293498
gdb_83478,OC1C2OCC12OC=O,OCOC12COC1C2O,-1.9702736601373656,-1.9599817,-1.6863153,0.27366638,-1.9548155,-1.6692085,0.28560698
gdb_83487,CC1C2COC1C(=N)O2,CC1C2COC1C(N)O2,0.5037776055688141,0.52343196,0.60059565,0.0771637,0.28907195,1.0317461,0.74267423
gdb_83502,OC1C2COC1C(=N)O2,NC1OC2COC1C2O,0.0987960950980095,0.07741374,0.1551916,0.07777786,-0.15523472,0.3412069,0.49644163
gdb_83623,CC1C2CNC2=CC1=O,CC1C(O)CC2NCC21,0.6334752609910197,0.7543737,1.2241004,0.46972662,0.80522615,1.1370621,0.33183593
gdb_83625,CN1C2CCC2=CC1=O,CN1C(O)CC2CCC21,0.6179422609910148,0.5538961,1.2519248,0.6980286,0.5997155,1.1220372,0.5223217
gdb_83628,OC1C2CNC2=CC1=O,OC1CC2NCC2C1O,0.229862750520283,0.38918513,0.78578395,0.39659882,0.34088138,0.73614395,0.39526257
gdb_83714,CN1C2CCC2NC1=O,CN1C(O)NC2CCC21,2.594457360804199,2.5151389,2.8901846,0.37504578,2.4522703,1.6258882,-0.82638204
gdb_83824,CC1C2COC=NCC12,CC1C2CNCOCC12,0.946275116039601,0.9562399,1.2370322,0.2807923,0.9848292,0.88928527,-0.09554392
gdb_83829,OC1C2COC=NCC12,OC1C2CNCOCC12,0.5414136055688346,0.5217001,0.80019206,0.27849197,0.4097301,0.6665828,0.25685272
gdb_83840,CC1C2COCC(=O)N12,CC1C2COCC(O)N12,0.5202606055688079,0.3966543,0.828417,0.4317627,0.54964024,1.024119,0.47447878
gdb_84063,CC1N=C(N)C(=O)C1=O,CC1NC(N)C(O)C1O,1.8318280811732848,1.6159003,2.4195616,0.80366135,1.3458325,1.2180037,-0.12782872
gdb_84066,CC1=CC(O)C(O)C1=O,CC1CC(O)C(O)C1O,-1.6782630637782177,-1.728296,-1.0525835,0.6757126,-1.3353691,-1.0709451,0.26442397
gdb_84067,CC1C(O)C=C(C)C1=O,CC1CC(O)C(C)C1O,-1.2723315533074242,-1.3497674,-0.6025217,0.7472457,-0.96231115,-0.65024114,0.31207
gdb_84068,CC1C=C(C)C(=O)C1C,CC1CC(C)C(O)C1C,-0.8675750428366769,-0.87259465,-0.18371373,0.6888809,-0.8663411,-0.22004046,0.6463007
gdb_84069,CC1C=C(C)C(=O)C1O,CC1CC(C)C(O)C1O,-1.2736675533074049,-1.2434633,-0.62949926,0.613964,-0.95585084,-0.65024114,0.3056097
gdb_84070,CC1C=C(C)C(=O)N1C,CC1CC(C)N(C)C1O,0.8238682019279508,0.7497198,1.3680441,0.61832434,0.84127325,0.8144977,-0.026775539
gdb_84079,CC1N=C(C)N(C)C1=N,CC1NC(C)N(C)C1N,4.666827201927958,4.7296314,4.817377,0.08774567,2.7822568,1.8939102,-0.8883467
gdb_84133,CC1N=C(C)OC11CC1,CC1NC(C)C2(CC2)O1,0.9170501160396044,1.1231978,1.1921484,0.06895065,0.9384084,1.2344911,0.29608274
gdb_84134,CC1N=C(N)OC11CC1,CC1NC(N)OC12CC2,2.621248360804202,2.734278,2.625666,-0.10861206,2.9233887,2.1136804,-0.80970836
gdb_84159,CC1=CC(O)C(=O)NC1,CC1=CC(O)C(O)NC1,0.4234656914571815,0.36460704,0.6591665,0.29455948,0.7055106,0.2927132,-0.41279742
gdb_84162,CC1C=C(C)CNC1=O,CC1=CC(C)C(O)NC1,0.8295032019279347,0.76040095,1.1412718,0.38087088,1.0099491,0.6608671,-0.349082
gdb_84185,CC1N=C(NC1=N)C#C,C#CC1NC(C)C(N)N1,3.612232760116513,3.5288641,3.823908,0.29504395,1.4990317,1.7016648,0.20263314
gdb_84186,CC1N=C(NC1=N)C#N,CC1NC(C#N)NC1N,5.272314004881082,5.133135,5.4609814,0.32784653,4.519078,4.594962,0.07588434
gdb_84188,CC1N=C(OC1=O)C#C,C#CC1NC(C)C(O)O1,-0.6460287503542759,-0.3161791,-0.12530309,0.190876,-0.39152387,-0.40397996,-0.012456089
gdb_84200,CC1N=C(NC1=N)C=O,CC1NC(CO)NC1N,3.95408483640864,3.8258727,4.503126,0.6772535,2.840352,2.4560297,-0.3843224
gdb_84202,CC1N=C(OC1=O)C=O,CC1NC(CO)OC1O,-0.2953576740621884,0.05910319,0.5744116,0.5153084,0.4654643,-0.03414428,-0.49960858
gdb_84222,CC1N=C2CC3(C)C1N23,CC1NC2CC3(C)C1N23,2.890752930338067,2.8207839,3.0913374,0.2705536,2.5403168,2.955794,0.41547728
gdb_84242,CC1N=C2CC3N2C13C,CC1NC2CC3N2C13C,2.8918959303380234,2.7515204,3.0893195,0.33779907,2.595211,3.0189073,0.42369628
gdb_84260,CC1N=C2CCN2C1=N,CC1NC2CCN2C1N,4.455931260991065,4.2740536,4.7227535,0.44869995,3.8507318,3.2317421,-0.6189897
gdb_84265,CN1C=C2CNC2C1=O,CN1CC2CNC2C1O,2.3557075057556744,2.6218321,2.8566916,0.23485947,2.265153,2.2093697,-0.05578327
gdb_84289,CC1(C)C(O)C=CC1=O,CC1(C)C(O)CCC1O,-1.2633105533074058,-1.1646249,-0.64278203,0.5218429,-1.2269721,-0.6478381,0.579134
gdb_84290,CC1(O)C(O)C=CC1=O,CC1(O)C(O)CCC1O,-1.6737380637782169,-1.6699159,-1.1465166,0.52339935,-1.7836905,-1.0891871,0.6945033
gdb_84291,CC1C=CC(=O)C1(C)C,CC1CCC(O)C1(C)C,-0.8599550428366456,-0.73158056,-0.18677694,0.5448036,-0.83794236,-0.2257447,0.61219764
gdb_84292,CC1C=CC(=O)C1(C)O,CC1CCC(O)C1(C)O,-1.2686545533074425,-1.234575,-0.6895655,0.54500955,-1.1276305,-0.6316105,0.49601996
gdb_84301,CC1C=CC(=O)C1C#C,C#CC1C(C)CCC1O,-1.9143704846481453,-1.8312776,-1.2483728,0.5829048,-1.4510546,-1.3139633,0.13709128
gdb_84302,CC1C=CC(=O)C1C#N,CC1CCC(O)C1C#N,-0.2618532398835214,-0.19213659,0.39182872,0.5839653,-0.30204818,0.45098662,0.75303483
gdb_84304,OC1C=CC(=O)C1C#C,C#CC1C(O)CCC1O,-2.312481995118901,-2.2881334,-1.6646059,0.6235275,-2.0959878,-1.7794969,0.3164909
gdb_84305,OC1C=CC(=O)C1C#N,N#CC1C(O)CCC1O,-0.6645827503542705,-0.65059453,-0.025266469,0.62532806,-0.9412853,0.08143475,1.0227201
gdb_84307,CC1C=CC(=O)C1C=O,CC1CCC(O)C1C=O,-1.5702964083559436,-1.4537828,-0.8377741,0.6160087,-1.6546826,-0.9334162,0.72126645
gdb_84308,CC1C=CC(=O)N1C=N,CC1CCC(O)N1CN,2.2480105916440607,2.0305998,3.0848372,1.0542374,1.7130206,1.3092059,-0.40381467
gdb_84309,CC1C=CC(=O)N1C=O,CC1CCC(O)N1CO,0.1076268364086558,0.18257731,1.2340147,1.0514374,0.108723894,0.7327121,0.6239882
gdb_84311,OC1C=CC(=O)C1C=O,O=CC1C(O)CCC1O,-1.9701809188267132,-1.9144266,-1.2461412,0.66828537,-2.2948785,-1.4425591,0.85231936
gdb_84341,CN1C=NC(C#C)C1=N,C#CC1NCN(C)C1N,3.6294107601165138,3.6397765,3.8041365,0.16436005,2.8045118,1.3616682,-1.4428436
gdb_84361,CN1C=NC(C)(C)C1=N,CN1CNC(C)(C)C1N,4.673257201927981,4.6645985,4.859003,0.1944046,2.4766278,1.4552995,-1.0213283
gdb_84410,CC1N=CN(C=N)C1=N,CC1NCN(CN)C1N,6.082898591644039,5.448633,6.4802456,1.0316124,4.005114,3.1541352,-0.85097885
gdb_84412,CC1N=CN(C=O)C1=N,CC1NCN(CO)C1N,3.9462118364086223,3.5903952,4.632658,1.0422628,2.742278,2.129836,-0.612442
gdb_84415,CN1C=NC(C=O)C1=N,CN1CNC(C=O)C1N,3.971727836408661,3.9307349,4.178381,0.2476461,2.5488346,1.224744,-1.3240906
gdb_84486,CN1C=CC2(CO2)C1=O,CN1CCC2(CO2)C1O,0.2055107505202613,0.4642164,0.8066351,0.34241867,0.23478507,0.69036525,0.45558017
gdb_84543,CC1C=CC2C1OC2=N,CC1C=CC2C(N)OC12,0.6222402609910205,0.60267085,0.7325613,0.12989044,0.63687676,0.6531069,0.016230166
gdb_84550,OC1C=CC2C1OC2=N,NC1OC2C(O)C=CC12,0.2184527505202709,0.13029689,0.26795405,0.13765717,0.13376196,0.28149083,0.14772888
gdb_84578,CC1C=CC2N=COC12,CC1C=CC2NCOC12,0.6073852609910659,0.5357687,0.9211599,0.38539124,0.745831,0.62999135,-0.11583966
gdb_84581,OC1C=CC2N=COC12,OC1C=CC2NCOC12,0.2022487505202548,0.066244304,0.45526332,0.389019,-0.08918251,-0.04950429,0.03967822
gdb_84586,CC1C=CC2OC(=O)C12,CC1C=CC2OC(O)C12,-1.5210734942443196,-1.469507,-1.2159479,0.2535591,-1.3320475,-1.1671907,0.16485679
gdb_84591,OC1C=CC2OC(=O)C12,OC1C=CC2OC(O)C12,-1.9249600047151036,-1.9316995,-1.8372285,0.09447098,-1.8102602,-1.4572433,0.35301685
gdb_84644,CN1C=NC2CC2C1=O,CN1CNC2CC2C1O,2.301205505755661,2.4530356,2.8192885,0.3662529,1.982012,1.7348598,-0.24715221
gdb_84723,CC1C=CC=CC2CC12,CC1CCCCC2CC12,-0.6495334733028244,-0.35711843,0.043100536,0.40021896,-0.8137969,-0.085209675,0.7285872
gdb_84726,OC1C=CC=CC2CC12,OC1CCCCC2CC12,-1.0538119837735849,-0.80898076,-0.3765009,0.43247986,-1.0137889,-0.4845351,0.52925384
gdb_84745,CC1C=CCC(=O)N1C,CC1C=CCC(O)N1C,0.8390322019279779,0.8031103,1.119448,0.31633765,0.88389647,0.7595346,-0.12436187
gdb_84758,CC1C=CCC(=O)C=C1,CC1C=CCC(O)CC1,-1.139170897885208,-1.1815469,-0.41173345,0.7698135,-0.84945685,-0.5697717,0.27968514
gdb_84760,OC1C=CCC(=O)C=C1,OC1C=CCC(O)CC1,-1.542568408355976,-1.6096818,-0.86250097,0.7471809,-1.1657689,-1.0994198,0.06634903
gdb_84808,CC1N=COC1C1CO1,CC1NCOC1C1CO1,0.5300136055687972,0.46097392,0.7518789,0.290905,0.5335263,1.0393115,0.5057852
gdb_84861,CC1C=CCC=CC1=O,CC1C=CCCCC1O,-1.1377708978852183,-1.0120142,-0.46618062,0.5458335,-0.91201305,-0.569271,0.34274203
gdb_84864,OC1C=CCC=CC1=O,OC1C=CCCCC1O,-1.5502824083559403,-1.4199197,-0.925947,0.49397272,-1.1608427,-1.0011599,0.15968275
gdb_84915,CC1N=COCC2CC12,CC1NCOCC2CC21,0.9437011160395627,0.96389216,1.1897681,0.22587591,0.9854619,0.98849744,0.0030355453
gdb_84939,CN1C=NCCNC1=O,CN1CNCCNC1O,4.247088691457179,4.2788525,4.597849,0.31899643,3.4981437,1.8764333,-1.6217104
gdb_84950,CC1C=CCCOC=N1,CC1C=CCCOCN1,0.8944362019279879,0.7785818,1.1257651,0.3471833,0.791769,0.62286687,-0.16890216
gdb_84958,CC1CC(=O)C(=O)N1C,CC1CC(O)C(O)N1C,0.4105166914571896,0.3439352,0.9472906,0.6033554,0.39499885,0.79510397,0.40010512
gdb_84962,CC1NC(=O)C(=O)C1C,CC1NC(O)C(O)C1C,0.4098316914572137,0.3647787,0.9904501,0.6256714,0.84859836,0.37601224,-0.47258613
gdb_84963,CC1NC(=O)C(=O)C1O,CC1NC(O)C(O)C1O,0.0053421809864175,-0.012845814,0.5475103,0.56035614,0.58979046,0.25371513,-0.33607534
gdb_84974,CC1CC(=O)C(=C1)C#C,C#CC1CC(C)CC1O,-1.9263344846481232,-1.9956224,-1.359205,0.6364174,-1.8194723,-1.3536197,0.46585262
gdb_84975,CC1CC(=O)C(=C1)C#N,CC1CC(O)C(C#N)C1,-0.2701652398835108,-0.47007543,0.28352183,0.75359726,-0.5201619,0.41766486,0.93782675
gdb_84976,CC1NC(=O)C(=C1)C#C,C#CC1CC(C)NC1O,-0.2348322398835307,-0.4453104,0.25523585,0.70054626,-0.08358243,-0.21585123,-0.1322688
gdb_84977,CC1NC(=O)C(=C1)C#N,CC1CC(C#N)C(O)N1,1.4217830048810924,1.0793402,1.8975699,0.8182297,1.3374603,2.2436378,0.9061775
gdb_84982,OC1CC(=O)C(=C1)C#C,C#CC1CC(O)CC1O,-2.327253995118894,-2.455198,-1.7319582,0.7232399,-1.4223406,-1.8209059,-0.3985653
gdb_84983,OC1CC(=O)C(=C1)C#N,N#CC1CC(O)CC1O,-0.6700977503542731,-0.9298075,-0.08929616,0.8405113,-1.3546828,-0.01335448,1.3413284
gdb_84999,CC1=C(C)C(=O)CC1O,CC1C(O)CC(O)C1C,-1.279939553307429,-1.009546,-0.5831087,0.42643732,-0.8077901,-0.65024114,0.15754896
gdb_85000,CC1=C(N)C(O)CC1=O,CC1C(O)CC(O)C1N,0.4188666914571968,0.6761915,0.84410304,0.16791153,0.9547106,-0.21683885,-1.1715494
gdb_85001,CC1CC(=O)C(C)=C1C,CC1CC(O)C(C)C1C,-0.8760650428366716,-0.5816515,-0.16141301,0.4202385,-0.88170177,-0.22004046,0.6616613
gdb_85002,CC1CC(=O)C(C)=C1N,CC1CC(O)C(C)C1N,0.8246212019279824,1.0854704,1.2644789,0.17900848,1.1187351,0.16230395,-0.95643115
gdb_85003,CC1NC(=O)C(C)=C1C,CC1NC(O)C(C)C1C,0.8152362019279735,1.0223296,1.436846,0.41451645,1.0002643,0.68251765,-0.31774664
gdb_85004,CC1NC(=O)C(C)=C1N,CC1NC(O)C(C)C1N,2.522378446692585,2.7483122,2.8669074,0.11859512,2.8585668,1.7256429,-1.1329238
gdb_85011,CC1CC(=N)N(C)C1=O,CC1CC(N)N(C)C1O,2.518592446692594,2.6916182,2.8116133,0.11999512,2.4641366,0.6618601,-1.8022765
gdb_85014,CC1CC(=O)N(C)C1=N,CC1CC(O)N(C)C1N,2.5186084466925536,2.634699,2.84215,0.20745087,2.4641366,0.6618601,-1.8022765
gdb_85022,CC1OC(=N)C(C)C1=O,CC1OC(N)C(C)C1=O,0.4235666914572107,0.34425944,0.5080206,0.16376114,0.80365145,0.25241894,-0.5512325
gdb_85023,CC1OC(=N)C(O)C1=O,CC1OC(N)C(O)C1=O,0.0261171809864322,0.012697399,0.11232966,0.09963226,0.43384907,-0.33827415,-0.7721232
gdb_85030,CN1C(=N)C(O)CC1=O,CN1C(O)CC(O)C1N,2.1142539362218145,2.240412,2.4244673,0.18405533,1.597765,0.7538229,-0.84394205
gdb_85031,CN1C(=N)CC(O)C1=O,CN1C(N)CC(O)C1O,2.116212936221814,2.29925,2.390383,0.09113312,1.597765,0.7544449,-0.8433201
gdb_85067,CC1OC(=O)N(C)C1C,CC1OC(O)N(C)C1C,0.7053745465057091,0.7543089,0.92872447,0.17441559,0.8571083,1.151578,0.29446965
gdb_85073,CC1NC(=O)C(C)C=C1,CC1C=CC(C)C(O)N1,0.8323122019279481,0.73104686,1.1216338,0.3905869,0.85524744,0.5533374,-0.30191004
gdb_85074,CC1NC(=O)C(O)C=C1,CC1C=CC(O)C(O)N1,0.4373176914571672,0.3243429,0.659548,0.33520508,0.46088788,0.15891685,-0.30197102
gdb_85084,CC1CC(=O)C(C=O)=C1,CC1CC(O)C(CO)C1,-1.5792944083559632,-1.6793649,-0.6298502,1.0495148,-1.6374778,-0.65184665,0.9856311
gdb_85085,CC1NC(=O)C(C=O)=C1,CC1CC(CO)C(O)N1,0.1117468364086562,-0.12241918,0.9795248,1.101944,-0.01867336,0.65828496,0.6769583
gdb_85088,OC1CC(=O)C(C=O)=C1,OCC1CC(O)CC1O,-1.979477918826717,-2.1400506,-1.0057809,1.1342697,-2.3284192,-1.0240083,1.3044109
gdb_85132,CC1NC(=O)C11CCC1,CC1NC(O)C12CCC2,0.916129116039599,0.85129374,1.186518,0.3352242,1.0997468,1.178256,0.07850921
gdb_85133,CC1NC(=O)C11CCO1,CC1NC(O)C12CCO2,0.5150986055688236,0.42054957,0.7552549,0.33470535,0.6330317,1.270596,0.6375643
gdb_85172,CC1NC(=O)C1C1CN1,CC1NC(O)C1C1CN1,2.6408933608041707,2.445948,2.7939246,0.34797668,2.7443094,2.6334052,-0.11090422
gdb_85242,CC1OC(=O)C2(C)CC12,CC1OC(O)C2(C)CC12,-1.2315686391958138,-1.1393335,-0.9479616,0.19137186,-1.1382473,-0.79951864,0.3387286
gdb_85245,CC1OC(=O)C2(N)CC12,CC1OC(O)C2(N)CC12,0.4839526055687884,0.4043905,0.5458395,0.14144897,0.586138,0.6774089,0.091270864
gdb_85246,CC1OC(=O)C2(O)CC12,CC1OC(O)C2(O)CC12,-1.6331521496665573,-1.5577753,-1.4056299,0.15214539,-1.4544901,-1.1547495,0.29974055
gdb_85256,CC1CC2(CC2)C(=O)O1,CC1CC2(CC2)C(O)O1,-1.229715639195831,-1.0994394,-0.88014776,0.21929163,-1.1636279,-0.89846325,0.2651646
gdb_85263,CC1OC(=N)C2(CC2)O1,CC1OC(N)C2(CC2)O1,0.5089496055688301,0.3745672,0.58128566,0.20671844,0.29742455,0.991905,0.6944804
gdb_85289,CC1OC(=N)N2CC12C,CC1OC(N)N2CC12C,2.631699360804191,2.6662924,2.7250159,0.05872345,2.8444567,1.7479831,-1.0964736
gdb_85290,CC1OC(=O)C2CC12C,CC1OC(O)C2CC12C,-1.230695639195801,-1.0850198,-0.9619883,0.12303156,-1.1405841,-0.82150364,0.31908047
gdb_85291,CC1OC(=O)C2CC12O,CC1OC(O)C2CC12O,-1.631819149666569,-1.5511072,-1.4122255,0.13888168,-1.4824021,-1.1602546,0.3221475
gdb_85303,CC1OC(=N)C2CC1O2,CC1OC(N)C2CC1O2,0.5205426055688349,0.51789683,0.5908987,0.07300186,0.5379731,1.3945029,0.8565298
gdb_85304,CC1OC(=O)C2CC1C2,CC1OC(O)C2CC1C2,-1.220904639195794,-1.0666177,-0.9020975,0.1645202,-1.0430365,-0.7860722,0.25696427
gdb_85316,CC1NC(=O)C2OCC12,CC1NC(O)C2OCC12,0.4971556055688211,0.42173976,0.75046366,0.3287239,0.49850485,1.1777923,0.67928743
gdb_85325,CC1OC(=O)N2CCC12,CC1OC(O)N2CCC12,0.4848086055687872,0.5143072,0.8199102,0.30560303,0.8542971,0.9739538,0.11965668
gdb_85344,CC1CC(=O)C=C1C#C,C#CC1CC(O)CC1C,-1.92881248464812,-2.070913,-1.3211877,0.74972534,-1.7330564,-1.3536197,0.37943673
gdb_85345,CC1CC(=O)C=C1C#N,CC1CC(O)CC1C#N,-0.2707162398834839,-0.54130346,0.32277888,0.86408234,-0.49704266,0.41430497,0.9113476
gdb_85346,CC1NC(=O)C=C1C#C,C#CC1CC(O)NC1C,-0.2369192398834911,-0.40289098,0.29658335,0.69947433,0.019867275,-0.2168441,-0.23671137
gdb_85349,OC1CC(=O)C=C1C#C,C#CC1CC(O)CC1O,-2.3315369951188814,-2.484224,-1.7319543,0.75226974,-1.4165252,-1.8209059,-0.40438068
gdb_85350,OC1CC(=O)C=C1C#N,N#CC1CC(O)CC1O,-0.672467750354258,-0.9544504,-0.08929616,0.86515427,-1.3182944,-0.01335448,1.30494
gdb_85351,CC1CC(=O)C=C1C=O,CC1CC(O)CC1CO,-1.579530408355993,-1.6807153,-0.59506017,1.0856552,-1.6342207,-0.65354097,0.98067975
gdb_85353,OC1CC(=O)C=C1C=O,OCC1CC(O)CC1O,-1.9845229188267128,-2.0953767,-1.0057771,1.0895996,-2.3004582,-1.0240083,1.2764499
gdb_85387,CC1CC(=O)NC(=O)O1,CC1CC(O)NC(O)O1,-0.0419428190135704,0.002348125,0.4954397,0.49309158,0.2812526,0.14336655,-0.13788605
gdb_85407,CC1NC(=O)CC(C)=C1,CC1=CC(C)NC(O)C1,0.8262512019279598,0.5927984,1.0711081,0.4783097,1.0275221,0.677113,-0.3504091
gdb_85425,CC1NC(=O)OC1(C)C,CC1NC(O)OC1(C)C,0.6977085465057371,0.7265188,0.88469905,0.15818024,1.1497163,0.7666537,-0.38306254
gdb_85431,CC1OC(=O)NC1(C)C,CC1OC(O)NC1(C)C,0.6989265465057315,0.79985255,0.9304678,0.13061523,1.1497163,0.7243148,-0.42540145
gdb_85434,CC1CC(=N)OC11CC1,CC1CC(N)OC12CC2,0.919751116039606,0.922064,1.050215,0.128151,0.95470846,1.02634,0.07163155
gdb_85451,CC1OC(=O)CC11CO1,CC1OC(O)CC12CO2,-1.6282321496665872,-1.5335977,-1.330076,0.20352173,-1.5706385,-0.98109096,0.5895476
gdb_85455,OC1CC(=N)OC11CC1,NC1CC(O)C2(CC2)O1,0.51600060556882,0.47566813,0.5983221,0.12265396,0.3760615,1.0057651,0.6297036
gdb_85472,CC1NC(=O)OC1C#C,C#CC1OC(O)NC1C,-0.3479658953057196,-0.49127752,-0.15522557,0.33605194,0.015501239,-0.41357377,-0.429075
gdb_85473,CC1NC(=O)OC1C#N,CC1NC(O)OC1C#N,1.3087693494588848,1.1206,1.4801047,0.3595047,1.8317579,0.94329923,-0.88845867
gdb_85482,CC1OC(=O)NC1C#C,C#CC1NC(O)OC1C,-0.3508568953057533,-0.3750742,-0.1480692,0.227005,0.13830127,-0.4090452,-0.5473465
gdb_85504,CC1NC(=O)OC1C=O,CC1NC(O)OC1C=O,4.718098642797486e-05,-0.11246282,0.20789546,0.32035828,0.03469945,-0.5841671,-0.61886656
gdb_85509,CC1OC(=O)NC1C=O,CC1OC(O)NC1C=O,-0.0055488190135974,-0.020910084,0.23187464,0.25278473,0.04061061,-0.5798111,-0.6204217
gdb_85525,CC1NC(=O)CC2NC12,CC1NC(O)CC2NC12,2.610229360804169,2.391596,2.8679373,0.47634125,2.723398,2.7100663,-0.013331652
gdb_85529,CC1NC(=O)OC2CC12,CC1NC(O)OC2CC12,0.4814266055687994,0.44800776,0.6972067,0.24919891,0.746646,0.9077756,0.1611296
gdb_85537,CC1OC(=O)CC2OC12,CC1OC(O)CC2OC12,-1.6266361496665809,-1.5575883,-1.3040254,0.25356293,-1.5387623,-0.97733825,0.5614241
gdb_85538,CC1OC(=O)CN2CC12,CC1OC(O)CN2CC12,0.5051346055687986,0.634577,0.8040907,0.1695137,0.4394856,1.0093937,0.5699081
gdb_85543,CN1CC(=O)NC2CC12,CN1CC(O)NC2CC21,2.628653360804208,2.470629,2.8267462,0.35611725,2.2348957,1.7136543,-0.5212414
gdb_85556,CC1NC(=O)CC=C1C,CC1=CCC(O)NC1C,0.8285212019279697,0.69771785,1.1384146,0.44069678,0.99835074,0.6561632,-0.34218752
gdb_85577,CC1NC(=O)OCC1=O,CC1NC(O)OCC1=O,-0.0071078190135835,-0.16856939,0.16280574,0.33137512,0.20133987,-0.7034979,-0.9048377
gdb_85588,CC1OC(=O)NCC1=O,CC1OC(O)NCC1=O,-0.010089819013558,-0.13187581,0.17854518,0.310421,0.15489206,-0.6405061,-0.7953981
gdb_85593,CN1CC(=O)COC1=O,CN1CC(=O)COC1O,0.0006401809864087,-0.09723455,0.28566188,0.38289642,-0.34077197,-1.5965209,-1.255749
gdb_85621,CC1CC(=CC1=O)C#C,C#CC1CC(C)C(O)C1,-1.9292634846481176,-1.9875505,-1.352186,0.63536453,-1.9187098,-1.3515967,0.56711304
gdb_85622,CC1CC(=CC1=O)C#N,CC1CC(C#N)CC1O,-0.2709252398835247,-0.44853002,0.30188578,0.7504158,-0.60060567,0.3934765,0.99408215
gdb_85623,CN1CC(=CC1=O)C#C,C#CC1CC(O)N(C)C1,-0.2319032398834792,-0.2721613,0.30075663,0.57291794,-0.3360851,-0.10010434,0.23598078
gdb_85624,OC1CC(=CC1=O)C#C,C#CC1CC(O)C(O)C1,-2.3321819951189013,-2.3748033,-1.7652681,0.6095352,-1.8692887,-1.7967895,0.072499156
gdb_85625,OC1CC(=CC1=O)C#N,N#CC1CC(O)C(O)C1,-0.672589750354291,-0.8363245,-0.11117345,0.72515106,-1.2315972,-0.003854456,1.2277427
gdb_85777,CC1OC(C(N)=O)C1=O,CC1OC(C(N)O)C1=O,0.0254411809864336,-0.096128285,0.05436915,0.15049744,0.5107808,-0.41707402,-0.92785484
gdb_85933,CC1(CN(C(=O)O1)C)C,CN1CC(C)(C)OC1O,0.7007455465057433,0.86754817,1.0407126,0.17316443,0.8056793,1.0384817,0.23280239
gdb_86053,CC1=C(C)C(=O)C(O)C1,CC1CC(O)C(O)C1C,-1.2811855533074097,-0.9722002,-0.60769063,0.36450958,-0.79322207,-0.65024114,0.14298093
gdb_86054,CC1=C(N)CC(O)C1=O,CC1C(N)CC(O)C1O,0.4180596914571879,0.728121,0.81215113,0.08403015,0.95627654,-0.21524312,-1.1715196
gdb_86055,CC1CC(C)=C(C)C1=O,CC1CC(C)C(O)C1C,-0.877661042836678,-0.5776079,-0.18370992,0.393898,-0.8756142,-0.22004046,0.6555738
gdb_86056,CC1CC(N)=C(C)C1=O,CC1CC(N)C(C)C1O,0.8232352019279574,1.1234915,1.2348425,0.11135101,1.119914,0.16230395,-0.95761013
gdb_86057,CC1=C(C(=O)N(C1)C)C,CC1CN(C)C(O)C1C,0.8195672019279527,1.1867621,1.4520209,0.2652588,0.8584535,0.8144977,-0.043955803
gdb_86058,CC1=C(CN(C1=O)C)N,CC1C(N)CN(C)C1O,2.527114446692565,2.9272788,2.8753455,-0.05193329,2.6303809,0.5934694,-2.0369115
gdb_86120,CC1=CCC(=O)N(C1)C,CC1=CCC(O)N(C)C1,0.833446201927984,0.8162176,1.1928732,0.37665564,0.83789384,0.7375588,-0.10033506
gdb_86128,CC1CN(C)C(=O)C1=O,CC1CN(C)C(O)C1O,0.4114356914571999,0.42960948,1.0086615,0.57905203,0.4355036,0.8083418,0.3728382
gdb_86130,CC1OC(C)C(=O)C1=O,CC1OC(C)C(O)C1O,-1.6770690637782195,-1.6312616,-1.0703409,0.5609207,-1.7520493,-0.852148,0.89990133
gdb_86132,CN1CC(O)C(=O)C1=O,CN1CC(O)C(O)C1O,0.0098841809864325,0.028291881,0.59301966,0.5647278,0.0353833,-0.43365765,-0.46904093
gdb_86601,CN1CC(C2CN2)C1=O,CN1CC(C2CN2)C1O,2.6459493608041957,2.50054,2.849558,0.3490181,2.1319983,2.2631884,0.13119006
gdb_86628,CC1CC(C=O)=CC1=O,CC1CC(CO)CC1O,-1.5804474083559512,-1.586767,-0.60450536,0.9822616,-1.6838473,-0.6607867,1.0230606
gdb_86629,OC1CC(C=O)=CC1=O,OCC1CC(O)C(O)C1,-1.9825169188267184,-1.9710596,-1.0223863,0.94867325,-2.288305,-1.0236254,1.2646797
gdb_86645,CC1CN(C=N)C(=O)O1,CC1CN(CN)C(O)O1,2.1219309362218155,1.9571097,2.643595,0.6864853,1.579356,0.5501952,-1.0291607
gdb_86651,CC1CN(C=O)C(=O)O1,CC1CN(CO)C(O)O1,-0.0182608190135624,0.10487574,0.7951605,0.6902847,-0.21543407,-1.0487373,-0.8333032
gdb_86848,CN1CC(OC1=O)C#C,C#CC1CN(C)C(O)O1,-0.3426178953057501,-0.44400197,-0.1093958,0.33460617,-0.24391063,-0.3319925,-0.08808188
gdb_86849,CN1CC(OC1=O)C#N,CN1CC(C#N)OC1O,1.3144173494588929,1.16762,1.5276778,0.36005783,1.5365397,-0.10520734,-1.641747
gdb_86873,CN1CC(OC1=O)C=O,CN1CC(C=O)OC1O,-0.0004208190135841,-0.06172353,0.2875921,0.34931564,-0.1817731,-1.7422642,-1.5604911
gdb_87020,CC1NC1(C#C)C(N)=O,C#CC1(C(N)O)NC1C,1.8028328599296517,1.7844183,1.9004614,0.11604309,1.6819841,0.8914948,-0.79048926
gdb_87022,CC1NC1(C#N)C(N)=O,CC1NC1(C#N)C(N)O,3.456908104694264,3.3899748,3.5113928,0.121418,3.027885,3.6235106,0.59562564
gdb_87030,CN1CC1(C#C)C(N)=O,C#CC1(C(N)O)CN1C,1.8192398599296664,1.836817,1.9300864,0.09326935,1.0233163,0.21089266,-0.8124236
gdb_87032,CN1CC1(C#N)C(N)=O,CN1CC1(C#N)C(N)O,3.47358510469428,3.4325964,3.5365546,0.10395813,2.0693095,2.3153899,0.2460804
gdb_87090,CC1NC1(C)C#CC=O,CC1NC1(C)C#CCO,0.1255776151650138,0.12159175,0.39718837,0.27559662,0.37966946,0.40803912,0.028369665
gdb_87092,CN1CC1(C)C#CC=O,CN1CC1(C)C#CCO,0.1403366151650402,0.14985102,0.41955012,0.2696991,-0.08516254,0.22010183,0.30526438
gdb_87100,CC1NC1(C)C(=O)C#C,C#CC(O)C1(C)NC1C,0.1224056151650074,0.056627452,0.44423503,0.38760757,-0.11456086,0.072129935,0.18669079
gdb_87101,CC1NC1(C)C(=O)C#N,CC1NC1(C)C(O)C#N,1.7821688599296408,1.645426,2.0657218,0.42029572,1.0573468,2.0506577,0.9933109
gdb_87104,CN1CC1(C)C(=O)C#C,C#CC(O)C1(C)CN1C,0.1420746151650291,0.04832667,0.4179594,0.36963272,-0.26433715,-0.08522856,0.17910859
gdb_87105,CN1CC1(C)C(=O)C#N,CN1CC1(C)C(O)C#N,1.800843859929671,1.637171,2.0392668,0.4020958,0.8101071,1.479132,0.66902494
gdb_87111,CC1NC1(C)C(=O)C=O,CC1NC1(C)C(O)CO,0.4727246914571879,0.49539775,1.0892584,0.5938607,-0.10179961,0.47244877,0.5742484
gdb_87113,CN1CC1(C)C(=O)C=O,CN1CC1(C)C(O)CO,0.4902266914571669,0.4904577,1.0621588,0.5717011,-0.20369262,0.50505567,0.7087483
gdb_87191,CC1NC1(C)CC(N)=O,CC1NC1(C)CC(N)O,2.8678123017411963,2.6273825,2.9034522,0.27606964,2.0923195,1.20519,-0.88712955
gdb_87196,CN1CC1(C)CC(N)=O,CN1CC1(C)CC(N)O,2.879407301741196,2.5987113,2.8744261,0.27571487,2.393934,0.97662735,-1.4173067
gdb_87255,CC1NC1(C)CNC=O,CC1NC1(C)CNCO,2.880090301741177,2.7012198,3.1903327,0.48911285,1.9010996,1.0667707,-0.8343289
gdb_87256,CC1NC1(C)COC=O,CC1NC1(C)COCO,0.7687995465057043,0.8973333,1.1049902,0.20765692,0.5772478,0.06646152,-0.5107863
gdb_87262,CN1CC1(C)CNC=O,CN1CC1(C)CNCO,2.887813301741176,2.6740668,3.1616843,0.4876175,2.696396,1.3738652,-1.3225309
gdb_87263,CN1CC1(C)COC=O,CN1CC1(C)COCO,0.7777715465057327,0.87219447,1.076441,0.20424658,0.68273944,1.008083,0.32534355
gdb_87272,CC1NC1(C=O)C(N)=O,CC1NC1(C=O)C(N)O,2.1426729362218,2.08692,2.2071555,0.12023544,1.984981,0.6481265,-1.3368545
gdb_87276,CN1CC1(C=O)C(N)=O,CN1CC1(C=O)C(N)O,2.1705499362217893,2.127146,2.2317336,0.104587555,1.4107912,0.36573312,-1.045058
gdb_87373,CC1NC11C(C)OC1=N,CC1NC12C(C)OC2N,2.6529883608042155,2.5760672,2.7488425,0.17277527,2.673509,2.4659142,-0.20759463
gdb_87377,CC1OC(=N)C11CN1C,CC1OC(N)C12CN2C,2.6682333608042086,2.5723212,2.7272742,0.154953,2.7120616,1.6923207,-1.0197409
gdb_87532,CC1CC11C2CN2C1=O,CC1CC12C(O)N1CC12,0.7149451751026845,0.67236537,1.1062872,0.43392187,0.7888408,1.2264527,0.43761194
gdb_87550,OC1CC11C2CN2C1=O,OC1CC12C(O)N1CC12,0.314452664631915,0.23052424,0.66470546,0.4341812,0.40311876,0.61389697,0.2107782
gdb_87613,CC1OC11C=CNC1=O,CC1OC12CCNC2O,0.1962987505202704,0.33240718,0.7554113,0.42300415,0.6573256,1.582719,0.92539334
gdb_87662,CC1CC11CC(=O)C=C1,CC1CC12CCC(O)C2,-1.0944769837735748,-0.9609583,-0.383169,0.5777893,-1.1668811,-0.45890105,0.70798004
gdb_87669,OC1CC11CC(=O)C=C1,OC1CCC2(C1)CC2O,-1.4961764942443665,-1.4120004,-0.8368357,0.57516474,-1.4648886,-0.92044085,0.5444477
gdb_87753,CC1CC11CN(C1)C=O,CC1CC12CN(CO)C2,0.9384941160395784,0.9784643,1.4046423,0.42617804,0.97007984,1.1605096,0.19042975
gdb_87762,OC1CC11CN(C1)C=O,OCN1CC2(CC2O)C1,0.536573605568833,0.5265257,0.9502508,0.42372513,0.13446991,0.22385684,0.089386925
gdb_87889,CC1=NCC2(CC2O)O1,CC1NCC2(CC2O)O1,0.5160586055687872,0.72860545,0.7725546,0.043949127,0.37520596,0.7846836,0.40947762
gdb_87891,CC1CC11CN=C(C)O1,CC1NCC2(CC2C)O1,0.917773116039598,1.1797011,1.2207587,0.041057587,0.9323113,1.2094501,0.27713883
gdb_87903,CC1CC11OC=NC1C,CC1CC12OCNC2C,0.9272601160395766,0.8593542,1.1882918,0.3289376,0.9589497,1.2464168,0.28746712
gdb_87904,CC1N=COC11CC1O,CC1NCOC12CC2O,0.5255086055688025,0.4125616,0.7416174,0.3290558,0.3544351,0.87341785,0.51898277
gdb_87911,CC1CC11CCC(=N)O1,CC1CC12CCC(N)O2,0.9183651160395812,0.9350912,1.0585425,0.12345129,0.949335,1.0524924,0.1031574
gdb_87930,CC1OC11COC(=O)C1,CC1OC12COC(O)C2,-1.6298941496665975,-1.5952623,-1.3008325,0.29442978,-1.5547729,-0.94397944,0.6107934
gdb_87937,OC1CC11CCC(=N)O1,NC1CCC2(CC2O)O1,0.5160396055688352,0.48521632,0.6104223,0.125206,0.3722527,1.0513877,0.67913496
gdb_87945,OC1CC11COC(=N)N1,NC1NC2(CO1)CC2O,2.2257358503334217,2.2337706,2.2489188,0.015148163,2.3417096,1.0158911,-1.3258185
gdb_88119,CC1CC11CCOC1=O,CC1CC12CCOC2O,-1.226565639195826,-1.2019403,-0.871702,0.33023828,-1.0945933,-0.8568528,0.23774046
gdb_88122,CC1CC11OCOC1=N,CC1CC12OCOC2N,0.5154116055688291,0.31090754,0.6224386,0.31153107,0.37672088,0.8309175,0.4541966
gdb_88145,OC1CC11CCOC1=O,OC1CC12CCOC2O,-1.6290781496665545,-1.643213,-1.317991,0.32522202,-1.5061154,-1.3008502,0.20526528
gdb_88149,OC1CC11OCOC1=N,NC1OCOC12CC2O,0.1155150950980328,-0.13850576,0.17645472,0.31496048,-0.110107936,-0.09977466,0.010333277
gdb_88218,CC1NC1C#CC(C)=O,CC(O)C#CC1NC1C,0.1190336151650512,0.31716746,0.23525065,-0.08191681,0.20234865,0.32286415,0.120515496
gdb_88219,CC1NC1C#CC(N)=O,CC1NC1C#CC(N)O,1.8089378599296424,1.8070395,1.6682837,-0.1387558,1.8426336,1.6738112,-0.16882241
gdb_88222,CN1CC1C#CC(C)=O,CC(O)C#CC1CN1C,0.128106615165052,0.35586756,0.2699682,-0.08589935,-0.25197726,0.16129477,0.41327202
gdb_88223,CN1CC1C#CC(N)=O,CN1CC1C#CC(N)O,1.8180678599296696,1.8444769,1.7031271,-0.14134979,1.6801257,0.71865654,-0.9614692
gdb_88260,CC1CN1C(=N)C(C)=O,CC(O)C(N)N1CC1C,2.594716446692587,2.4808981,2.7901366,0.30923843,1.9100592,1.344873,-0.56518626
gdb_88261,CC1CN1C(=N)C(N)=O,CC1CN1C(N)C(N)O,4.280205691457184,3.9039595,4.27236,0.36840034,4.0785456,1.590682,-2.4878635
gdb_88262,CC1CN1C(=O)C(C)=O,CC(O)C(O)N1CC1C,0.4533266914571641,0.5023748,0.96570796,0.46333313,0.21930026,0.65794164,0.43864137
gdb_88263,CC1CN1C(=O)C(N)=N,CC1CN1C(O)C(N)N,4.280778691457215,4.045435,4.4421177,0.39668274,4.0785456,1.6037109,-2.4748347
gdb_88264,CC1CN1C(=O)C(N)=O,CC1CN1C(O)C(N)O,2.1365889362218127,1.9113562,2.444506,0.5331497,2.2324224,0.5658219,-1.6666005
gdb_88265,CC1NC1C(=O)C(C)=O,CC(O)C(O)C1NC1C,0.4708936914572064,0.5781233,0.97307414,0.39495087,0.05815278,0.32244158,0.26428878
gdb_88266,CC1NC1C(=O)C(N)=N,CC1NC1C(O)C(N)N,4.291716691457168,4.1323833,4.4477444,0.31536102,3.854949,2.413218,-1.441731
gdb_88267,CC1NC1C(=O)C(N)=O,CC1NC1C(O)C(N)O,2.149468936221808,2.0108511,2.4524176,0.44156647,2.0648594,0.9469685,-1.1178908
gdb_88271,CN1CC1C(=O)C(C)=O,CC(O)C(O)C1CN1C,0.4757726914571663,0.58712214,0.9485571,0.36143494,-0.18381616,0.6347468,0.818563
gdb_88272,CN1CC1C(=O)C(N)=N,CN1CC1C(O)C(N)N,4.301627691457213,4.141508,4.4231052,0.28159714,3.2554717,1.5933819,-1.6620898
gdb_88273,CN1CC1C(=O)C(N)=O,CN1CC1C(O)C(N)O,2.1594159362218197,2.019831,2.4271643,0.40733337,1.5889884,0.48918062,-1.0998077
gdb_88302,CC1CN1C(=O)CC#C,C#CCC(O)N1CC1C,0.1182806151650197,0.03699702,0.37917536,0.34217834,-0.12993823,0.010644529,0.14058276
gdb_88303,CC1CN1C(=O)CC#N,CC1CN1C(O)CC#N,1.770650859929674,1.5832617,1.9276297,0.34436798,1.6189096,1.7819997,0.16309011
gdb_88318,CC1CN1C(=N)NC=O,CC1CN1C(N)NCO,4.2834726914571775,4.0958614,4.5395412,0.4436798,3.6945958,2.0818634,-1.6127324
gdb_88319,CC1CN1C(=O)CC=O,CC1CN1C(O)CC=O,0.4619316914572096,0.2956373,0.74392146,0.44828415,0.23673443,0.5499519,0.31321746
gdb_88320,CC1CN1C(=O)NC=N,CC1CN1C(O)NCN,4.271756691457199,3.8826697,4.6632023,0.7805326,3.7344544,2.1172779,-1.6171765
gdb_88321,CC1CN1C(=O)NC=O,CC1CN1C(O)NCO,2.144264936221816,1.9337256,2.7213385,0.7876129,1.8140848,0.447711,-1.3663738
gdb_88322,CC1CN1C(=O)OC=N,CC1CN1C(O)OCN,2.160745936221815,2.123255,2.6356413,0.5123863,1.8509667,0.54414034,-1.3068264
gdb_88323,CC1NC1C(=N)NC=O,CC1NC1C(N)NCO,4.279246691457217,4.1942387,4.5619907,0.36775208,3.5823066,2.3816285,-1.2006781
gdb_88324,CC1NC1C(=N)OC=O,CC1NC1C(N)OCO,2.1787319362218227,2.382311,2.5287955,0.14648438,2.1139505,0.8752256,-1.238725
gdb_88326,CC1NC1C(=O)NC=N,CC1NC1C(O)NCN,4.280393691457164,4.0089626,4.633547,0.6245842,3.5823066,2.376757,-1.2055497
gdb_88327,CC1NC1C(=O)NC=O,CC1NC1C(O)NCO,2.1541589362217906,2.0604994,2.6920226,0.63152313,1.9390635,0.9213042,-1.0177593
gdb_88328,CC1NC1C(=O)OC=N,CC1NC1C(O)OCN,2.169741936221783,2.2924674,2.6033537,0.31088638,2.1276011,0.9023699,-1.2252312
gdb_88335,CN1CC1C(=N)NC=O,CN1CC1C(N)NCO,4.296762691457218,4.204584,4.5317593,0.32717514,3.0464942,1.7065765,-1.3399178
gdb_88336,CN1CC1C(=N)OC=O,CN1CC1C(N)OCO,2.1886439362218084,2.4019415,2.5026724,0.100730896,1.4736983,0.44861084,-1.0250874
gdb_88338,CN1CC1C(=O)NC=N,CN1CC1C(O)NCN,4.288460691457203,4.0147953,4.6052494,0.5904541,3.0464942,1.7134589,-1.3330353
gdb_88339,CN1CC1C(=O)NC=O,CN1CC1C(O)NCO,2.1618719362218144,2.0663626,2.663668,0.5973053,1.4464866,0.43250567,-1.0139809
gdb_88340,CN1CC1C(=O)OC=N,CN1CC1C(O)OCN,2.1800339362218324,2.3036597,2.5803587,0.27669907,1.4686687,0.4347832,-1.0338855
gdb_88640,CC1NC1C1CC(=N)O1,CC1NC1C1CC(N)O1,2.665558360804198,2.52759,2.700514,0.17292404,2.6511717,2.5971558,-0.054015875
gdb_88647,CN1CC1C1CC(=N)O1,CN1CC1C1CC(N)O1,2.6744453608042136,2.5067618,2.6707556,0.16399384,2.6718085,1.662619,-1.0091895
gdb_88777,CC1OC1C1CN=CO1,CC1OC1C1CNCO1,0.5278616055688303,0.426161,0.7564909,0.3303299,0.55662644,0.9740931,0.41746664
gdb_88794,CC1NC1C1CNC1=O,CC1NC1C1CNC1O,2.6424283608042174,2.4833167,2.846739,0.3634224,2.756352,2.6751952,-0.08115673
gdb_88806,CN1CC1C1CNC1=O,CN1CC1C1CNC1O,2.6539153608042056,2.4526427,2.8089392,0.35629654,2.558717,2.3107588,-0.24795818
gdb_88905,CC1CN1CC#CC=O,CC1CN1CC#CCO,0.1457736151650124,0.07343882,0.3606016,0.28716278,0.19939084,0.07288208,-0.12650877
gdb_88906,CC1NC1CC#CC=O,CC1NC1CC#CCO,0.1329856151650119,-0.034154713,0.2381689,0.2723236,0.7164293,0.5133348,-0.20309448
gdb_88908,CN1CC1CC#CC=O,CN1CC1CC#CCO,0.1458076151650402,-0.07220632,0.20169276,0.27389908,-0.112524815,0.008893874,0.121418685
gdb_88916,CC1CN1CC(=O)C#C,C#CC(O)CN1CC1C,0.1458036151650503,-0.044153035,0.28757685,0.3317299,-0.30112678,-0.049676515,0.25145027
gdb_88917,CC1CN1CC(=O)C#N,CC1CN1CC(O)C#N,1.804424859929668,1.5612051,1.9131415,0.35193634,0.98024726,1.6971511,0.7169038
gdb_88918,CC1NC1CC(=O)C#C,C#CC(O)CC1NC1C,0.1324166151650274,-0.13952428,0.26754206,0.40706635,0.3317687,0.11331522,-0.21845347
gdb_88919,CC1NC1CC(=O)C#N,CC1NC1CC(O)C#N,1.7918308599296324,1.4661353,1.8927634,0.4266281,1.3036424,2.0606349,0.75699246
gdb_88922,CN1CC1CC(=O)C#C,C#CC(O)CC1CN1C,0.1458096151650352,-0.18593389,0.21190089,0.39783478,-0.40071076,-0.12699248,0.2737183
gdb_88923,CN1CC1CC(=O)C#N,CN1CC1CC(O)C#N,1.8077098599296733,1.4197447,1.8372214,0.41747665,0.99925184,1.5862597,0.5870079
gdb_88935,CC1CN1CC(=O)C=O,CC1CN1CC(O)CO,0.4965256914571796,0.38477534,1.0632498,0.6784745,-0.13890259,0.4253467,0.5642493
gdb_88936,CC1NC1CC(=O)C=O,CC1NC1CC(O)CO,0.4796816914571877,0.29297084,1.069773,0.7768021,-0.08786014,0.6419045,0.7297646
gdb_88938,CN1CC1CC(=O)C=O,CN1CC1CC(O)CO,0.4933656914571998,0.24737757,1.0150244,0.76764685,-0.25290996,0.39860448,0.6515144
gdb_89024,CC1CN1CCC(N)=O,CC1CN1CCC(N)O,2.881674301741157,2.537783,2.8771918,0.33940887,2.3717542,1.5049192,-0.866835
gdb_89026,CC1NC1CNC(C)=O,CC(O)NCC1NC1C,2.8737943017411567,2.6632445,2.934107,0.27086258,2.07416,1.5236949,-0.5504652
gdb_89027,CC1NC1CNC(N)=O,CC1NC1CNC(N)O,4.572506546505736,4.1899967,4.4363422,0.24634552,4.5099835,2.2840981,-2.2258854
gdb_89028,CC1NC1COC(C)=O,CC(O)OCC1NC1C,0.7560875465057393,0.7990896,0.8493597,0.05027008,0.5433031,0.27995428,-0.2633488
gdb_89029,CC1NC1COC(N)=O,CC1NC1COC(N)O,2.4519437912703665,2.2622473,2.3283064,0.06605911,2.4500728,0.8175849,-1.6324879
gdb_89037,CN1CC1CCC(N)=O,CN1CC1CCC(N)O,2.8852553017411537,2.5058386,2.8513815,0.3455429,2.3721004,1.4624233,-0.909677
gdb_89038,CN1CC1CNC(C)=O,CC(O)NCC1CN1C,2.887654301741179,2.6294882,2.8795302,0.25004196,2.7868276,1.6582135,-1.1286141
gdb_89039,CN1CC1CNC(N)=O,CN1CC1CNC(N)O,4.586120546505754,4.1562595,4.3817997,0.22554016,3.644423,1.6569574,-1.9874656
gdb_89040,CN1CC1COC(C)=O,CC(O)OCC1CN1C,0.7683615465057301,0.76953715,0.8003637,0.030826569,0.62768406,1.0755061,0.44782203
gdb_89041,CN1CC1COC(N)=O,CN1CC1COC(N)O,2.4635687912703474,2.2354567,2.279299,0.043842316,2.1377566,0.38962886,-1.7481277
gdb_89112,CC1CN1CCNC=O,CC1CN1CCNCO,2.89497930174116,2.6563056,3.0682013,0.41189575,2.644469,1.5880958,-1.0563732
gdb_89113,CC1CN1CCOC=O,CC1CN1CCOCO,0.7814725465057109,0.79406565,1.0616858,0.26762015,0.5430189,0.71842444,0.17540556
gdb_89121,CN1CC1CCNC=O,CN1CC1CCNCO,2.898064301741158,2.6148436,3.0446494,0.42980576,2.5238729,1.602442,-0.9214308
gdb_89122,CN1CC1CCOC=O,CN1CC1CCOCO,0.7863935465057352,0.75107783,1.0310004,0.27992254,0.5341325,0.81993365,0.28580117
gdb_89546,CC1CC2(C1)CC(=N)O2,CC1CC2(C1)CC(N)O2,0.9335641160395768,0.9537336,1.0234511,0.06971747,1.0408821,1.0019548,-0.038927317
gdb_89554,OC1CC2(C1)CC(=N)O2,NC1CC2(CC(O)C2)O1,0.5297006055687916,0.57508296,0.6406881,0.06560516,0.4211438,0.77775776,0.35661396
gdb_89620,CC1OC2(CC12)C(N)=O,CC1OC2(C(N)O)CC12,0.5160976055688025,0.4188978,0.54867,0.12977219,0.62069213,0.8411997,0.22050756
gdb_89824,CC1CC2(CC2)OC1=N,CC1CC2(CC2)OC1N,0.9200181160395572,0.97834986,1.0347121,0.05636221,0.9404125,0.9473237,0.0069111586
gdb_89837,OC1CC2(CC2)OC1=N,NC1OC2(CC2)CC1O,0.5135826055687858,0.58961695,0.6097662,0.020149231,0.38903433,0.92003083,0.5309965
gdb_89972,CN1CC2(C1=O)CCC2,CN1CC2(CCC2)C1O,0.9208361160395953,0.9105398,1.2868865,0.37634665,0.9591262,1.1064669,0.14734071
gdb_89973,CN1CC2(CCO2)C1=O,CN1CC2(CCO2)C1O,0.5196106055688006,0.47614878,0.8722021,0.3960533,0.5911697,0.862524,0.27135426
gdb_90008,CC1CC2(CNC2=O)C1,CC1CC2(CNC2O)C1,0.9177831160395726,0.8707563,1.2054236,0.33466727,1.0174593,0.96063584,-0.056823432
gdb_90009,CC1CC2(CNC2=O)O1,CC1CC2(CNC2O)O1,0.5111896055688021,0.48960704,0.82834834,0.3387413,0.6129601,1.1733303,0.5603702
gdb_90021,OC1CC2(CNC2=O)C1,OC1CC2(CNC2O)C1,0.5124796055687852,0.49085826,0.82578105,0.3349228,0.4559136,0.7607981,0.3048845
gdb_90281,CC1CC2=CC(=O)NC12,CC1CC2CC(O)NC12,0.6135772609910646,0.45766276,1.2307074,0.77304465,0.76778966,1.1375328,0.36974317
gdb_90284,CC1NC2=CC(=O)CC12,CC1NC2CC(O)CC12,0.6288682609910552,0.67171687,1.226229,0.5545121,0.75640243,1.1375328,0.3811304
gdb_90290,OC1CC2=CC(=O)NC12,OC1CC2CC(O)C2N1,0.2142637505202742,0.029146373,0.80834407,0.7791977,0.37861004,0.8137156,0.43510553
gdb_90312,CC1CC2=NCC(=N)N12,CC1CC2NCC(N)N12,4.454131260991062,4.310404,4.628443,0.31803894,3.714021,3.2433507,-0.47067022
gdb_90317,CN1CC2=CNC(=O)C12,CN1CC2CNC(O)C21,2.3569265057556663,2.3603232,2.8174994,0.4571762,2.028947,2.2131686,0.1842215
gdb_90350,CC1OC2=NCCCC12,CC1OC2NCCCC12,0.9257331160395664,1.0470068,1.1943533,0.1473465,1.0709625,1.1959348,0.124972224
gdb_90564,CC1OC2C(NC=O)C12,CC1OC2C(NCO)C12,0.5398896055688169,0.21499842,0.8478796,0.63288116,0.698219,1.1720169,0.47379786
gdb_90565,CC1OC2C(OC=N)C12,CC1OC2C(OCN)C12,0.5728966055688147,0.35554713,0.76405543,0.4085083,0.7947681,1.3504955,0.55572736
gdb_90566,CC1OC2C(OC=O)C12,CC1OC2C(OCO)C12,-1.5702831496665794,-1.6139734,-1.2322671,0.38170624,-1.3596934,-1.1233377,0.23635566
gdb_90579,CC1CN2C1=NCC2=N,CC1CN2C(N)CNC12,4.457330260991057,4.354685,4.683962,0.32927704,3.6971827,3.256847,-0.44033575
gdb_90582,CC1NC2C1=CNC2=O,CC1NC2C(O)NCC12,2.3511435057556582,2.1900733,2.8429358,0.65286255,2.4728518,2.7768517,0.3039999
gdb_90589,OC1CN2C1=NCC2=N,NC1CNC2C(O)CN12,4.056162750520286,3.9484427,4.2694416,0.3209989,2.8680644,2.0515604,-0.816504
gdb_90688,CC1OC2C1C2C(N)=O,CC1OC2C(C(N)O)C12,0.5237356055687883,0.36355036,0.5780813,0.21453094,0.75209844,0.73106146,-0.021036983
gdb_90697,CC1CN2C1C=CC2=O,CC1CN2C(O)CCC12,0.6113562609910446,0.5770437,1.30884,0.7317963,0.82406807,1.3094983,0.48543024
gdb_90701,OC1CN2C1C=CC2=O,OC1CN2C(O)CCC12,0.2088417505202642,0.14954203,0.8961889,0.7466469,0.1494732,0.8700928,0.7206196
gdb_90740,CC1CN2C1COC2=O,CC1CN2C(O)OCC12,0.4887276055687835,0.39060038,0.8079893,0.41738892,0.77556556,1.034115,0.2585494
gdb_90745,CC1OC2C1CNC2=O,CC1OC2C(O)NCC12,0.4911086055687974,0.43100184,0.75780314,0.3268013,0.46417388,1.1831295,0.71895564
gdb_90761,OC1CN2C1COC2=O,OC1CN2C(O)OCC12,0.0842540950980605,-0.023443043,0.39453334,0.41797638,-0.081133,-0.55634934,-0.47521633
gdb_90860,CC1CC2C3OC(=N1)C23,CC1CC2C3OC(N1)C23,0.764268175102643,0.70083827,0.9388601,0.23802185,0.7924504,1.0546445,0.26219404
gdb_91149,CC1CC2C=CC(=O)N12,CC1CC2CCC(O)N12,0.6093942609910528,0.5245878,1.2666571,0.7420693,0.85009384,1.3012081,0.4511143
gdb_91193,CC1CC2N=COCC12,CC1CC2NCOCC12,0.9314141160396048,0.8983976,1.2301657,0.3317681,0.99704313,0.91206026,-0.08498287
gdb_91199,OC1CC2N=COCC12,OC1CC2NCOCC12,0.5241996055688105,0.48478526,0.8097097,0.32492447,0.29945922,0.6815405,0.38208127
gdb_91242,CC1CC2OC(=O)C2O1,CC1CC2OC(O)C2O1,-1.6319051496665793,-1.4662454,-1.3168352,0.14941025,-1.5182939,-0.91537786,0.602916
gdb_91251,CC1CC2NC(=O)C=C12,CC1CC2NC(O)CC12,0.612557260991025,0.47593135,1.2106459,0.73471457,0.76120985,1.1375328,0.37632298
gdb_91255,CN1CC2CC(=O)C=C12,CN1CC2CC(O)CC21,0.6348292609910118,0.622637,1.197283,0.57464606,0.5641918,0.99001664,0.42582482
gdb_91267,CC1CC2NC(=O)NC12,CC1CC2NC(O)NC12,2.589468360804176,2.3442748,2.8165152,0.47224045,2.8513038,2.2231297,-0.62817407
gdb_91287,OC1CC2NC(=O)NC12,OC1NC2CC(O)C2N1,2.1867298503334496,1.9312117,2.395651,0.4644394,2.3058686,1.4746319,-0.8312367
gdb_91521,CC1OC2CC12C(N)=O,CC1OC2CC12C(N)O,0.5220876055687995,0.4468519,0.5998022,0.15295029,0.5740038,0.72417796,0.15017414
gdb_91585,CC1OC2CC12NC=O,CC1OC2CC12NCO,0.5384316055688032,0.18451136,0.75575083,0.5712395,0.57461673,1.0993247,0.524708
gdb_91586,CC1OC2CC12OC=N,CC1OC2CC12OCN,0.5709906055687952,0.34275264,0.689707,0.34695435,0.5941959,1.109913,0.5157171
gdb_91587,CC1OC2CC12OC=O,CC1OC2CC12OCO,-1.5718191496665668,-1.5693948,-1.3017328,0.26766205,-1.3527801,-1.1418127,0.21096742
gdb_91723,CC1OC2CC1OC2=N,CC1OC2CC1OC2N,0.4994346055688083,0.48317927,0.5916998,0.10852051,0.29248825,1.0711104,0.77862215
gdb_92058,CC1NC2CC2NC1=O,CC1NC2CC2NC1O,2.617427360804186,2.5184424,2.8391974,0.320755,2.5407124,2.0781922,-0.46252012
gdb_92064,CC1OC2CC2OC1=O,CC1OC2CC2OC1O,-1.6120411496665952,-1.4661119,-1.3247621,0.14134979,-1.6917343,-1.3861812,0.30555308
gdb_92067,CN1CC2CC2OC1=O,CN1CC2CC2OC1O,0.4920676055688204,0.48766536,0.7701971,0.28253174,0.33356503,0.5708951,0.23733005
gdb_92069,CN1CC2NC2CC1=O,CN1CC2NC2CC1O,2.622602360804194,2.4408019,2.8727286,0.43192673,2.0804653,2.2280211,0.14755583
gdb_92302,CC1CC2COC(=O)N12,CC1CC2COC(O)N12,0.4854936055688199,0.39258784,0.7611181,0.36853027,0.87458974,0.98450637,0.10991663
gdb_92523,CN1CC2COC2C1=O,CN1CC2COC2C1O,0.4999806055687941,0.48561305,0.79217356,0.30656052,0.4197512,0.80649287,0.38674167
gdb_92577,CC1CC2COC=NC12,CC1CC2COCNC12,0.9279991160395866,0.9227163,1.248812,0.32609564,0.9976107,0.91206026,-0.08555043
gdb_92584,OC1CC2COC=NC12,OC1CC2COCNC12,0.5270466055687848,0.5031187,0.8253233,0.3222046,0.2977568,0.6815405,0.3837837
gdb_92668,CC1CC=C(C#C)C1=O,C#CC1CCC(C)C1O,-1.926882484648104,-2.004995,-1.2816141,0.72338104,-1.9500762,-1.3437848,0.6062914
gdb_92669,CC1CC=C(C#N)C1=O,CC1CCC(C#N)C1O,-0.270761239883484,-0.4800318,0.3603918,0.8404236,-0.59979737,0.45098662,1.050784
gdb_92670,CN1CC=C(C1=O)C#C,C#CC1CCN(C)C1O,-0.2300422398835166,-0.34570104,0.32689112,0.67259216,-0.1904059,-0.03798996,0.15241595
gdb_92671,CN1CC=C(C1=O)C#N,CN1CCC(C#N)C1O,1.4265680048811191,1.1774275,1.9690497,0.79162216,1.5514345,1.8656828,0.31424832
gdb_92672,OC1CC=C(C#C)C1=O,C#CC1CCC(O)C1O,-2.329616995118897,-2.403837,-1.7003,0.703537,-1.7943221,-1.7745253,0.019796848
gdb_92673,OC1CC=C(C#N)C1=O,N#CC1CCC(O)C1O,-0.6724407503542693,-0.87954503,-0.058282673,0.82126236,-1.2252307,0.12280528,1.3480359
gdb_92739,CC1=CCN(C(=O)C1)C,CC1=CCN(C)C(O)C1,0.8329352019279668,0.76980036,1.1732428,0.40344244,0.80300546,0.7375588,-0.065446675
gdb_92775,CC1CC=C(C=O)C1=O,CC1CCC(CO)C1O,-1.5799194083559769,-1.6650178,-0.54386693,1.121151,-1.6230085,-0.6392162,0.9837923
gdb_92776,CN1CC=C(C1=O)C=O,CN1CCC(CO)C1O,0.1206568364086706,-0.020925343,1.0557349,1.0766602,0.011666143,0.65018964,0.6385235
gdb_92777,OC1CC=C(C=O)C1=O,OCC1CCC(O)C1O,-1.9821699188267417,-2.0663774,-0.9670618,1.0993156,-2.1472256,-1.0192282,1.1279974
gdb_92814,CC1CN=C2OC3C1C23,CC1CNC2OC3C1C23,0.7687071751026338,0.7807867,0.9487402,0.16795349,0.8170733,1.0913947,0.27432138
gdb_92818,OC1CN=C2OC3C1C23,OC1CNC2OC3C1C23,0.3616676646319092,0.3618452,0.5269415,0.16509628,0.645809,0.6422959,-0.0035130978
gdb_92843,CC1CN=C2OCC2C1,CC1CNC2OCC2C1,0.9312891160395792,0.93570155,1.1431372,0.20743567,1.0927209,1.1987102,0.10598934
gdb_92848,OC1CN=C2OCC2C1,OC1CNC2OCC2C1,0.527888605568819,0.5814039,0.7660009,0.18459702,0.61446786,1.048633,0.43416512
gdb_92852,OC1CN=C2NCC=C12,OC1CNC2NCCC12,2.3245855057556355,2.0928671,2.8201468,0.72727966,2.7042217,3.1708941,0.46667242
gdb_92890,CC1C=CCN(C)C1=O,CC1C=CCN(C)C1O,0.8393342019279544,0.8908178,1.2603934,0.36957556,0.8799619,0.762654,-0.1173079
gdb_92898,CN1CC=CC(O)C1=O,CN1CC=CC(O)C1O,0.4330796914571806,0.48438853,0.7858526,0.30146408,0.22187497,-0.0984786,-0.32035357
gdb_93045,CC1OC=NC2CCC12,CC1OCNC2CCC21,0.9246501160395724,0.8857023,1.2422278,0.35652548,0.9953485,0.9684755,-0.026872993
gdb_93072,CC1CN=CNC(=O)N1,CC1CNCNC(O)N1,4.235302691457207,3.9284842,4.5102863,0.5818021,3.9199228,2.2440941,-1.6758287
gdb_93088,CC1CC(O)CN=CO1,CC1CC(O)CNCO1,0.7631405465057242,0.69161814,0.9885351,0.29691696,0.5305368,0.6575301,0.12699336
gdb_93092,CC1CN=COC(C)C1,CC1CNCOC(C)C1,1.1681670569765856,1.0475943,1.3638098,0.31621552,1.153038,0.9466461,-0.20639193
gdb_93136,CC1OC=NCC2CC12,CC1OCNCC2CC21,0.9459841160395968,0.85337657,1.1679633,0.3145867,0.98384225,0.98849744,0.0046551824
gdb_93148,CC1CC=CCN=CO1,CC1CC=CCNCO1,0.8910342019279369,0.86442775,1.1534331,0.28900534,0.7915584,0.62286687,-0.16869152
gdb_93181,CC1CNC(=N)C(=O)O1,CC1CNC(N)C(O)O1,2.1233279362218127,2.073908,2.3681815,0.29427338,2.3230138,1.2450168,-1.077997
gdb_93192,CC1COC(=O)C(=N)N1,CC1COC(O)C(N)N1,2.1269469362218274,1.9416449,2.336283,0.39463806,2.326732,1.2450168,-1.0817151
gdb_93246,CC1COC(=O)C(C)O1,CC1COC(O)C(C)O1,-1.390712208729667,-1.293287,-1.1110246,0.18226242,-1.2850008,-0.996066,0.28893483
gdb_93290,CC1COC(=O)C11CC1,CC1COC(O)C12CC2,-1.2247026391958116,-1.1503389,-0.8653658,0.28497308,-1.0945933,-0.85245186,0.24214143
gdb_93308,OC1COC(=O)C11CC1,OC1COC(O)C12CC2,-1.6284831496665788,-1.604059,-1.3138483,0.29021072,-1.5110291,-1.3175361,0.19349301
gdb_93345,CC1COC(=O)N1C=N,CC1COC(O)N1CN,2.124483936221793,1.8582251,2.5814497,0.72322464,1.7244401,0.5198418,-1.2045983
gdb_93346,CC1COC(=O)N1C=O,CC1COC(O)N1CO,-0.0158628190135914,0.009573162,0.73073786,0.7211647,-0.06943016,-1.0888113,-1.0193812
gdb_93379,CC1OCC(=O)N2CC12,CC1OCC(O)N2CC12,0.5190676055688073,0.36806697,0.82809275,0.4600258,0.35946834,0.9769321,0.61746377
gdb_93418,CC1CC=CC(=O)CO1,CC1CCCC(O)CO1,-1.253146553307431,-1.2491968,-0.5781916,0.6710052,-1.3892121,-0.71426916,0.674943
gdb_93446,CC1COC(=O)NC1=O,CC1COC(O)NC1O,-0.0360248190135621,0.026712596,0.46426982,0.43755722,0.15380247,0.12636694,-0.027435526
gdb_93454,CC1OCC(=N)NC1=N,CC1OCC(N)NC1N,4.267989691457217,4.2417927,4.24296,0.0011672974,3.7061336,2.2882411,-1.4178925
gdb_93472,NC1COC(=O)NC1=O,NC1COC(O)NC1O,1.6797274257510253,1.4824393,1.8839133,0.401474,2.0158246,-0.103709474,-2.119534
gdb_93489,OC1COC(=O)NC1=O,OC1NC(O)C(O)CO1,-0.4411263294843479,-0.36595327,0.04709071,0.41304398,0.042910684,-1.8220868,-1.8649975
gdb_93532,CC1OCC(=O)OC1C,CC1OCC(O)OC1C,-1.389390208729651,-1.2871988,-1.1173112,0.16988754,-1.3196012,-0.996066,0.3235352
gdb_93542,CC1CNC(=O)NC=N1,CC1CNC(O)NCN1,4.235070691457167,3.936167,4.522295,0.586128,3.8951375,2.2375712,-1.6575663
gdb_93804,CC1COC(C)C(=O)O1,CC1COC(C)C(O)O1,-1.389343208729656,-1.2339075,-1.1281145,0.105793,-1.3010777,-0.9964951,0.3045826
gdb_93909,CC1CCC(C)N=CO1,CC1CCC(C)OCN1,1.1693330569765408,1.1297095,1.4222891,0.29257965,1.1595819,0.9463701,-0.21321177
gdb_94296,CC1CCC11CC(=N)O1,CC1CCC12CC(N)O2,0.9338631160395608,0.9819128,1.0570014,0.07508856,0.9874155,1.0642891,0.0768736
gdb_94305,OC1CCC11CC(=N)O1,NC1CC2(CCC2O)O1,0.5284016055688312,0.5302946,0.60487956,0.07458496,0.43410125,0.9825808,0.54847956
gdb_94397,CC1CCC11CNC1=O,CC1CCC12CNC2O,0.9190781160396,0.9561865,1.2820609,0.3258744,1.0839357,1.0708233,-0.013112426
gdb_94405,CC1COC11CNC1=O,CC1COC12CNC2O,0.5176906055688164,0.489649,0.801325,0.31167603,0.6649621,1.1910886,0.52612644
gdb_94419,OC1CCC11CNC1=O,OC1CCC12CNC2O,0.5133396055688308,0.50975627,0.82921046,0.3194542,0.49127874,0.8940846,0.40280584
gdb_94430,OC1COC11CNC1=O,OC1COC12CNC2O,0.1140700950980431,0.038210094,0.35141963,0.31320953,0.16194506,0.53042394,0.3684789
gdb_94955,CC1COC2C1OC2=O,CC1COC2C(O)OC12,-1.629626149666592,-1.4921587,-1.3469102,0.14524841,-1.5852242,-0.9336949,0.65152925
gdb_94971,OC1COC2C1OC2=O,OC1COC2C(O)OC12,-2.0311056601373707,-1.9215868,-1.769407,0.15217972,-1.8451539,-1.421469,0.42368495
gdb_95185,CC1OCC2CN2C1=O,CC1OCC2CN2C1O,0.5182306055688173,0.42087764,0.7911436,0.37026596,0.3502639,0.99217117,0.6419073
gdb_95327,CC1CCC2COC2=N1,CC1CCC2COC2N1,0.9302901160396004,0.9277784,1.204531,0.27675253,1.0876366,1.244318,0.15668142
gdb_95409,CC1=NCCC(O)CO1,CC1NCCC(O)CO1,0.7591335465057227,0.9277441,0.9791891,0.051445007,0.59639126,0.7586334,0.16224211
gdb_95413,CC1CCN=C(C)OC1,CC1CCNC(C)OC1,1.1629320569765582,1.2940009,1.3577178,0.06371689,1.1952714,0.9479659,-0.24730545
gdb_95474,CC1CCN=C2OCC12,CC1CCNC2OCC12,0.9331391160395696,0.9713995,1.1918318,0.22043234,1.0943426,1.2125211,0.11817849
gdb_95480,OC1CCN=C2OCC12,OC1CCNC2OCC12,0.5256446055688002,0.5754606,0.77397364,0.19851303,0.68636054,1.050414,0.36405343
gdb_95500,CC1CC(O)COC=N1,CC1CC(O)COCN1,0.7670095465057329,0.76180476,0.9764387,0.21463394,0.5305368,0.6654819,0.13494515
gdb_95504,CC1COC=NC(C)C1,CC1COCNC(C)C1,1.1706270569765709,1.131449,1.3586218,0.22717285,1.1531307,0.96620655,-0.1869241
gdb_95559,CC1CCC=CC=CC1,CC1CCCCCCC1,-0.4129865323658919,-0.15258962,0.26175135,0.41434097,-0.54284173,0.12562366,0.6684654
gdb_95560,OC1CCC=CC=CC1,OC1CCCCCCC1,-0.8183110428366263,-0.5058306,-0.11203557,0.393795,-0.9552095,-0.2393917,0.7158178
gdb_95580,CC1CCN=COC1C,CC1CCNCOC1C,1.1728070569765805,1.0996344,1.3993475,0.29971313,1.2029078,0.94990504,-0.25300276
gdb_95581,CC1CN=COCC1O,CC1CNCOCC1O,0.7712215465057284,0.7451307,0.99249476,0.24736404,0.69661057,0.6285849,-0.06802565
gdb_95582,CC1COC=NCC1C,CC1CNCOCC1C,1.176517056976536,1.1643698,1.4034445,0.2390747,1.2057917,0.9713447,-0.234447
gdb_95583,CC1COC=NCC1O,CC1COCNCC1O,0.7671545465057079,0.76040095,0.99065226,0.23025131,0.69661057,0.6285849,-0.06802565
gdb_95584,CC1OC=NCCC1O,CC1OCNCCC1O,0.7669955465057114,0.6865675,0.9837591,0.29719162,0.72611046,0.83473563,0.10862517
gdb_95587,OC1COC=NCC1O,OC1CNCOCC1O,0.3601680360349633,0.33019465,0.57956904,0.24937439,0.23362873,-0.20511267,-0.4387414
gdb_95589,CC1COC=NCC=C1,CC1C=CCNCOC1,0.893915201927939,0.96640223,1.1574728,0.19107062,0.8060088,0.6233639,-0.1826449
gdb_95592,OC1COC=NCC=C1,OC1C=CCNCOC1,0.4903646914572164,0.52241725,0.7183363,0.19591904,0.2836276,0.11111277,-0.17251483
gdb_95610,CN1CCOC(=O)C1=N,CN1CCOC(O)C1N,2.133635936221822,1.8825972,2.3454726,0.46287537,2.0220654,0.6207365,-1.4013289
gdb_95664,CC1COCC(=O)C=C1,CC1CCC(O)COC1,-1.2481885533074433,-1.255327,-0.6110094,0.64431757,-1.3798279,-0.71213454,0.6676933
gdb_95677,OC1COCC(=O)C=C1,OC1CCC(O)COC1,-1.6527120637782104,-1.6974847,-0.9895571,0.70792764,-1.9702241,-1.1527858,0.81743836
gdb_95681,CC1CCC(=O)OCO1,CC1CCC(O)OCO1,-1.3919642087296324,-1.4371431,-0.9969576,0.4401855,-1.458546,-0.9345872,0.52395886
gdb_95682,CC1CCCC(=N)OC1,CC1CCCC(N)OC1,1.1688860569765325,1.0773985,1.2698119,0.19241333,1.108887,0.7397019,-0.36918503
gdb_95691,CC1CCOC(=N)CC1,CC1CCOC(N)CC1,1.1667030569765302,1.0508711,1.2963088,0.24543762,1.108887,0.7397019,-0.36918503
gdb_95716,OC1CCCC(=N)OC1,NC1CCCC(O)CO1,0.7649885465057196,0.70381373,0.8899099,0.18609619,0.56862223,0.81252617,0.24390393
gdb_95723,OC1CCOC(=N)CC1,NC1CCC(O)CCO1,0.7620235465057021,0.6866247,0.92521495,0.23859024,0.56404334,0.81319135,0.24914801
gdb_95772,CC1=NCC(O)CCO1,CC1NCC(O)CCO1,0.757944546505712,0.91919917,0.99236506,0.07316589,0.59177035,0.7586334,0.16686302
gdb_95775,CC1CCOC(C)=NC1,CC1CCOC(C)NC1,1.1630850569765698,1.2676413,1.3656256,0.097984314,1.1952714,0.9463701,-0.24890125
gdb_96198,CC1CCCN=C(C)O1,CC1CCCNC(C)O1,1.158806056976573,1.3950751,1.4111388,0.01606369,1.2051781,1.0066626,-0.19851553
gdb_96225,CC1OCCC=CC1=O,CC1OCCCCC1O,-1.2525555533074453,-1.1983392,-0.5874689,0.6108703,-1.241042,-0.6957957,0.5452463
gdb_96235,CC1CCOC=NC1C,CC1CCOCNC1C,1.1743980569765426,1.1698248,1.4341872,0.26436234,1.2029078,0.94990504,-0.25300276
gdb_96238,CC1N=COCCC1O,CC1NCOCCC1O,0.7674375465057324,0.7610647,1.025183,0.26411825,0.7332042,0.75504094,0.021836758
gdb_96244,CC1CCCC=CC=C1,CC1CCCCCCC1,-0.4116685323658657,-0.11331731,0.26175135,0.37506866,-0.52863425,0.12562366,0.6542579
gdb_96247,OC1CCCC=CC=C1,OC1CCCCCCC1,-0.817892042836661,-0.5520609,-0.11202794,0.44003296,-0.9331367,-0.2393917,0.693745
gdb_96254,CC1CCN=COCO1,CC1CCNCOCO1,0.7694515465057066,0.674967,1.0482886,0.3733216,0.75627416,0.5269104,-0.22936374
gdb_96268,CC1CCCCC(=N)O1,CC1CCCCC(N)O1,1.1619500569765364,1.1853659,1.3131583,0.12779236,1.1056569,0.86582726,-0.2398296
gdb_96275,CC1CCCOC(=N)C1,CC1CCCOC(N)C1,1.1633810569765617,1.0370657,1.271456,0.23439026,1.108887,0.7397019,-0.36918503
gdb_96291,CC1COCOC(=O)C1,CC1COCOC(O)C1,-1.3873262087296323,-1.5377023,-1.0711801,0.46652222,-1.4587392,-1.0286396,0.4300996
gdb_96295,CC1OCCCC(=O)O1,CC1OCCCC(O)O1,-1.3876022087296749,-1.345804,-1.060766,0.285038,-1.5277854,-0.9747338,0.5530516
gdb_96305,OC1CCCOC(=N)C1,NC1CC(O)CCCO1,0.7591855465057051,0.6769659,0.89915675,0.22219086,0.56404334,0.81319135,0.24914801
gdb_96311,OC1COCOC(=O)C1,OC1COCOC(O)C1,-1.7901797192004096,-1.8985307,-1.4461153,0.45241547,-1.7715001,-1.7806824,-0.009182334
gdb_96316,CC1CCCOC(C)=N1,CC1CCCOC(C)N1,1.161155056976554,1.2332861,1.4056914,0.17240524,1.2051781,1.0095465,-0.19563162
gdb_96491,CC1COCOC=NC1,CC1CNCOCOC1,0.7734745465057244,0.6158392,1.0206473,0.4048081,0.7578893,0.5958708,-0.16201848
gdb_96492,CC1OCCCN=CO1,CC1OCCCNCO1,0.7658725465057046,0.57505625,0.9821951,0.40713882,0.8339896,0.7262313,-0.10775834
gdb_96497,OC1COCOC=NC1,OC1CNCOCOC1,0.369243036034959,0.24866694,0.64295787,0.39429092,0.23032738,-0.7400428,-0.9703702
gdb_96500,CC1CCCCOC1=N,CC1CCCCOC1N,1.1589200569765694,1.0990698,1.2987158,0.199646,1.1571594,0.9291601,-0.22799933
gdb_96505,CC1CCOCOC1=O,CC1CCOCOC1O,-1.3872812087296325,-1.4057672,-1.0341852,0.37158203,-1.2554936,-0.89476377,0.36072987
gdb_96528,NC1CCOCOC1=O,NC1CCOCOC1O,0.3352270360349507,0.060156047,0.38450068,0.32434464,0.4348356,-0.1948471,-0.6296827
gdb_96532,OC1CCCCOC1=N,NC1OCCCCC1O,0.7561455465057065,0.7159063,0.88039607,0.16448975,0.77610964,0.89120173,0.1150921
gdb_96538,OC1CCOCOC1=O,OC1CCOCOC1O,-1.787376719200438,-1.7850244,-1.455961,0.32906342,-1.7000151,-1.6684159,0.031599164
gdb_96568,CC1CCOCOC=N1,CC1CCOCOCN1,0.7713845465057148,0.6555006,1.0577719,0.40227133,0.7574757,0.524873,-0.23260266
gdb_96608,CN=C(C#N)N1CC1C,CNC(C#N)N1CC1C,3.9193406151650265,3.5824187,4.12409,0.5416715,3.0983768,2.820647,-0.27772975
gdb_96622,CN=C(N)C(=O)C1CN1,CNC(N)C(O)C1CN1,4.294889691457172,3.9995444,4.4980564,0.49851203,3.847054,2.217455,-1.6295991
gdb_96624,CN=C(C(=O)N1CC1)N,CNC(N)C(O)N1CC1,4.290496691457179,3.9595053,4.5995235,0.6400182,4.0936995,1.9248482,-2.1688514
gdb_96683,CN=C(C)OCC1CN1,CNC(C)OCC1CN1,2.913142301741175,2.8136046,2.9998648,0.18626022,1.8711044,1.3530937,-0.5180106
gdb_96688,CC(=O)C(=NC)N1CC1,CNC(C(C)O)N1CC1,2.6078144466926005,2.3847907,3.0935843,0.70879364,2.2035542,1.4758302,-0.72772396
gdb_96689,CN=C(C(=O)N)N1CC1,CNC(C(N)O)N1CC1,4.292028691457176,3.7996085,4.5845203,0.7849119,4.1082263,2.011219,-2.0970073
gdb_96693,CN=C(C=O)N1CC1C,CNC(CO)N1CC1C,2.614394446692586,2.315676,3.087313,0.77163696,2.2225008,1.5504308,-0.67207
gdb_96730,CN=C(NC=O)C1CN1,CNC(NCO)C1CN1,4.309388691457173,4.1759586,4.7499027,0.5739441,3.816709,2.0986133,-1.7180958
gdb_96732,CN=C(NC=O)N1CC1,CNC(NCO)N1CC1,4.301076691457183,4.0336742,4.8177586,0.7840843,4.14353,1.9408313,-2.2026987
gdb_96734,CN=C(OC=O)C1CN1,CNC(OCO)C1CN1,2.181783936221791,2.4081786,2.701998,0.29381943,2.080772,0.75811744,-1.3226545
gdb_96763,CN=C1C(C)N=CN1C,CNC1C(C)NCN1C,4.690905201927933,4.7422657,5.089304,0.34703827,2.8983786,1.8622035,-1.0361751
gdb_96779,CN=C1C2OC2C2CN12,CNC1C2OC2C2CN21,2.4337244198672465,2.2531989,2.6920874,0.43888855,2.045825,2.2547197,0.20889473
gdb_96781,CN=C1N2CC3C2C13O,CNC1N2CC3C2C31O,2.4714124198672494,2.2196906,2.689623,0.46993256,2.5284688,2.8918524,0.36338353
gdb_96783,CN=C1C=CC(=O)N1C,CNC1CCC(O)N1C,2.2375395916440084,1.793463,3.101618,1.3081551,1.7901281,1.5489627,-0.2411654
gdb_96785,CN=C1NC(=O)C(C)=C1,CNC1CC(C)C(O)N1,2.2263395916440345,1.9497855,3.0308325,1.081047,1.7106026,2.1647396,0.45413697
gdb_96786,CN=C1C=C(C(=O)N1)N,CNC1CC(N)C(O)N1,3.9305868364086223,3.7022765,4.4529896,0.7507131,3.2480698,2.4590316,-0.7890382
gdb_96797,CN=C1OC(=O)C2NC12,CNC1OC(O)C2NC12,1.9084119952848937,2.3001502,2.432814,0.13266373,2.1502843,1.5743945,-0.5758898
gdb_96799,CN=C1OC(=O)N2CC12,CNC1OC(O)N2CC12,1.9019309952848855,2.2156317,2.4635108,0.24787903,2.231684,-3.7113686,-5.9430523
gdb_96800,CC1=CC(=O)NC1=NC,CNC1NC(O)CC1C,2.226110591644044,1.9855368,3.056597,1.0710602,2.1858582,2.2872396,0.1013813
gdb_96801,CN=C1C(=CC(=O)N1)N,CNC1NC(O)CC1N,3.926771836408648,3.7504408,4.4821186,0.7316778,4.827587,2.6095977,-2.2179894
gdb_96805,CN=C1NC(=O)CC1C,CNC1NC(O)CC1C,2.524366446692568,2.480738,3.056597,0.57585907,2.5220547,2.2872396,-0.23481512
gdb_96806,CN=C1NC(=O)CC1O,CNC1NC(O)CC1O,2.1198149362218146,2.090357,2.643862,0.55350494,1.9676647,1.2803882,-0.6872765
gdb_96810,CN=C1OC(=O)CC1C,CNC1OC(O)CC1C,0.4089746914572174,0.6968786,0.98865336,0.29177475,0.61874026,0.824954,0.20621371
gdb_96811,CN=C1OC(=O)CC1N,CNC1OC(O)CC1N,2.126174936221787,2.161318,2.4161704,0.2548523,2.107553,1.2690067,-0.8385463
gdb_96812,CN=C1OC(=O)CC1O,CNC1OC(O)CC1O,0.0055231809864153,0.3127386,0.575144,0.2624054,0.24264607,-0.16960785,-0.41225392
gdb_96835,CN=C1NC(C)=NC1C,CNC1NC(C)NC1C,4.66861320192794,4.6721935,5.0702,0.39800644,3.029442,2.1703563,-0.8590858
gdb_96836,CN=C1CC(=O)C(C)O1,CNC1CC(=O)C(C)O1,0.4322856914571957,0.31041163,0.6630346,0.352623,0.4884841,0.46300188,-0.025482237
gdb_96837,CN=C1CC(C)C(=O)N1,CNC1CC(C)C(O)N1,2.5244894466925984,2.488211,3.0308402,0.54262924,2.4449613,2.1647396,-0.2802217
gdb_96838,CN=C1CC(C)C(=O)O1,CNC1CC(C)C(O)O1,0.4090636914571632,0.7281591,0.98273677,0.25457764,0.5818321,0.7418779,0.1600458
gdb_96839,CN=C1CC(N)C(=O)O1,CNC1CC(N)C(O)O1,2.126954936221807,2.1952422,2.4023077,0.20706558,2.2013257,1.1454179,-1.0559077
gdb_96840,CN=C1CC(O)C(=O)N1,CNC1CC(O)C(O)N1,2.122033936221783,2.1118796,2.6135962,0.5017166,2.0676734,1.1685778,-0.89909565
gdb_96841,CN=C1CC(O)C(=O)O1,CNC1CC(O)C(O)O1,0.007805180986395,0.34940165,0.56031626,0.21091461,0.29474887,-0.21189529,-0.5066441
gdb_96856,CN=C1OC(C)C11CN1,CNC1OC(C)C12CN2,2.6639533608042143,2.525347,2.8934233,0.36807632,2.4211164,2.4160244,-0.0050919056
gdb_96862,CN=C1NC(C)C2OC12,CNC1NC(C)C2OC12,2.642518360804217,2.5391676,2.8467963,0.30762863,2.6688159,2.3517995,-0.31701636
gdb_96864,CN=C1OC(C)C2CN12,CNC1OC(C)C2CN12,2.6455373608042123,2.5087302,2.9028647,0.39413452,2.6580043,1.9737022,-0.6843021
gdb_96883,CN=C1CC(O1)C1CN1,CNC1CC(C2CN2)O1,2.670505360804213,2.5195029,2.8651717,0.3456688,2.6283224,2.2609823,-0.3673401
gdb_96915,CN=C1CC2(O1)CCC2,CNC1CC2(CCC2)O1,0.9427231160395876,0.9921171,1.2408392,0.24872214,0.99832505,1.1340305,0.13570541
gdb_96947,CN=C1OC2C3CN1C23,CNC1OC2C3CN1C32,2.4369794198672707,2.2494147,2.710749,0.46133423,2.3697803,1.3195974,-1.0501829
gdb_96973,CN=C1OC2OC1C=C2,CNC1OC2C=CC1O2,0.2310797505202799,0.079530895,0.42187327,0.34234238,0.2758099,0.42091197,0.14510205
gdb_96988,CN=C1OC2CC=CC12,CNC1OC2CC=CC21,0.6295732609910374,0.5865957,0.90160197,0.31500626,0.6750546,0.6831314,0.008076787
gdb_97000,CN=C1OC2COC1C2,CNC1OC2COC1C2,0.5112116055688034,0.51784724,0.8166525,0.29880524,0.5054229,0.6515137,0.1460908
gdb_97011,CC1=NCC(=NC)N1C,CNC1CNC(C)N1C,4.673463201927973,4.778963,5.013998,0.23503494,2.8311214,1.9223754,-0.908746
gdb_97012,CN=C1CN=C(N1)C#C,C#CC1NCC(NC)N1,3.621623760116506,3.556597,4.029539,0.4729421,2.6609035,3.0077724,0.346869
gdb_97013,CN=C1CN=C(N1)C#N,CNC1CNC(C#N)N1,5.281696004881098,5.1618176,5.6671963,0.5053787,5.0272985,4.6867795,-0.34051895
gdb_97014,CN=C1CN=C(N1)C=O,CNC1CNC(CO)N1,3.963519836408637,3.8600142,4.698778,0.83876395,3.08387,2.2612472,-0.8226228
gdb_97015,CN=C1CN=C2CCN12,CNC1CNC2CCN12,4.466088260991057,4.3154926,4.909857,0.59436417,3.9240797,3.241201,-0.68287873
gdb_97021,CC1(C(=NC)NC=N1)C,CNC1NCNC1(C)C,4.676743201927934,4.507555,5.0552998,0.54774475,2.9936388,2.129998,-0.8636408
gdb_97025,CN=C1NC=NC1C#C,C#CC1NCNC1NC,3.6327217601165103,3.459162,4.0078487,0.54868674,2.6288495,2.892146,0.2632966
gdb_97027,CN=C1CN=CN1C=N,CNC1CNCN1CN,6.098542591644048,5.4796886,6.6617985,1.1821098,3.5063157,2.449913,-1.0564027
gdb_97028,CN=C1CN=CN1C=O,CNC1CNCN1CO,3.9604798364086378,3.6180632,4.813757,1.1956937,2.6184592,1.9328734,-0.68558586
gdb_97029,CN=C1NC=NC1C=O,CNC1NCNC1C=O,3.974934836408636,3.7492049,4.393221,0.644016,2.8467007,2.061585,-0.7851157
gdb_97030,CN=C1NC=CC2OC12,CNC1NCCC2OC12,2.3435655057556346,2.426493,2.8547003,0.4282074,2.0987372,2.5501199,0.45138264
gdb_97033,CN=C1CCC(=O)N1C,CNC1CCC(O)N1C,2.5350644466925587,2.648661,3.1016295,0.4529686,2.40377,1.5489627,-0.85480726
gdb_97040,CN=C1OCC(=O)C1C,CNC1OCC(=O)C1C,0.436458691457176,0.37637538,0.6774313,0.3010559,0.60994136,0.55702233,-0.05291903
gdb_97041,CN=C1OCC(=O)C1O,CNC1OCC(=O)C1O,0.0416951809864372,0.0529806,0.284136,0.2311554,0.49196723,-0.66013676,-1.152104
gdb_97105,CN=C1OCC11CN1C,CNC1OCC12CN2C,2.677803360804205,2.5646994,2.9361098,0.37141037,2.466236,1.7902963,-0.6759398
gdb_97106,CN=C1OCC11NC1C,CNC1OCC12NC2C,2.6705393608041845,2.5621817,2.9603446,0.39816284,2.4049258,2.427998,0.023072243
gdb_97134,CN=C1NCC2(C)OC12,CNC1NCC2(C)OC12,2.638227360804194,2.635298,2.8873923,0.25209427,2.7051804,2.3462393,-0.35894108
gdb_97136,CN=C1OCC2(C)CN12,CNC1OCC2(C)CN12,2.6439443608041984,2.5953581,2.9696715,0.37431335,2.606299,1.945792,-0.66050696
gdb_97143,CN=C1CCC2(O1)CC2,CNC1CCC2(CC2)O1,0.9269131160396,0.99199504,1.2848074,0.2928124,0.8972253,1.0808289,0.18360358
gdb_97144,CN=C1NC2(CC2)CO1,CNC1NC2(CC2)CO1,2.6380663608042028,2.6603415,2.9311469,0.27080536,2.422913,2.0082846,-0.4146285
gdb_97146,CN=C1OCC2C(C)N12,CNC1OCC2C(C)N12,2.6481043608042114,2.4615386,2.8961585,0.4346199,2.7107587,2.016829,-0.6939297
gdb_97155,CN=C1OCC2CC1O2,CNC1OCC2CC1O2,0.5332336055687961,0.49305934,0.8243658,0.33130646,0.7474163,1.0173889,0.26997262
gdb_97188,CN=C1COCC(=N)N1,CNC1COCC(N)N1,4.279349691457185,4.201475,4.4609814,0.25950623,3.7059875,2.534239,-1.1717484
gdb_97211,CN=C1C2(CC2)OCO1,CNC1OCOC12CC2,0.5247766055688317,0.35398692,0.8499548,0.49596786,0.3668444,0.6002686,0.23342422
gdb_97238,CN=C1C(=O)OCCN1,CNC1NCCOC1O,2.14183593622181,1.9102194,2.5927641,0.6825447,2.5417316,1.328362,-1.2133696
gdb_97254,CN=C1CCCCCO1,CNC1CCCCCO1,1.1729120569765428,1.1144736,1.5222456,0.40777206,1.1197718,0.9444007,-0.17537111
gdb_97293,CN=CN1C(C)C1C#N,CNCN1C(C)C1C#N,3.922025615165012,3.6787512,3.9415305,0.26277924,3.1071103,2.9049485,-0.20216179
gdb_97299,CN=CN1C=NCC1=N,CNCN1CNCC1N,6.0859965916440615,5.6272144,6.39184,0.76462555,3.8517587,2.5636656,-1.2880931
gdb_97305,CN=CN1CC1(C)C#N,CNCN1CC1(C)C#N,3.919730615165008,3.7297766,3.9613936,0.23161697,2.813519,2.7990346,-0.0144844055
gdb_97306,C[NH+]=CN1CC1C([O-])=O,C[NH+]CN1CC1C([O-])O,2.16789693622178,2.1146262,1.8045676,-0.3100586,1.480149,-0.5852829,-2.065432
gdb_97308,CN=CN1CC=CC1=O,CNCN1CCCC1O,2.239885591644054,2.2380545,3.051699,0.8136444,1.2845242,1.4945236,0.20999944
gdb_97312,CN=CN1CCOC1=O,CNCN1CCOC1O,2.131470936221831,2.0276473,2.601004,0.5733566,1.595969,-4.006206,-5.6021748
gdb_97334,CN=CNC(=O)C1CN1,CNCNC(O)C1CN1,4.281810691457167,4.047247,4.504656,0.4574089,3.5941424,2.1884437,-1.4056988
gdb_97336,CN=CNC(=O)N1CC1,CNCNC(O)N1CC1,4.279694691457166,3.9633734,4.625807,0.6624334,3.8396065,2.020571,-1.8190355
gdb_97338,CN=COC(=O)C1CN1,CNCOC(O)C1CN1,2.171800936221814,2.339205,2.5086768,0.16947174,1.8679384,0.70949155,-1.1584468
gdb_97340,CN=COC(=O)N1CC1,CNCOC(O)N1CC1,2.1699329362218123,2.2158377,2.6419852,0.42614746,1.5887587,-4.0578146,-5.646573
gdb_97372,CN=COC(C)C1CN1,CNCOC(C)C1CN1,2.919762301741173,2.734339,2.9580328,0.22369385,1.8593667,1.1875818,-0.6717849
gdb_97391,CN=COC12CC1OC2,CNCOC12COC1C2,0.5826816055688369,0.41070765,0.67282313,0.26211548,0.4660237,0.7592888,0.29326507
gdb_97399,CN=COC1C2COC12,CNCOC1C2COC21,0.5834856055687965,0.47380275,0.717642,0.24383926,0.41779834,0.6858531,0.26805478
gdb_97443,CN=COCC1(C)CN1,CNCOCC1(C)CN1,2.9148523017411776,2.8469718,2.9824545,0.13548279,1.8378003,0.88951504,-0.9482852
gdb_97448,CN=COCC1CN1C,CNCOCC1CN1C,2.933948301741168,2.7942908,2.9361746,0.14188385,2.5076308,1.2470477,-1.2605832
gdb_97449,CN=COCC1NC1C,CNCOCC1NC1C,2.9206203017411667,2.822882,2.9870665,0.16418457,1.8992258,1.2629263,-0.6362995
gdb_97463,CN=COCCN1CC1,CNCOCCN1CC1,2.9325213017411897,2.8422034,3.021849,0.17964554,2.4538286,1.306532,-1.1472965
gdb_97508,CCC#CC(=O)C1CN1,CCC#CC(O)C1CN1,0.1187096151650166,0.17265147,0.3128187,0.14016724,0.6658718,0.55126053,-0.11461127
gdb_97510,CCC#CC(=O)N1CC1,CCC#CC(O)N1CC1,0.114029615165009,0.17702693,0.4529745,0.27594757,-0.026999017,0.08883987,0.11583889
gdb_97512,OCC#CC(=O)C1CN1,OCC#CC(O)C1CN1,-0.2776038953057309,-0.3326853,-0.16021138,0.17247391,0.50232965,0.73386675,0.2315371
gdb_97514,C1CN1C(=O)C#CCO,OCC#CC(O)N1CC1,-0.2830048953057371,-0.3282488,-0.02002889,0.3082199,-0.09666725,-0.2815564,-0.18488914
gdb_97790,CCC#CC1CN1C=O,CCC#CC1CN1CO,0.1175336151650299,0.048944652,0.5298025,0.48085785,0.004393838,0.067563765,0.06316993
gdb_97794,OCC#CC1CN1C=O,OCC#CC1CN1CO,-0.279459895305763,-0.42414647,0.05680293,0.4809494,-0.23575184,-0.12067099,0.11508085
gdb_98026,CCC(=O)C#CC1CN1,CCC(O)C#CC1CN1,0.1221566151650108,0.10835475,0.30179423,0.19343948,0.5687415,0.32840034,-0.24034116
gdb_98029,CNC(=O)C#CC1CN1,CNC(O)C#CC1CN1,1.8171638599296216,1.6717474,1.9870169,0.31526947,1.6102339,1.5508952,-0.05933869
gdb_98032,COC(=O)C#CC1CN1,COC(O)C#CC1CN1,-0.2973068953057236,-0.3340128,-0.19971639,0.13429642,-0.31991702,-0.20476012,0.115156904
gdb_98035,OCC(=O)C#CC1CN1,OCC(O)C#CC1CN1,-0.2813448953057218,-0.23058873,-0.047960103,0.18262863,0.3496503,0.747346,0.3976957
gdb_98086,CCC(=O)C(=N)N1CC1,CCC(O)C(N)N1CC1,2.596477446692574,2.3359816,2.9072058,0.5712242,1.9385782,1.6223469,-0.31623137
gdb_98088,CCC(=O)C(=O)C1CN1,CCC(O)C(O)C1CN1,0.4654446914572077,0.3794729,0.9917471,0.61227417,0.14283459,1.0530167,0.91018206
gdb_98090,CCC(=O)C(=O)N1CC1,CCC(O)C(O)N1CC1,0.4582986914571734,0.34973353,1.0925162,0.74278265,0.33424267,0.79352635,0.45928368
gdb_98092,CNC(=N)C(=O)C1CN1,CNC(N)C(O)C1CN1,4.298699691457216,4.0098286,4.498064,0.48823547,3.8130925,2.217455,-1.5956376
gdb_98094,CNC(=O)C(=N)N1CC1,CNC(O)C(N)N1CC1,4.284726691457195,3.876139,4.5500355,0.67389655,4.1057086,1.9350747,-2.1706338
gdb_98096,CNC(=O)C(=O)C1CN1,CNC(O)C(O)C1CN1,2.153076936221794,1.9112189,2.6318228,0.72060394,2.1858706,0.9840398,-1.2018309
gdb_98098,CNC(=O)C(=O)N1CC1,CNC(O)C(O)N1CC1,2.1457389362217896,1.8746703,2.733145,0.85847473,2.299498,0.47150412,-1.827994
gdb_98099,COC(=O)C(=N)N1CC1,COC(O)C(N)N1CC1,2.1789449362217965,1.7635481,2.462683,0.6991348,2.1523101,0.49571967,-1.6565905
gdb_98101,COC(=O)C(=O)C1CN1,COC(O)C(O)C1CN1,0.0467581809864441,-0.18921453,0.540888,0.73010254,0.4214461,-0.33275914,-0.7542052
gdb_98103,COC(=O)C(=O)N1CC1,COC(O)C(O)N1CC1,0.039982180986442,-0.23478872,0.6407911,0.87557983,-0.30464295,-0.9901704,-0.68552744
gdb_98104,OCC(=O)C(=N)N1CC1,NC(C(O)CO)N1CC1,2.1935339362217974,1.9840033,2.5318358,0.5478325,1.5608,0.62491345,-0.9358865
gdb_98106,OCC(=O)C(=O)C1CN1,OCC(O)C(O)C1CN1,0.064266180986408,0.026899517,0.615843,0.5889435,-0.57825667,0.07791456,0.6561712
gdb_98108,C1CN1C(=O)C(=O)CO,OCC(O)C(O)N1CC1,0.0564641809864383,-0.0021303296,0.7166082,0.71873856,-0.2045036,-0.52724457,-0.32274097
gdb_98294,CNC(=O)C(C)C1CN1,CNC(O)C(C)C1CN1,2.882042301741194,2.6650374,3.074259,0.40922165,2.0727246,1.4214313,-0.6512933
gdb_98296,CNC(=O)C(C)N1CC1,CNC(O)C(C)N1CC1,2.8829483017411803,2.7550642,3.102957,0.34789276,2.7259126,1.4569278,-1.2689848
gdb_98298,CNC(=O)C(O)C1CN1,CNC(O)C(O)C1CN1,2.4699797912703616,2.2996237,2.6318228,0.3321991,2.2403886,0.9840398,-1.2563488
gdb_98302,COC(=O)C(C)C1CN1,COC(O)C(C)C1CN1,0.7643345465057223,0.5938589,0.99223536,0.39837646,0.62616795,0.032575637,-0.5935923
gdb_98304,COC(=O)C(C)N1CC1,COC(O)C(C)N1CC1,0.7717195465057216,0.68303126,1.0216773,0.338646,0.6651509,1.0222349,0.35708404
gdb_98305,COC(=O)C(N)C1CN1,COC(O)C(N)C1CN1,2.4778287912703263,2.0852454,2.4160178,0.3307724,1.8235055,0.8498463,-0.9736592
gdb_98308,COC(=O)C(O)C1CN1,COC(O)C(O)C1CN1,0.3546140360349454,0.23470896,0.54087275,0.3061638,0.28224802,-0.33275914,-0.61500716
gdb_98418,CNC(=O)C1(C)CN1C,CNC(O)C1(C)CN1C,2.883045301741163,2.73757,3.1163237,0.37875366,2.756207,1.273063,-1.483144
gdb_98419,CNC(=O)C1(C)NC1C,CNC(O)C1(C)NC1C,2.866272301741162,2.7424605,3.1433966,0.40093613,2.0711694,1.0540011,-1.0171683
gdb_98425,COC(=O)C1(C)CN1C,COC(O)C1(C)CN1C,0.7650925465057412,0.63543147,1.0189421,0.38351065,0.7057575,1.1025361,0.39677858
gdb_98426,COC(=O)C1(C)NC1C,COC(O)C1(C)NC1C,0.7572205465057209,0.6412489,1.045996,0.40474707,0.92725265,0.003848383,-0.9234043
gdb_98468,CCC1(CN1)C(=O)NC,CCC1(C(O)NC)CN1,2.8715373017411707,2.745516,3.155886,0.41036987,2.1990163,1.5246904,-0.67432594
gdb_98469,CCC1(CN1)C(=O)OC,CCC1(C(O)OC)CN1,0.7629585465057289,0.63875026,1.0578825,0.4191323,0.8190923,0.09881943,-0.72027284
gdb_98475,CNC(=O)C1(CO)CN1,CNC(O)C1(CO)CN1,2.4660607912703654,2.3022902,2.7115653,0.40927505,2.1344354,1.100418,-1.0340174
gdb_98480,COC(=O)C1(CO)CN1,COC(O)C1(CO)CN1,0.3553250360349693,0.19554347,0.6135809,0.4180374,0.5901315,-0.39306262,-0.9831941
gdb_98495,CNC(=O)C1(CN1)C#C,C#CC1(C(O)NC)CN1,1.8139068599296595,1.6357634,2.0661871,0.43042374,1.1790794,0.591989,-0.58709043
gdb_98496,CNC(=O)C1(CN1)C#N,CNC(O)C1(C#N)CN1,3.4683971046942474,3.2344534,3.6698172,0.43536377,3.172333,2.8759446,-0.2963884
gdb_98501,COC(=O)C1(CN1)C#C,C#CC1(C(O)OC)CN1,-0.296946895305723,-0.46221715,-0.039434254,0.4227829,-0.09280322,-0.66123176,-0.5684285
gdb_98502,COC(=O)C1(CN1)C#N,COC(O)C1(C#N)CN1,1.3573733494588964,1.13711,1.5639975,0.4268875,1.9072461,1.1623007,-0.7449454
gdb_98515,CNC(=O)C1(CN1)C=O,CNC(O)C1(C=O)CN1,2.151699936221803,1.9308455,2.3620322,0.43118668,2.3715518,0.74350953,-1.6280422
gdb_98518,COC(=O)C1(CN1)C=O,COC(O)C1(C=O)CN1,0.0467891809864227,-0.17116338,0.26065654,0.43181992,0.38230333,-0.8284953,-1.2107986
gdb_98543,CNC(=O)C12CC1CO2,CNC(O)C12CC1CO2,0.5280976055688029,0.3549406,0.7644331,0.4094925,0.5167264,0.9150469,0.3983205
gdb_98544,CNC(=O)C12CC1OC2,CNC(O)C12COC1C2,0.5343316055688092,0.37868327,0.8024275,0.4237442,0.4936852,0.85243845,0.35875326
gdb_98550,COC(=O)C12CC1CO2,COC(O)C12CC1CO2,-1.5820871496665632,-1.7456567,-1.3366334,0.40902328,-1.4624503,-1.2704917,0.19195855
gdb_98551,COC(=O)C12CC1OC2,COC(O)C12COC1C2,-1.5843671496666047,-1.7244623,-1.2958047,0.42865753,-1.4586072,-1.2986737,0.15993345
gdb_98582,CC1C(C)N1C(=O)CO,CC1C(C)N1C(O)CO,0.765698546505746,0.698168,1.113497,0.41532904,0.9254564,0.76666564,-0.15879077
gdb_98589,CCC(=O)N1C(C)C1C,CCC(O)N1C(C)C1C,1.170147056976532,1.0440848,1.4844344,0.44034958,1.0985217,0.876791,-0.22173071
gdb_98592,CNC(=O)C1C(C)N1C,CNC(O)C1C(C)N1C,2.885614301741157,2.6943915,3.0563338,0.3619423,2.7869384,1.430171,-1.3567674
gdb_98594,CNC(=O)N1C(C)C1C,CNC(O)N1C(C)C1C,2.869661301741189,2.6348517,3.1500647,0.515213,3.0379474,1.6724458,-1.3655016
gdb_98597,COC(=O)C1C(C)N1C,COC(O)C1C(C)N1C,0.768301546505711,0.6240484,0.97271174,0.34866333,0.9766752,0.99655205,0.019876838
gdb_98599,COC(=O)N1C(C)C1C,COC(O)N1C(C)C1C,0.7515035465057167,0.5193884,1.0622351,0.54284674,0.9915772,1.1004587,0.10888153
gdb_98623,CNC(=O)C1C2COC12,CNC(O)C1C2COC21,0.5369656055688097,0.37624568,0.7987806,0.42253494,0.564096,0.9977921,0.43369615
gdb_98627,COC(=O)C1C2COC12,COC(O)C1C2COC21,-1.5776651496665863,-1.6923616,-1.2844636,0.40789795,-1.4413942,-1.213785,0.22760916
gdb_98678,CC1(CN1C(=O)CO)C,CC1(C)CN1C(O)CO,0.762215546505729,0.81735057,1.1895468,0.37219626,0.846775,0.5320596,-0.3147154
gdb_98686,CCC(=O)N1CC1(C)C,CCC(O)N1CC1(C)C,1.1662450569765497,1.1628668,1.5605414,0.39767456,1.1279583,0.84665257,-0.28130573
gdb_98689,CNC(=O)C1NC1(C)C,CNC(O)C1NC1(C)C,2.873697301741174,2.7841132,3.1422637,0.35815048,2.1119952,1.0884299,-1.0235653
gdb_98691,CC1(CN1C(=O)NC)C,CNC(O)N1CC1(C)C,2.8658733017411464,2.7524588,3.2258666,0.47340775,2.8435125,1.4137579,-1.4297546
gdb_98694,COC(=O)C1NC1(C)C,COC(O)C1NC1(C)C,0.7563375465057334,0.7211935,1.0546095,0.33341604,0.9003058,0.08663143,-0.8136744
gdb_98696,CC1(CN1C(=O)OC)C,COC(O)N1CC1(C)C,0.7486035465057057,0.64116114,1.137831,0.49666983,0.76164573,1.186411,0.4247653
gdb_98703,CCC(=O)N1CC1C#C,C#CC1CN1C(O)CC,0.1197856151650285,-0.018735707,0.39629954,0.41503525,-0.16512832,0.066643424,0.23177174
gdb_98704,CCC(=O)N1CC1C#N,CCC(O)N1CC1C#N,1.775160859929656,1.6221335,2.03879,0.4166565,1.7458943,1.8646047,0.1187104
gdb_98707,CNC(=O)C1NC1C#C,C#CC1NC1C(O)NC,1.818885859929651,1.6468756,2.0370657,0.39019012,1.3843795,0.6559731,-0.7284064
gdb_98708,CNC(=O)C1NC1C#N,CNC(O)C1NC1C#N,3.473794104694264,3.2857726,3.6758444,0.39007187,3.3161178,2.8478673,-0.4682505
gdb_98711,CNC(=O)N1CC1C#C,C#CC1CN1C(O)NC,1.819671859929656,1.5635588,2.0608351,0.4972763,1.775516,0.5558835,-1.2196325
gdb_98712,CNC(=O)N1CC1C#N,CNC(O)N1CC1C#N,3.474493104694261,3.2047408,3.7033293,0.49858856,3.1610548,1.9105327,-1.2505221
gdb_98713,COC(=N)N1CC1C#C,C#CC1CN1C(N)OC,1.8488728599296564,1.5306304,1.8709471,0.34031677,1.4386483,0.037808914,-1.4008394
gdb_98714,COC(=N)N1CC1C#N,COC(N)N1CC1C#N,3.50479810469426,3.171759,3.513384,0.3416252,3.1011608,2.047661,-1.0534997
gdb_98717,COC(=O)C1NC1C#C,C#CC1NC1C(O)OC,-0.2908228953057232,-0.4240778,-0.048272908,0.3758049,-0.20406318,-0.7364002,-0.532337
gdb_98718,COC(=O)C1NC1C#N,COC(O)C1NC1C#N,1.3634693494588532,1.2149222,1.590563,0.37564087,1.6626779,1.1829563,-0.47972155
gdb_98721,COC(=O)N1CC1C#C,C#CC1CN1C(O)OC,-0.2977288953057382,-0.5574663,-0.026868641,0.5305977,-0.10328756,-0.10686788,-0.003580317
gdb_98722,COC(=O)N1CC1C#N,COC(O)N1CC1C#N,1.3581893494588826,1.0837042,1.6155875,0.53188324,1.5766115,0.23052016,-1.3460914
gdb_98723,OCC(=N)N1CC1C#C,C#CC1CN1C(N)CO,1.8552388599296703,1.6662543,1.8086035,0.14234924,0.85234565,0.47388902,-0.37845662
gdb_98724,OCC(=N)N1CC1C#N,N#CC1CN1C(N)CO,3.5121531046942778,3.3070548,3.4510596,0.14400482,2.7831767,2.1566038,-0.62657285
gdb_98731,OCC(=O)N1CC1C#C,C#CC1CN1C(O)CO,-0.2835088953057152,-0.36467534,0.025385082,0.39006042,-0.83742833,-0.6389602,0.19846815
gdb_98732,OCC(=O)N1CC1C#N,N#CC1CN1C(O)CO,1.3733383494588909,1.2761557,1.6678412,0.3916855,0.8061913,0.45570454,-0.3504868
gdb_98734,CCC(=O)C1CN1C=O,CCC(=O)C1CN1CO,0.4587586914572057,0.38047236,0.90530986,0.5248375,0.40005374,0.7272002,0.32714647
gdb_98737,CCC(=O)N1CC1C=O,CCC(O)N1CC1C=O,0.4605336914572149,0.34262294,0.8080465,0.46542358,0.41538733,0.7527037,0.3373164
gdb_98739,CNC(=O)C1CN1C=O,CNC(O)C1CN1CO,2.151834936221803,1.9467261,2.8340476,0.8873215,1.7682524,0.5248562,-1.2433962
gdb_98740,CNC(=O)C1NC1C=O,CNC(O)C1NC1C=O,2.1702939362218103,2.0430548,2.425196,0.3821411,2.2322516,0.548072,-1.6841797
gdb_98742,CNC(=O)N1CC1C=O,CNC(O)N1CC1C=O,2.1618419362217765,1.9253371,2.472479,0.547142,1.9816444,0.40597725,-1.5756671
gdb_98743,COC(=N)N1CC1C=O,COC(N)N1CC1C=O,2.193823936221804,1.8913519,2.2820303,0.3906784,1.9964365,0.17943549,-1.817001
gdb_98745,COC(=O)C1CN1C=O,COC(O)C1CN1CO,0.0358501809864151,-0.12075597,0.753977,0.874733,-0.35609624,-0.8832514,-0.52715516
gdb_98746,COC(=O)C1NC1C=O,COC(O)C1NC1C=O,0.0508091809863913,-0.027978718,0.33998698,0.3679657,0.11066581,-0.7400593,-0.8507251
gdb_98748,COC(=O)N1CC1C=O,COC(O)N1CC1C=O,0.0448011809864397,-0.19718724,0.38428706,0.5814743,-0.15007135,-1.6430507,-1.4929793
gdb_98749,OCC(=N)N1CC1C=O,NC(CO)N1CC1C=O,2.197696936221803,2.0273955,2.2203047,0.19290924,1.7614363,0.79112685,-0.9703095
gdb_98751,OCC(=O)C1CN1C=O,O=C(CO)C1CN1CO,0.0566601809863982,-0.0028207898,0.5217535,0.5245743,-0.15968832,-0.71231717,-0.5526289
gdb_98754,OCC(=O)N1CC1C=O,O=CC1CN1C(O)CO,0.0592581809864327,-0.0033434033,0.43712062,0.44046402,-0.21642084,-0.5332425,-0.3168217
gdb_98766,CNC(=O)C1OC2CC12,CNC(O)C1OC2CC21,0.5429396055687903,0.4268896,0.8106405,0.38375092,0.49810725,1.0907927,0.5926854
gdb_98774,COC(=O)C1OC2CC12,COC(O)C1OC2CC21,-1.576190149666559,-1.6397073,-1.2788599,0.36084747,-1.4618171,-1.1980759,0.26374125
gdb_98809,CNC(=O)C1OCC1=O,CNC(O)C1OCC1=O,0.0382081809864303,-0.13358861,0.24167842,0.37526703,0.13629308,-0.6524066,-0.7886996
gdb_98818,COC(=O)C1OCC1=O,COC(O)C1OCC1=O,-2.0771845742489745,-2.1888177,-1.8520868,0.33673096,-1.9636543,-2.3420599,-0.37840557
gdb_99110,CNC(=O)CC1(C)CN1,CNC(O)CC1(C)CN1,2.8771213017411696,2.583872,3.069155,0.4852829,1.8658482,0.7558269,-1.1100214
gdb_99116,COC(=O)CC1(C)CN1,COC(O)CC1(C)CN1,0.7596355465057059,0.5573713,1.0046141,0.4472428,0.6361731,-0.1936562,-0.82982934
gdb_99141,CNC(=O)CC1CN1C,CNC(O)CC1CN1C,2.890355301741181,2.4989607,3.0206168,0.52165604,2.7847085,1.4525486,-1.3321599
gdb_99142,CNC(=O)CC1NC1C,CNC(O)CC1NC1C,2.874089301741151,2.5443442,3.0761244,0.53178024,2.0482008,1.5755076,-0.4726932
gdb_99144,CNC(=O)CN1CC1C,CNC(O)CN1CC1C,2.8836983017411626,2.6338446,3.0719092,0.43806458,2.8162181,1.5943125,-1.2219056
gdb_99151,COC(=O)CC1CN1C,COC(O)CC1CN1C,0.7728345465057487,0.46516627,0.9584181,0.4932518,0.63896847,0.9797984,0.3408299
gdb_99152,COC(=O)CC1NC1C,COC(O)CC1NC1C,0.7593225465057571,0.5104658,1.013983,0.5035172,0.5385802,0.20240662,-0.33617356
gdb_99154,COC(=O)CN1CC1C,COC(O)CN1CC1C,0.7727585465057132,0.59885615,1.0137541,0.41489798,0.6452507,1.090897,0.4456463
gdb_99290,CCC(=O)NCC1CN1,CCC(O)NCC1CN1,2.879733301741169,2.6007788,2.9975455,0.39676666,2.1524394,1.7779605,-0.37447882
gdb_99293,CCC(=O)OCC1CN1,CCC(O)OCC1CN1,0.7579395465057246,0.65674037,0.9382803,0.28153992,0.616574,0.5653307,-0.051243305
gdb_99297,CNC(=O)CCN1CC1,CNC(O)CCN1CC1,2.8883853017411525,2.609423,3.1159995,0.50657654,2.5146568,1.6777194,-0.8369374
gdb_99300,CNC(=O)NCC1CN1,CNC(O)NCC1CN1,4.581539546505724,4.164629,4.62298,0.45835114,4.2425976,2.2110057,-2.031592
gdb_99303,CNC(=O)OCC1CN1,CNC(O)OCC1CN1,2.4579057912703206,2.1966116,2.5519774,0.35536575,2.4819314,0.6696956,-1.8122358
gdb_99306,COC(=O)CCC1CN1,COC(O)CCC1CN1,0.7641345465057157,0.5305349,1.0145895,0.48405463,0.5574405,0.12417795,-0.4332626
gdb_99308,COC(=O)CCN1CC1,COC(O)CCN1CC1,0.7704365465057208,0.5774023,1.0530341,0.47563177,0.56601155,0.73728514,0.17127359
gdb_99312,COC(=O)NCC1CN1,COC(O)NCC1CN1,2.462414791270362,2.0868704,2.530146,0.44327545,2.4933589,0.6900135,-1.8033453
gdb_99315,NCC(=O)OCC1CN1,NCC(O)OCC1CN1,2.4758587912703547,2.1890395,2.5014174,0.31237793,1.9708128,0.72770053,-1.2431123
gdb_99322,OCC(=O)NCC1CN1,OCC(O)NCC1CN1,2.4756447912703266,2.2637885,2.620516,0.3567276,1.9168284,0.76892734,-1.147901
gdb_99325,OCC(=O)OCC1CN1,OCC(O)OCC1CN1,0.3566410360349437,0.32242793,0.559725,0.23729706,0.3110817,-0.19570051,-0.50678223
gdb_99408,COC(=NC)N1CC1C,CNC(OC)N1CC1C,2.9141563017411727,2.5470068,3.153765,0.6067581,2.7705882,1.3169427,-1.4536455
gdb_100432,COC(C)=NCC1CN1,COC(C)NCC1CN1,2.915388301741189,2.7979987,3.0089133,0.21091461,1.8195504,1.2807206,-0.5388298
gdb_100546,CC(CO)C(=O)N1CC1,CC(CO)C(O)N1CC1,0.776990546505715,0.70652217,1.121546,0.41502386,0.7917076,0.4913878,-0.30031976
gdb_100550,CCC(C)C(=O)N1CC1,CCC(C)C(O)N1CC1,1.17893905697656,1.0686972,1.4946616,0.42596436,1.0647385,1.1064247,0.041686177
gdb_100554,CCC(O)C(=O)N1CC1,CCC(O)C(O)N1CC1,0.7709485465057355,0.69070643,1.0925124,0.40180594,0.83095753,0.79352635,-0.03743118
gdb_100556,CCN(C)C(=O)C1CN1,CCN(C)C(O)C1CN1,2.8845333017411576,2.7866843,2.990721,0.20403671,1.7946905,1.4810057,-0.31368482
gdb_100558,CCN(C)C(=O)N1CC1,CCN(C)C(O)N1CC1,2.8814133017411905,2.7497237,3.1156867,0.36596298,2.4140635,1.149386,-1.2646774
gdb_100562,COC(C)C(=O)N1CC1,COC(C)C(O)N1CC1,0.7865315465057279,0.69128245,1.1148245,0.42354208,0.6477862,0.95092946,0.30314326
gdb_100566,OCC(O)C(=O)N1CC1,OCC(O)C(O)N1CC1,0.3647090360349807,0.32705134,0.7166235,0.38957214,-0.1718602,-0.52724457,-0.35538435
gdb_101296,CC(CO)C1CN1C=O,CC(CO)C1CN1CO,0.7815385465057147,0.6773512,1.2116416,0.5342904,0.8743185,0.43876305,-0.43555543
gdb_101301,CCC(C)C1CN1C=O,CCC(C)C1CN1CO,1.188108056976546,1.0471671,1.5836394,0.5364723,1.0956255,1.0236156,-0.07200992
gdb_101306,CCC(O)C1CN1C=O,CCC(O)C1CN1CO,0.771641546505748,0.65616435,1.1862357,0.5300713,0.93600047,0.7450543,-0.19094616
gdb_101310,COC(C)C1CN1C=O,COC(C)C1CN1CO,0.7900145465057449,0.68069667,1.2126257,0.5319291,0.7490133,1.0420637,0.2930504
gdb_101314,OCC(O)C1CN1C=O,OCC(O)C1CN1CO,0.3747790360349654,0.28248042,0.8136694,0.53118896,-0.01899507,-0.40344673,-0.38445166
gdb_101917,CCC(C1CN1)C(N)=O,CCC(C(N)O)C1CN1,2.878833301741168,2.6230757,2.8447058,0.2216301,2.4422047,1.9967713,-0.44543338
gdb_101922,CCC(N1CC1)C(N)=O,CCC(C(N)O)N1CC1,2.885572301741149,2.7089102,2.8902228,0.18131256,2.6283143,1.6329788,-0.99533546
gdb_101926,C[NH2+]C(C1CN1)C([O-])=O,C[NH2+]C(C([O-])O)C1CN1,2.4773617912703685,2.4069655,1.717684,-0.68928146,2.2924201,1.2993965,-0.99302363
gdb_101931,COC(C1CN1)C(N)=O,COC(C(N)O)C1CN1,2.482414791270344,2.2863524,2.4768584,0.19050598,1.7616515,0.69350225,-1.0681493
gdb_101935,NC(=O)C(CO)C1CN1,NC(O)C(CO)C1CN1,2.474346791270364,2.270819,2.4814742,0.21065521,2.4773765,1.1545353,-1.3228412
gdb_101937,NC(=O)C(CO)N1CC1,NC(O)C(CO)N1CC1,2.474887791270362,2.3567755,2.5296957,0.17292023,1.6561671,0.49806717,-1.1581
gdb_101939,[NH3+]CC(C1CN1)C([O-])=O,[NH3+]CC(C([O-])O)C1CN1,2.469766791270331,1.9932425,1.3541739,-0.6390686,2.8166347,1.725207,-1.0914277
gdb_101941,[NH3+]CC(N1CC1)C([O-])=O,[NH3+]CC(C([O-])O)N1CC1,2.4629797912703566,2.0870078,1.4016745,-0.68533325,1.8746526,1.0689584,-0.8056942
gdb_102712,COC(CC1CN1)=NC,CNC(CC1CN1)OC,2.929194301741177,2.5696433,3.1017172,0.532074,1.7654636,0.97202104,-0.79344255
gdb_102714,CN=C(CN1CC1)OC,CNC(CN1CC1)OC,2.930911301741162,2.7132666,3.1716444,0.45837784,2.4804637,1.0418549,-1.4386089
gdb_102753,CCN(CC1CN1)C=O,CCN(CO)CC1CN1,2.893541301741152,2.698931,3.0825942,0.38366318,1.718352,1.5357913,-0.18256068
gdb_102817,CCC(NC=O)C1CN1,CCC(NCO)C1CN1,2.8853363017411766,2.4916213,3.0895789,0.5979576,2.0142744,1.7297329,-0.2845415
gdb_102821,CCC(OC=O)C1CN1,CCC(OCO)C1CN1,0.7729955465057401,0.6563093,1.0397513,0.38344198,0.7010004,0.56481946,-0.13618094
gdb_102831,OCC(NC=O)C1CN1,OCNC(CO)C1CN1,2.482252791270355,2.131323,2.719309,0.587986,1.7630024,0.7170062,-1.0459962
gdb_102834,OCC(OC=N)C1CN1,NCOC(CO)C1CN1,2.515980791270352,2.262953,2.66527,0.40231705,1.6582252,0.76897526,-0.8892499
gdb_102837,OCC(OC=O)C1CN1,OCOC(CO)C1CN1,0.3731450360349413,0.29661006,0.6693327,0.37272263,0.45321524,-0.19693004,-0.6501453
gdb_103123,CC1N(C=O)C1(C)CO,CC1N(CO)C1(C)CO,0.7725825465057028,0.7582571,1.2458899,0.4876328,0.9019801,0.7499558,-0.15202433
gdb_103125,CCC1(C)C(C)N1C=O,CCC1(C)C(C)N1CO,1.176925056976586,1.1970541,1.6886008,0.49154663,1.1090536,0.88159496,-0.22745866
gdb_103254,CC1(CO)C2OC(=O)C12,CC1(CO)C2OC(O)C21,-1.5879561496665815,-1.4276559,-1.2669961,0.16065979,-1.2435187,-1.1965579,0.04696083
gdb_103260,CCC1(C)C2OC(=O)C12,CCC1(C)C2OC(O)C21,-1.187322639195827,-0.99185735,-0.83080083,0.16105652,-0.9525097,-0.6550354,0.29747432
gdb_103264,CCC1(O)C2OC(=O)C12,CCC1(O)C2OC(O)C21,-1.591406149666568,-1.4684732,-1.2954233,0.17304993,-1.2312553,-1.0863823,0.14487302
gdb_103268,COC1(C)C2OC(=O)C12,COC1(C)C2OC(O)C21,-1.582012149666582,-1.4840715,-1.3095987,0.17447281,-1.3519281,-1.0042843,0.34764385
gdb_103272,OCC1(O)C2OC(=O)C12,OCC1(O)C2OC(O)C21,-1.9959726601373404,-1.9208848,-2.0318773,-0.11099243,-1.4916764,-1.5333923,-0.04171586
gdb_103523,CC1(CO)N=CNC1=N,CC1(CO)NCNC1N,4.2675686914572,4.0368824,4.447504,0.41062164,3.7277732,2.167715,-1.5600581
gdb_103525,CC1(CO)N=COC1=O,CC1(CO)NCOC1O,0.0086141809863988,0.27369136,0.5201284,0.24643707,0.41885224,-0.31592056,-0.7347728
gdb_103528,CCC1(C)N=CNC1=N,CCC1(C)NCNC1N,4.67352120192794,4.476034,4.8903866,0.41435242,3.1979573,2.658258,-0.5396993
gdb_103530,CCC1(C)N=COC1=O,CCC1(C)NCOC1O,0.4122966914571861,0.7111456,0.9642355,0.2530899,0.64009863,0.9529668,0.31286818
gdb_103578,CC1(CO)CC(=O)C=C1,CC1(CO)CCC(O)C1,-1.2625845533074198,-1.1171548,-0.52647954,0.5906753,-1.1606301,-0.6654283,0.49520183
gdb_103579,CC1(CO)NC(=O)C=C1,CC1(CO)CCC(O)N1,0.4272176914572014,0.49073237,1.1139929,0.62326056,0.42269042,0.29591423,-0.12677619
gdb_103582,CCC1(C)CC(=O)C=C1,CCC1(C)CCC(O)C1,-0.8581010428366653,-0.66776067,-0.08206731,0.58569336,-0.8955274,-0.20849591,0.6870315
gdb_103583,CCC1(C)NC(=O)C=C1,CCC1(C)CCC(O)N1,0.8310022019279586,0.9471113,1.5626776,0.6155663,0.94443667,0.8613474,-0.08308929
gdb_103585,CCC1(O)CC(=O)C=C1,CCC1(O)CCC(O)C1,-1.2664875533073996,-1.2442873,-0.5658701,0.67841715,-1.1468459,-0.5708888,0.5759571
gdb_103586,COC1(C)CC(=O)C=C1,COC1(C)CCC(O)C1,-1.2535455533074469,-1.2246721,-0.5472849,0.6773872,-1.3766483,-0.6183641,0.7582842
gdb_103589,OCC1(O)CC(=O)C=C1,OCC1(O)CCC(O)C1,-1.6713140637781976,-1.711477,-1.0223978,0.6890793,-1.4085559,-1.1546968,0.25385904
gdb_103797,CC(=O)N1CC1(C)CO,CC(O)N1CC1(C)CO,0.7639115465057102,0.8840658,1.088877,0.20481116,0.85708886,0.57884705,-0.2782418
gdb_103799,CC1(C[NH3+])NC1C([O-])=O,CC1(C[NH3+])NC1C([O-])O,2.562264791270365,2.3122694,1.6219428,-0.6903267,2.8317244,1.1891773,-1.6425471
gdb_103802,CC1(CO)CN1C(N)=O,CC1(CO)CN1C(N)O,2.457872791270347,2.3645728,2.5779974,0.21342468,2.5214987,0.5347565,-1.9867423
gdb_103803,CC1(CO)NC1C(N)=O,CC1(CO)NC1C(N)O,2.466128791270364,2.39411,2.54447,0.1503601,2.0909252,0.87563527,-1.21529
gdb_103807,CCC1(C)CN1C(C)=O,CCC1(C)CN1C(C)O,1.1675000569765643,1.3273032,1.5348952,0.20759201,1.0947661,0.8645662,-0.23019993
gdb_103808,CCC1(C)CN1C(N)=O,CCC1(C)CN1C(N)O,2.8621703017411733,2.8076956,3.022364,0.21466827,3.381886,1.2652161,-2.11667
gdb_103810,CCC1(C)NC1C(N)=O,CCC1(C)NC1C(N)O,2.870788301741186,2.839617,2.988848,0.14923096,2.2702277,1.6853515,-0.5848762
gdb_104077,CC1(CO)CC=CC1=O,CC1(CO)CCCC1O,-1.268030553307426,-1.1324823,-0.5960291,0.5364532,-1.0542188,-0.6795544,0.37466437
gdb_104079,CCC1(C)CC=CC1=O,CCC1(C)CCCC1O,-0.8592760428366546,-0.693445,-0.15813619,0.53530884,-0.8599323,-0.22462009,0.6353122
gdb_104081,CCC1(O)CC=CC1=O,CCC1(O)CCCC1O,-1.2682795533074227,-1.1454294,-0.6137598,0.53166956,-1.0725853,-0.5796556,0.49292976
gdb_104082,COC1(C)CC=CC1=O,COC1(C)CCCC1O,-1.2538215533074322,-1.1742609,-0.62020665,0.5540542,-1.3092711,-0.61895525,0.69031584
gdb_104083,OCC1(O)CC=CC1=O,OCC1(O)CCCC1O,-1.6755620637782158,-1.5960786,-1.0680101,0.52806854,-1.317518,-1.0054699,0.31204808
gdb_104104,CC1(CO)CNC(=O)O1,CC1(CO)CNC(O)O1,0.2963320360349826,0.4005491,0.56376094,0.16321182,0.75809836,-0.44566125,-1.2037597
gdb_104108,CC1(CO)COC(=O)N1,CC1(CO)COC(O)N1,0.3015330360349821,0.3790838,0.580126,0.20104218,0.6952399,-0.475719,-1.1709589
gdb_104119,CCC1(C)CNC(=O)O1,CCC1(C)CNC(O)O1,0.7011225465057578,0.8520796,1.0146658,0.16258627,1.3706542,0.8830435,-0.4876107
gdb_104123,CCC1(C)COC(=O)N1,CCC1(C)COC(O)N1,0.7057585465057059,0.82323664,1.0325263,0.20928961,1.3389876,0.84024155,-0.49874604
gdb_104136,COC1(C)CNC(=O)O1,COC1(C)CNC(O)O1,0.2976220360349657,0.30935878,0.49900645,0.18964767,0.9772449,-0.70402575,-1.6812706
gdb_104584,CCC1(CC(N)=O)CN1,CCC1(CC(N)O)CN1,2.869430301741147,2.6326697,2.9157774,0.28310776,2.1122694,1.9784323,-0.1338371
gdb_104596,NC(=O)CC1(CO)CN1,NC(O)CC1(CO)CN1,2.4659367912703374,2.183573,2.4675658,0.28399277,2.0284982,1.3597531,-0.66874504
gdb_104601,[NH3+]CC1(CC([O-])=O)CN1,[NH3+]CC1(CC([O-])O)CN1,2.560070791270334,2.077555,1.5491507,-0.52840424,2.8218882,1.4543731,-1.3675151
gdb_104764,CCC1(CN1C=O)CC,CCC1(CC)CN1CO,1.1821520569765769,1.2997649,1.7174246,0.41765976,1.0974126,1.0400887,-0.057323933
gdb_104769,CCC1(CO)CN1C=O,CCC1(CO)CN1CO,0.7779575465057178,0.8584158,1.2780821,0.41966635,0.8233418,0.46437863,-0.35896316
gdb_104774,C1C(N1C=O)(CO)CO,OCN1CC1(CO)CO,0.3715480360349374,0.41706675,0.838854,0.42178726,-0.35330564,-0.7316206,-0.37831497
gdb_104949,CCC1(CN1)C#CC=O,CCC1(C#CCO)CN1,0.1335136151650431,0.11705989,0.39605922,0.27899933,0.760945,0.5663759,-0.19456911
gdb_104953,OCC1(CN1)C#CC=O,OCC#CC1(CO)CN1,-0.2678938953057468,-0.32325536,-0.043943226,0.27931213,0.42165974,0.7388711,0.31721136
gdb_104957,CCC1(CN1)C(=O)C#C,C#CC(O)C1(CC)CN1,0.1322026151650561,0.04853648,0.4471609,0.39862442,0.6326216,0.3407175,-0.2919041
gdb_104958,CCC1(CN1)C(=O)C#N,CCC1(C(O)C#N)CN1,1.7908298599296586,1.6376822,2.0673583,0.42967606,1.5334184,2.502605,0.96918654
gdb_104966,OCC1(CN1)C(=O)C#C,C#CC(O)C1(CO)CN1,-0.2720408953057358,-0.39375097,0.0028478503,0.39659882,-0.05455627,-0.20469974,-0.15014347
gdb_104967,OCC1(CN1)C(=O)C#N,N#CC(O)C1(CO)CN1,1.3882053494588718,1.1953413,1.6230032,0.4276619,0.78058857,1.6752955,0.8947069
gdb_104971,CCC1(CN1)C(=O)C=O,CCC1(C(O)CO)CN1,0.4868896914571792,0.4898817,1.1026404,0.6127587,0.19003771,0.7353693,0.5453316
gdb_104975,OCC1(CN1)C(=O)C=O,OCC(O)C1(CO)CN1,0.0793411809864323,0.046625316,0.65837306,0.61174774,-0.59953153,0.31790817,0.9174397
gdb_105186,CC1NC1(C[NH3+])C([O-])=O,CC1NC1(C[NH3+])C([O-])O,2.455294791270319,2.363745,1.6361105,-0.72763443,2.8737545,1.3307939,-1.5429606
gdb_105188,CC1NC1(CO)C(N)=O,CC1NC1(CO)C(N)O,2.457797791270366,2.4335234,2.55604,0.12251663,2.1396463,1.182644,-0.9570023
gdb_105198,CCC1(CN1C)C(N)=O,CCC1(C(N)O)CN1C,2.8751013017411537,2.8720229,2.978449,0.10642624,2.6574788,1.2927834,-1.3646954
gdb_105200,CCC1(NC1C)C(N)=O,CCC1(C(N)O)NC1C,2.871578301741181,2.8738654,2.9994566,0.12559128,2.3354595,1.8954751,-0.43998432
gdb_105203,CN1CC1(C[NH3+])C([O-])=O,CN1CC1(C[NH3+])C([O-])O,2.474575791270354,2.361151,1.6109641,-0.7501869,2.0946147,0.8622284,-1.2323864
gdb_105205,CN1CC1(CO)C(N)=O,CN1CC1(CO)C(N)O,2.4692617912703554,2.434809,2.5386984,0.103889465,1.8540543,0.49083406,-1.3632202
gdb_105278,CCC1(CN1C=O)C#C,C#CC1(CC)CN1CO,0.1224096151650542,0.19968623,0.624098,0.42441177,-0.017015245,0.004941225,0.02195647
gdb_105279,CCC1(CN1C=O)C#N,CCC1(C#N)CN1CO,1.7802718599296554,1.790209,2.2223647,0.4321556,1.3964735,1.7074181,0.31094456
gdb_105287,NCC1(CN1C=O)C#N,N#CC1(CN)CN1CO,3.4976681046942417,3.2557738,3.6830695,0.42729568,2.5000758,2.3360212,-0.16405463
gdb_105290,OCC1(CN1C=N)C#N,N#CC1(CO)CN1CN,3.515084104694268,3.2212698,3.6325972,0.41132736,2.5178237,2.3360212,-0.18180251
gdb_105291,OCC1(CN1C=O)C#C,C#CC1(CO)CN1CO,-0.2775008953057636,-0.23193914,0.18698329,0.41892242,-0.8581997,-0.7390953,0.119104445
gdb_105292,OCC1(CN1C=O)C#N,N#CC1(CO)CN1CO,1.3792383494588876,1.3619711,1.7863333,0.42436218,0.76655567,0.5481323,-0.21842337
gdb_105298,CCC1(CN1C=O)C=O,CCC1(C=O)CN1CO,0.4668026914571896,0.50373286,0.94845027,0.4447174,0.33351287,0.68420964,0.35069677
gdb_105303,OCC1(CN1C=O)C=O,O=CC1(CO)CN1CO,0.062799180986417,0.06952876,0.5087263,0.43919754,-0.35375145,-1.1605196,-0.8067682
gdb_105687,CCC1(CNC=O)CN1,CCC1(CNCO)CN1,2.8827113017411534,2.7015402,3.1970923,0.49555206,1.7965455,1.4462773,-0.35026824
gdb_105691,CCC1(COC=O)CN1,CCC1(COCO)CN1,0.772839546505736,0.8942663,1.1108,0.21653372,0.59355503,-0.091454774,-0.68500984
gdb_105702,OCC1(CNC=O)CN1,OCNCC1(CO)CN1,2.481241791270349,2.2531073,2.7486289,0.49552155,1.5218363,0.7969996,-0.7248367
gdb_105705,OCC1(COC=N)CN1,NCOCC1(CO)CN1,2.5109797912703584,2.3824904,2.678305,0.2958145,1.4139436,0.7403563,-0.6735873
gdb_105708,OCC1(COC=O)CN1,OCOCC1(CO)CN1,0.3682850360349334,0.4459173,0.66236323,0.21644592,0.22107217,-0.3359564,-0.55702853
gdb_105831,CC1C2OC(=O)C12CO,CC1C2OC(O)C12CO,-1.5922251496666036,-1.4369562,-1.1882837,0.24867249,-1.2376267,-1.1647807,0.072845936
gdb_105836,CCC12C(C)C1OC2=O,CCC12C(O)OC1C2C,-1.1911226391957823,-1.0081499,-0.75213414,0.25601572,-0.9277002,-0.6287907,0.29890954
gdb_105842,CCC12C(O)C1OC2=O,CCC12C(O)OC1C2O,-1.5936611496665591,-1.4304941,-1.177244,0.25325012,-1.2219849,-1.0950949,0.12688994
gdb_105845,CNC12C(C)C1OC2=O,CNC12C(O)OC1C2C,0.5322856055688021,0.6793768,0.90424556,0.22486877,0.8630769,0.83610445,-0.026972473
gdb_105847,CNC12C(N)C1OC2=O,CNC12C(O)OC1C2N,2.249956850333433,2.1250708,2.3541129,0.22904205,2.4568863,1.2756608,-1.1812255
gdb_105851,CNC12C(O)C1OC2=O,CNC12C(O)OC1C2O,0.1295140950980453,0.25432795,0.47773188,0.22340393,0.3880931,-0.09777643,-0.48586953
gdb_105856,COC12C(C)C1OC2=O,COC12C(O)OC1C2C,-1.5793821496665714,-1.4858224,-1.2613924,0.22443008,-1.3039632,-0.95488966,0.34907353
gdb_105858,COC12C(N)C1OC2=O,COC12C(O)OC1C2N,0.1384570950980332,-0.04177648,0.18638057,0.22815704,0.41698617,-0.24066862,-0.65765476
gdb_105863,COC12C(O)C1OC2=O,COC12C(O)OC1C2O,-1.981591660137326,-1.9135797,-1.688997,0.22458267,-1.3072536,-1.708353,-0.40109944
gdb_105867,OCC12C(O)C1OC2=O,OCC12C(O)OC1C2O,-1.9928786601373645,-1.8582475,-1.6865366,0.17171097,-1.5950882,-1.5467589,0.048329353
gdb_106026,COC12C3CN(C13)C2=N,COC12C3CN(C1N)C32,2.478000419867272,2.2287886,2.5215018,0.29271317,2.4418402,1.639606,-0.8022342
gdb_106242,CC1C2C(=O)OC12CO,CC1C2C(O)OC12CO,-1.5935361496665903,-1.3957803,-1.2787378,0.11704254,-1.2341907,-1.0904319,0.14375877
gdb_106252,CCC12OC(=O)C1C2C,CCC12OC(O)C1C2C,-1.1955926391958087,-0.9519022,-0.8332308,0.11867142,-0.9457053,-0.6409562,0.30474907
gdb_106253,CCC12OC(=O)C1C2O,CCC12OC(O)C1C2O,-1.5985081496665998,-1.3688867,-1.2550104,0.11387634,-1.2200845,-1.0739036,0.14618099
gdb_106260,OCC12OC(=O)C1C2O,OCC12OC(O)C1C2O,-1.9938776601373436,-1.8131998,-1.9166543,-0.10345459,-1.442118,-1.5193776,-0.07725954
gdb_106638,CC12CC1(CO)OC2=O,CC12CC1(CO)OC2O,-1.5979051496665877,-1.5004404,-1.3166254,0.183815,-1.0721138,-1.1530882,-0.08097446
gdb_106646,CCC12CC1(C)C(=O)O2,CCC12CC1(C)C(O)O2,-1.198356639195822,-1.050863,-0.8705271,0.18033594,-0.92135954,-0.6919983,0.22936124
gdb_106648,CCC12CC1(N)C(=O)O2,CCC12CC1(N)C(O)O2,0.5166586055688072,0.5075781,0.6381056,0.1305275,0.8997726,0.88606936,-0.013703227
gdb_106653,CCC12CC1(O)C(=O)O2,CCC12CC1(O)C(O)O2,-1.5969631496665784,-1.4707162,-1.336004,0.13471222,-1.0932199,-1.0027857,0.09043419
gdb_106658,NC12CC1(CO)OC2=O,NC12CC1(CO)OC2O,0.1170890950980378,0.058016002,0.1918928,0.1338768,0.38221273,0.06778945,-0.31442326
gdb_106663,OCC12CC1(O)C(=O)O2,OCC12CC1(O)C(O)O2,-1.9962926601373283,-1.9198892,-2.2018716,-0.28198242,-1.3249817,-1.3005157,0.024466038
gdb_106742,CC12CC1(CO)C(=O)O2,CC12CC1(CO)C(O)O2,-1.5985261496665544,-1.4781969,-1.2838457,0.1943512,-1.0772074,-1.1249483,-0.047740817
gdb_106746,CCC12CC1(C)OC2=O,CCC12CC1(C)OC2O,-1.1983536391958296,-1.0470827,-0.8461054,0.20097727,-0.92135954,-0.6919983,0.22936124
gdb_106751,CNC12CC1(C)OC2=O,CNC12CC1(C)OC2O,0.5297436055687967,0.64422053,0.812895,0.16867447,0.82514304,0.97208446,0.14694142
gdb_106757,COC12CC1(C)OC2=O,COC12CC1(C)OC2O,-1.5871611496665992,-1.516546,-1.3416307,0.17491531,-1.4552219,-0.8709095,0.5843124
gdb_106921,CCC12CC1C(=O)OC2,CCC12COC(O)C1C2,-1.2238896391958178,-1.0744302,-0.85784703,0.21658319,-1.0358245,-0.8598582,0.17596632
gdb_106924,CCC12CN1C(=N)OC2,CCC12COC(N)N1C2,2.6386293608042024,2.6960318,2.8232214,0.12718964,2.8775032,1.8165321,-1.060971
gdb_106937,COC12CC1C(=O)OC2,COC12COC(O)C1C2,-1.614678149666588,-1.5544412,-1.3150156,0.23942566,-1.6507457,-1.4392203,0.21152544
gdb_106943,OCC12CC1C(=O)OC2,OCC12COC(O)C1C2,-1.6243351496665923,-1.5126092,-1.2956674,0.21694183,-1.4448831,-1.3057544,0.13912868
gdb_106946,OCC12CN1C(=N)OC2,NC1OCC2(CO)CN12,2.238399850333451,2.2557738,2.3798125,0.1240387,1.9721823,0.8507274,-1.121455
gdb_107353,CCC12CC1CC(=O)N2,CCC12CC1CC(O)N2,0.8924931160395886,0.8870489,1.2857115,0.39866263,1.0555793,1.2633417,0.20776236
gdb_107355,CCC12CC1NC(=O)C2,CCC12CC(O)NC1C2,0.8943971160395563,0.84140223,1.2582572,0.41685492,1.057356,1.2356519,0.17829585
gdb_107365,COC12CC1NC(=O)C2,COC12CC(O)NC1C2,0.5015896055688245,0.3775198,0.81615657,0.43863678,0.34476438,0.7128176,0.36805323
gdb_107372,OCC12CC1CC(=O)N2,OCC12CC1CC(O)N2,0.4910996055688201,0.44584483,0.8424627,0.3966179,0.49944317,0.8541903,0.35474712
gdb_107374,OCC12CC1NC(=O)C2,OCC12CC(O)NC1C2,0.4939936055687894,0.40196437,0.8206083,0.41864395,0.4615821,0.7705805,0.30899838
gdb_107578,CCC12CC1COC2=O,CCC12CC1COC2O,-1.2250396391958134,-1.1566942,-0.85743505,0.29925913,-1.0084631,-0.8314967,0.17696643
gdb_107590,CNC12CC1COC2=O,CNC12CC1COC2O,0.4989206055687987,0.5394003,0.8162481,0.27684784,0.5525073,0.93803316,0.38552588
gdb_107596,COC12CC1COC2=O,COC12CC1COC2O,-1.6147731496665756,-1.603975,-1.314657,0.28931808,-1.4429282,-1.3061445,0.13678372
gdb_107602,OCC12CC1COC2=O,OCC12CC1COC2O,-1.6292921496665826,-1.5930307,-1.2929323,0.30009842,-1.4136065,-1.2137947,0.19981182
gdb_107741,OCC12CC3=NCC1N23,OCC12CC3NCC1N32,2.4935574198672725,2.4659445,2.699774,0.2338295,2.6995237,2.8551817,0.155658
gdb_108162,OCC12CN=C3CC1N23,OCC12CNC3CC1N32,2.496050419867288,2.42219,2.7547781,0.3325882,2.7140384,2.841089,0.12705064
gdb_108600,CC1=C(CCC1=O)CO,CC1C(O)CCC1CO,-1.2720605533074263,-0.89761907,-0.53481084,0.36280823,-0.98938626,-0.6392162,0.35017008
gdb_108601,CC1=C(CNC1=O)CO,CC1C(CO)CNC1O,0.4228396914571704,0.77545375,1.0175269,0.24207312,0.92652506,0.61946607,-0.307059
gdb_108605,CCC1=C(C(=O)CC1)C,CCC1CCC(O)C1C,-0.8739250428366745,-0.5134905,-0.16519338,0.34829712,-0.81823313,-0.2713292,0.54690397
gdb_108606,CCC1=C(C(=O)NC1)C,CCC1CNC(O)C1C,0.8202242019279424,1.1618445,1.3864996,0.22465515,1.1426938,0.92845106,-0.2142427
gdb_108609,CC1=C(CCC1=O)NC,CNC1CCC(O)C1C,0.8330652019279796,1.2686675,1.5063498,0.23768234,0.7212102,-0.49736527,-1.2185755
gdb_108610,CC1=C(CNC1=O)NC,CNC1CNC(O)C1C,2.533878446692597,2.9765418,3.0612967,0.084754944,2.7251022,2.2944174,-0.4306848
gdb_108647,CC1=C(C(=O)CC1)CO,CC1CCC(O)C1CO,-1.2748985533074233,-0.91048986,-0.5428446,0.36764526,-1.0038546,-0.6392162,0.36463845
gdb_108648,CC1=C(C(=O)NC1)CO,CC1CNC(O)C1CO,0.4203836914571752,0.7414152,1.0085166,0.26710135,0.91942316,0.57553893,-0.34388423
gdb_108650,CCC1=C(CCC1=O)C,CCC1C(C)CCC1O,-0.874955042836632,-0.5228403,-0.17796117,0.34487915,-0.81823313,-0.2653191,0.552914
gdb_108651,CCC1=C(CNC1=O)C,CCC1C(C)CNC1O,0.8193072019279839,1.1309454,1.3727171,0.2417717,1.1523234,0.91348654,-0.23883682
gdb_108654,CCC1=C(CCC1=O)N,CCC1C(N)CCC1O,0.8267172019279769,1.1705382,1.2429755,0.07243729,1.0869834,0.68446827,-0.40251517
gdb_108655,CCC1=C(CNC1=O)N,CCC1C(N)CNC1O,2.527076446692547,2.895117,2.7949736,-0.10014343,3.2015157,2.0409071,-1.1606085
gdb_108659,C1CC(=O)C(=C1N)CO,NC1CCC(O)C1CO,0.4208746914571861,0.78321284,0.878153,0.094940186,0.7044652,-0.044432703,-0.7488979
gdb_108660,C1C(=C(C(=O)N1)CO)N,NC1CNC(O)C1CO,2.122271936221807,2.503729,2.4321997,-0.07152939,2.6586554,1.2221589,-1.4364965
gdb_108714,CC1CC(CO)=CC1=O,CC1CC(CO)CC1O,-1.267974553307397,-1.345762,-0.60450536,0.74125665,-1.0819114,-0.6607867,0.42112476
gdb_108715,CCC1=CC(=O)C(C)C1,CCC1CC(C)C(O)C1,-0.8681000428366588,-0.9626978,-0.24816686,0.71453094,-0.8239333,-0.2468166,0.5771167
gdb_108716,CCC1=CC(=O)C(O)C1,CCC1CC(O)C(O)C1,-1.2718755533074386,-1.3475893,-0.6656893,0.68189996,-1.0294688,-0.64127433,0.38819444
gdb_108717,CCC1=CC(=O)N(C1)C,CCC1CC(O)N(C)C1,0.8295272019279878,0.76058024,1.3749945,0.6144143,0.9086914,1.0475539,0.13886249
gdb_108718,CN1CC(=CC1=O)CO,CN1CC(CO)CC1O,0.4306286914571728,0.37968653,1.0182288,0.63854223,0.27323407,0.57749814,0.30426407
gdb_108719,CNC1=CC(=O)C(C)C1,CNC1CC(C)C(O)C1,0.8353702019279581,0.87798136,1.4085791,0.53059775,0.67211145,-0.47348058,-1.145592
gdb_108720,CNC1=CC(=O)C(O)C1,CNC1CC(O)C(O)C1,0.4299036914571843,0.49432582,0.9917013,0.4973755,0.07535524,-0.15373386,-0.22908911
gdb_108721,CNC1=CC(=O)N(C1)C,CNC1CC(O)N(C)C1,2.5396494466925787,2.6505835,3.037058,0.3864746,2.6120467,1.3240207,-1.288026
gdb_108722,OCC1=CC(=O)C(O)C1,OCC1CC(O)C(O)C1,-1.6719140637782175,-1.7305963,-1.0223787,0.7082176,-1.3168061,-1.0236254,0.2931807
gdb_108735,CCC1=CC(=N)NC1=O,CCC1CC(N)NC1O,2.222862591644059,2.1880286,2.8019736,0.613945,1.6343848,2.1792562,0.54487145
gdb_108738,CCC1=CC(=O)NC1=N,CCC1CC(O)NC1N,2.223202591644053,2.2001364,2.8226073,0.62247086,1.6343848,2.1792562,0.54487145
gdb_108741,CNC1=CC(=N)NC1=O,CNC1CC(N)NC1O,3.936060836408672,3.920069,4.4738636,0.5537946,3.3271482,2.581972,-0.7451763
gdb_108744,CNC1=CC(=O)NC1=N,CNC1CC(O)NC1N,3.926383836408661,3.9535773,4.4976826,0.5441053,3.3271482,2.581972,-0.7451763
gdb_108747,OCC1=CC(=N)NC1=O,NC1CC(CO)C(O)N1,1.823876081173239,1.8001196,2.4337409,0.6336212,1.1342254,1.2989188,0.16469347
gdb_108750,OCC1=CC(=O)NC1=N,NC1NC(O)CC1CO,1.8236670811732552,1.8114607,2.4544432,0.6429825,1.1342254,1.3095399,0.17531455
gdb_108753,CC1CC(=O)C=C1CO,CC1CC(O)CC1CO,-1.2662295533074257,-1.4357584,-0.59502965,0.8407287,-1.0723084,-0.65354097,0.41876745
gdb_108754,CC1NC(=O)C=C1CO,CC1NC(O)CC1CO,0.4263766914571647,0.23606318,1.008982,0.77291876,0.57962525,0.6358784,0.056253135
gdb_108757,CCC1=CC(=O)CC1C,CCC1CC(O)CC1C,-0.86640304283668,-1.045923,-0.2273081,0.8186149,-0.8239333,-0.24388672,0.5800466
gdb_108758,CCC1=CC(=O)CC1O,CCC1CC(O)CC1O,-1.2702585533074284,-1.469053,-0.63772374,0.8313293,-1.0193462,-0.6323343,0.38701195
gdb_108759,CCC1=CC(=O)NC1C,CCC1CC(O)NC1C,0.8253642019279823,0.617552,1.3772871,0.75973517,1.071283,0.92989326,-0.14138973
gdb_108762,CNC1=CC(=O)CC1C,CNC1CC(O)CC1C,0.8368932019279782,0.7727453,1.4512885,0.67854315,0.6939282,-0.4619857,-1.1559138
gdb_108763,CNC1=CC(=O)CC1O,CNC1CC(O)CC1O,0.43114369145718,0.3760168,1.038851,0.6628342,0.07074055,-0.08746512,-0.15820567
gdb_108764,CNC1=CC(=O)NC1C,CNC1CC(O)NC1C,2.534944446692577,2.489733,3.0576613,0.5679283,2.5088482,2.2872396,-0.22160864
gdb_108766,OCC1=CC(=O)CC1O,OCC1CC(O)CC1O,-1.671018063778206,-1.8458765,-1.0057733,0.84010315,-1.3082083,-1.0240083,0.28420007
gdb_108798,CC1N=C(CO)NC1=N,CC1NC(CO)NC1N,4.262223691457166,4.318514,4.503126,0.18461227,3.7954037,2.4560297,-1.3393741
gdb_108800,CC1N=C(CO)OC1=O,CC1NC(CO)OC1O,0.0019751809863919,0.4356367,0.57442683,0.13879013,0.31017527,-0.03414428,-0.34431955
gdb_108806,CCC1=NC(C)C(=N)N1,CCC1NC(C)C(N)N1,4.664958201927959,4.657686,4.8735676,0.21588135,3.299816,2.6994405,-0.6003754
gdb_108808,CCC1=NC(C)C(=O)O1,CCC1NC(C)C(O)O1,0.4013336914571823,0.7789976,0.94883174,0.16983414,0.7175931,1.003245,0.28565192
gdb_108811,COC1=NC(C)C(=N)N1,COC1NC(C)C(N)N1,4.257026691457213,4.0992603,4.5169086,0.41764832,4.2113233,1.6781414,-2.533182
gdb_108843,CC1CC(=O)C(CO)=C1,CC1CC(O)C(CO)C1,-1.2677605533074257,-1.3222406,-0.62985784,0.69238275,-1.0701704,-0.65184665,0.41832376
gdb_108844,CC1NC(=O)C(CO)=C1,CC1CC(CO)C(O)N1,0.4232246914571647,0.22409648,0.97950953,0.75541306,0.5614245,0.65828496,0.09686047
gdb_108847,CCC1=CC(C)CC1=O,CCC1CC(C)CC1O,-0.8677050428366329,-0.9637888,-0.26185018,0.7019386,-0.8205339,-0.24292025,0.5776136
gdb_108848,CCC1=CC(C)NC1=O,CCC1CC(C)NC1O,0.8229532019279873,0.5802404,1.3477423,0.7675019,1.0609238,0.92989326,-0.13103056
gdb_108851,CCC1=CC(O)CC1=O,CCC1CC(O)CC1O,-1.270345553307436,-1.4213121,-0.6377199,0.78359216,-1.0318242,-0.6323343,0.39948994
gdb_108853,OCC1=CC(O)CC1=O,OCC1CC(O)CC1O,-1.6703500637781872,-1.7795808,-1.0057695,0.77381134,-1.3731135,-1.0240083,0.34910524
gdb_109102,CNC1=NCC(=O)C1=O,CNC1NCC(O)C1O,1.8406500811732367,1.677336,2.6315863,0.95425034,1.6893224,1.2813064,-0.40801597
gdb_109113,CCC1=NCC(=N)N1C,CCC1NCC(N)N1C,4.667807201927985,4.7422314,4.788706,0.046474457,3.1036077,2.2078743,-0.89573336
gdb_109115,CN1C(=N)CN=C1CN,CN1C(N)CNC1CN,6.3859144466925954,6.253046,6.3753605,0.12231445,4.7891283,3.0830905,-1.7060378
gdb_109116,CN1C(=N)CN=C1CO,CN1C(N)CNC1CO,4.265623691457165,4.3829517,4.4211216,0.03816986,3.3635612,1.7624608,-1.6011003
gdb_109121,COC1=NCC(=N)N1C,COC1NCC(N)N1C,4.259937691457196,4.278803,4.4783726,0.1995697,3.61701,1.5151273,-2.101883
gdb_109127,CCC1=CCC(=O)NC1,CCC1=CCC(O)NC1,0.8323642019279873,0.66665095,1.0913718,0.42472082,1.0400352,0.8077963,-0.23223895
gdb_109139,C1C=C(CNC1=O)CO,OCC1=CCC(O)NC1,0.4322996914572172,0.29148692,0.71663874,0.42515182,0.60756177,0.7806008,0.17303902
gdb_109154,CC1CC=C(CO)C1=O,CC1CCC(CO)C1O,-1.2682235533074504,-1.2633035,-0.54387456,0.71942896,-1.0543638,-0.6392162,0.41514766
gdb_109155,CCC1=CCC(C)C1=O,CCC1CCC(C)C1O,-0.8682280428366767,-0.90208226,-0.17524892,0.72683334,-0.8197947,-0.2711934,0.5486013
gdb_109156,CCC1=CCC(O)C1=O,CCC1CCC(O)C1O,-1.271459553307409,-1.2982118,-0.5984362,0.69977564,-0.9806792,-0.6324396,0.3482396
gdb_109157,CCC1=CCN(C1=O)C,CCC1CCN(C)C1O,0.8277202019279457,0.7709295,1.4243834,0.6534539,0.94898033,1.0455872,0.09660685
gdb_109158,CN1CC=C(C1=O)CO,CN1CCC(CO)C1O,0.4280226914572154,0.41501063,1.0557349,0.64072424,0.35410914,0.65018964,0.2960805
gdb_109161,OCC1=CCC(O)C1=O,OCC1CCC(O)C1O,-1.671142063778177,-1.6590784,-0.967058,0.69202036,-1.281939,-1.0192282,0.2627108
gdb_109183,CCC1=NCC(=NC)N1,CCC1NCC(NC)N1,4.673260201927974,4.704073,5.067621,0.36354828,3.4123824,2.517705,-0.8946774
gdb_109184,CN=C1CN=C(N1)CN,CNC1CNC(CN)N1,6.3912274466925965,6.226404,6.6484356,0.4220314,5.6922874,2.9084818,-2.7838056
gdb_109185,CN=C1CN=C(N1)CO,CNC1CNC(CO)N1,4.273738691457197,4.3576603,4.698759,0.3410988,4.0909925,2.2612472,-1.8297453
gdb_109186,CN=C1CN=C(N1)OC,CNC1CNC(OC)N1,4.266448691457185,4.132021,4.723547,0.59152603,4.1206594,-2.565335,-6.685994
gdb_109222,CCC1=NCC2(O1)CC2,CCC1NCC2(CC2)O1,0.9215291160396076,1.0929472,1.2660086,0.17306137,1.029974,1.1204067,0.09043276
gdb_109228,C1CC12CN=C(O2)CO,OCC1NCC2(CC2)O1,0.5198006055688325,0.75534266,0.8896238,0.13428116,0.780758,0.91521204,0.13445401
gdb_109279,CCC1=CCNC(=O)C1,CCC1=CCNC(O)C1,0.8317162019279749,0.62520045,1.0645583,0.43935782,1.0720907,0.8099423,-0.26214844
gdb_109288,C1C=C(CC(=O)N1)CO,OCC1=CCNC(O)C1,0.4307566914571907,0.25055522,0.69003886,0.43948364,0.61855054,0.79071635,0.17216581
gdb_109393,CCC1=NCCCCO1,CCC1NCCCCO1,1.165182056976562,1.2090857,1.4511435,0.2420578,1.186841,1.0109097,-0.17593133
gdb_109400,C1CCOC(=NC1)CO,OCC1NCCCCO1,0.7583645465057316,0.8714506,1.0808012,0.20935065,1.003761,0.8525049,-0.15125614
gdb_109420,CCN1C(=N)C=CC1=O,CCN1C(N)CCC1O,2.229560591644031,1.9244101,2.9339163,1.0095062,1.9367311,1.3809118,-0.5558193
gdb_109469,CCN1C(=N)CN=C1C,CCN1C(N)CNC1C,4.66540820192796,4.6672306,4.8448734,0.17764282,3.1119735,2.3630111,-0.7489624
gdb_109476,CCC1C(=N)OCC1=O,CCC1C(=O)COC1N,0.4311496914571648,0.29525965,0.451441,0.15618134,0.6363715,0.4215506,-0.21482089
gdb_109480,CCN1C(=N)CCC1=O,CCN1C(N)CCC1O,2.5160504466925886,2.493746,2.9339163,0.4401703,2.3879228,1.3809118,-1.0070109
gdb_109491,CNC1C(=O)COC1=N,CNC1C(=O)COC1N,2.159027936221776,2.0902197,2.1950057,0.10478592,2.1862872,1.0783157,-1.1079714
gdb_109496,COC1C(=O)COC1=N,COC1C(=O)COC1N,0.0473661809864438,-0.042699635,0.08351344,0.12621307,0.09728812,-0.67025995,-0.7675481
gdb_109498,OCC1C(=N)OCC1=O,NC1OCC(=O)C1CO,0.0247811809863947,-0.050779164,0.095911205,0.14669037,0.16213094,-0.17202415,-0.33415508
gdb_109732,CC1C(CO)N1C(C)=O,CC(O)N1C(C)C1CO,0.7625845465057068,0.7872717,1.017134,0.22986227,0.91339785,0.8222833,-0.09111452
gdb_109733,CC1C(CO)N1C(N)=O,CC1C(CO)N1C(N)O,2.456069791270352,2.2653525,2.512049,0.24669647,2.6343856,0.79702795,-1.8373576
gdb_109736,CCC1C(C)N1C(C)=O,CCC1C(C)N1C(C)O,1.1701890569765396,1.1405966,1.3841765,0.24357986,1.0752938,0.87519515,-0.20009863
gdb_109737,CCC1C(C)N1C(N)=O,CCC1C(C)N1C(N)O,2.864246301741161,2.618395,2.8790686,0.26067352,3.6059616,1.664452,-1.9415096
gdb_109740,CCC1C(N1C)C(N)=O,CCC1C(C(N)O)N1C,2.875319301741172,2.6997244,2.8568633,0.15713882,2.8530064,1.609619,-1.2433873
gdb_109744,CCN1C(C)C1C(N)=O,CCN1C(C)C1C(N)O,2.879029301741184,2.6796896,2.8567755,0.17708588,2.8348873,1.6603302,-1.1745571
gdb_109745,CN1C(C[NH3+])C1C([O-])=O,CN1C(C[NH3+])C1C([O-])O,2.4832167912703653,2.0655463,1.3729956,-0.69255066,2.5245824,0.91176856,-1.6128138
gdb_109747,CN1C(CO)C1C(N)=O,CN1C(CO)C1C(N)O,2.4816667912703565,2.3337958,2.4899848,0.15618896,2.0972052,0.73786175,-1.3593434
gdb_109905,CC1C=CC(=O)C1CO,CC1CCC(O)C1CO,-1.2640635533074374,-1.1283662,-0.54283696,0.58552927,-1.1998854,-0.6392162,0.5606692
gdb_109906,CCC1C(C)C=CC1=O,CCC1C(C)CCC1O,-0.8569560428366572,-0.7766779,-0.1779688,0.5987091,-0.8292234,-0.2653191,0.5639043
gdb_109907,CCC1C(O)C=CC1=O,CCC1C(O)CCC1O,-1.259894553307447,-1.2314737,-0.5948084,0.6366653,-1.137398,-0.6324396,0.5049584
gdb_109908,CCN1C(C)C=CC1=O,CCN1C(C)CCC1O,0.8327812019279577,0.7958128,1.4834883,0.68767554,0.945758,1.1894511,0.24369311
gdb_109909,COC1C(C)C=CC1=O,COC1C(C)CCC1O,-1.2507215533074143,-1.1163461,-0.52679235,0.5895538,-1.1489502,-0.6234527,0.5254975
gdb_109910,COC1C(O)C=CC1=O,COC1C(O)CCC1O,-1.6562190637782237,-1.5788629,-0.94843847,0.63042444,-2.1303387,-1.0570214,1.0733173
gdb_109911,OCC1C(O)C=CC1=O,OCC1C(O)CCC1O,-1.666060063778218,-1.5830629,-0.9586924,0.6243705,-1.4111739,-1.0301205,0.38105345
gdb_110031,CCN1C(C)COC1=O,CCN1C(C)COC1O,0.7093685465057433,0.6281797,0.9801199,0.35194016,1.0172273,1.0783157,0.061088443
gdb_110066,CC1(C)C(CO)N1C=O,CC1(C)C(CO)N1CO,0.7710985465057547,0.7796995,1.2528937,0.47319418,0.84223866,0.62927145,-0.21296722
gdb_110070,CCC1N(C=O)C1(C)C,CCC1N(CO)C1(C)C,1.1741650569765625,1.120043,1.6056273,0.48558426,1.1458641,0.8167757,-0.32908845
gdb_110074,CCC1C(C#C)N1C=O,C#CC1C(CC)N1CO,0.126530615165052,0.003973186,0.49334925,0.48937607,-0.042707857,0.060099572,0.10280743
gdb_110075,CCC1C(C#N)N1C=O,CCC1C(C#N)N1CO,1.782053859929647,1.6416419,2.1322196,0.4905777,1.5942011,2.0182247,0.42402363
gdb_110083,NCC1C(C#N)N1C=N,N#CC1C(CN)N1CN,5.639638859929619,5.101366,5.5725727,0.47120667,4.6199903,4.204173,-0.41581726
gdb_110084,OCC1C(C#C)N1C=O,C#CC1C(CO)N1CO,-0.2769638953057551,-0.34909612,0.12648219,0.4755783,-0.6171655,-0.5238363,0.09332919
gdb_110085,OCC1C(C#N)N1C=N,N#CC1C(CO)N1CN,3.5204331046942343,3.1513922,3.615801,0.46440887,3.1621773,2.4075587,-0.75461864
gdb_110086,OCC1C(C#N)N1C=O,N#CC1C(CO)N1CO,1.3829573494588772,1.288584,1.7652686,0.47668457,1.1864182,0.6557339,-0.5306843
gdb_110090,CCC1C(C=O)N1C=O,CCC1C(C=O)N1CO,0.4713806914571705,0.35703105,0.88674754,0.5297165,0.4809729,0.64791065,0.16693777
gdb_110094,OCC1C(C=O)N1C=O,O=CC1C(CO)N1CO,0.0716721809864111,0.0067502856,0.52184504,0.51509476,-0.1464884,-0.5173517,-0.3708633
gdb_110129,CCC1C(CC)N1C=O,CCC1C(CC)N1CO,1.1807640569765567,1.0188429,1.5616629,0.54282,1.0872676,1.1683458,0.08107817
gdb_110131,CCC1C(CO)N1C=O,CCC1C(CO)N1CO,0.7740455465057039,0.6681692,1.1975234,0.52935416,1.0105878,0.76541084,-0.24517697
gdb_110137,OCC1C(CO)N1C=O,OCC1C(CO)N1CO,0.3757260360349619,0.3174612,0.8332502,0.51578903,0.18101987,-0.32330564,-0.5043255
gdb_110230,CC12OC(=O)C1C2CO,CC12OC(O)C1C2CO,-1.5958801496665842,-1.4546716,-1.3277795,0.12689209,-1.2233323,-1.1647816,0.058550715
gdb_110235,CCC1C2C(=O)OC12C,CCC1C2C(O)OC12C,-1.1954536391958186,-1.1000383,-0.9729479,0.1270904,-0.9525097,-0.6472223,0.30528742
gdb_110242,COC1C2C(=O)OC12C,COC1C2C(O)OC12C,-1.5868741496665848,-1.4314096,-1.3079545,0.12345505,-1.3235314,-0.98242074,0.34111065
gdb_110658,COC1C2C3CN=C1N23,COC1C2NCC3C1N32,2.503631419867247,2.3868048,2.683901,0.29709625,2.5829408,1.4711121,-1.1118287
gdb_110661,OCC1C2C3CN=C1N23,OCC1C2NCC3C1N32,2.496175419867257,2.3795264,2.6744978,0.29497147,3.0355184,2.6971326,-0.33838582
gdb_110734,CC12C(CO)C1OC2=O,CC12C(O)OC1C2CO,-1.5919601496665905,-1.5138261,-1.2707269,0.24309921,-1.2276021,-1.1973357,0.030266404
gdb_110743,CCC1C2OC(=O)C12C,CCC1C2OC(O)C12C,-1.1910526391957887,-1.1583612,-0.9163416,0.2420196,-0.9511308,-0.6391795,0.31195128
gdb_110744,CCC1C2OC(=O)C12N,CCC1C2OC(O)C12N,0.5242866055688182,0.40069026,0.5844061,0.18371582,0.7519832,1.1847055,0.43272227
gdb_110745,CCC1C2OC(=O)C12O,CCC1C2OC(O)C12O,-1.5902091496665776,-1.5818155,-1.3916872,0.19012833,-1.152159,-1.0907379,0.061421037
gdb_110749,CNC1C2OC(=O)C12O,CNC1C2OC(O)C12O,0.1349150950980515,0.1623556,0.3504774,0.1881218,0.4217378,-0.07250205,-0.49423984
gdb_110759,COC1C2OC(=O)C12C,COC1C2OC(O)C12C,-1.5825451496666003,-1.5004175,-1.2534235,0.24699402,-1.356138,-0.99463964,0.36149836
gdb_110760,COC1C2OC(=O)C12N,COC1C2OC(O)C12N,0.1328280950980342,0.05163783,0.24808711,0.19644928,0.3868129,-0.37865868,-0.7654716
gdb_110761,COC1C2OC(=O)C12O,COC1C2OC(O)C12O,-1.9804256601373709,-1.9308221,-1.7366693,0.19415283,-1.3072897,-1.7095002,-0.40221047
gdb_110764,NC12C(CO)C1OC2=O,NC12C(O)OC1C2CO,0.1270470950980211,0.04525584,0.22970027,0.18444443,0.18183368,0.34147817,0.15964448
gdb_110769,OCC1C2OC(=O)C12O,OCC1C2OC(O)C12O,-1.9907196601373585,-1.9365594,-2.0177743,-0.081214905,-1.472943,-1.4988662,-0.025923252
gdb_110773,CCC1C2CC(=O)NC12,CCC1C2CC(O)NC12,0.8973751160395977,0.7169439,1.2239363,0.5069924,1.1183116,1.3400975,0.2217859
gdb_110782,COC1C2CC(=O)NC12,COC1C2CC(O)NC21,0.5034166055688161,0.36445063,0.8736784,0.50922775,0.451387,0.8101121,0.35872513
gdb_110791,OCC1C2CC(=O)NC12,OCC1C2CC(O)NC12,0.4969636055687942,0.35339183,0.8593275,0.50593567,0.6503909,1.192295,0.54190403
gdb_111463,CCC1C2CC2NC1=O,CCC1C(O)NC2CC21,0.8976521160395805,0.8047125,1.1813223,0.37660986,1.1697251,1.354563,0.18483794
gdb_111470,CCN1C2CC2CC1=O,CCN1C(O)CC2CC21,0.897935116039605,0.7739088,1.2459128,0.472004,1.0023549,1.2070453,0.20469046
gdb_111475,COC1C2CC2NC1=O,COC1C(O)NC2CC21,0.50579760556883,0.4751684,0.8296949,0.35452652,0.43210158,0.84020406,0.40810248
gdb_111482,OCC1C2CC2NC1=O,OCC1C(O)NC2CC21,0.4902806055687847,0.45203608,0.8178198,0.3657837,0.7568859,1.1603737,0.4034878
gdb_111652,CCC1C2COC(=N)N12,CCC1C2COC(N)N12,2.641902360804181,2.488207,2.674166,0.18595886,3.1933713,2.1056018,-1.0877695
gdb_111653,CCC1C2COC(=O)C12,CCC1C2COC(O)C12,-1.2208986391958092,-1.1816614,-0.9149683,0.26669306,-1.0346681,-0.75187844,0.28278965
gdb_111664,COC1C2COC(=O)C12,COC1C2COC(O)C21,-1.6155351496665844,-1.5286615,-1.2615488,0.26711273,-1.4317417,-1.250823,0.1809187
gdb_111672,OCC1C2COC(=N)N12,NC1OCC2C(CO)N12,2.239567850333401,2.137831,2.3077872,0.1699562,2.1916807,1.3059026,-0.88577807
gdb_111673,OCC1C2COC(=O)C12,OCC1C2COC(O)C12,-1.621900149666601,-1.5454919,-1.279249,0.26624298,-1.3695571,-1.1637026,0.20585454
gdb_111902,CC1=NC(CO)C(=N)N1,CC1NC(N)C(CO)N1,4.259918691457187,4.2824497,4.4849834,0.20253372,3.6909304,2.6376126,-1.0533178
gdb_111904,CC1=NC(CO)C(=O)O1,CC1NC(CO)C(O)O1,-0.0009958190135535,0.4411947,0.5453283,0.104133606,0.18723735,0.010952398,-0.17628495
gdb_111907,CCC1N=C(C)NC1=N,CCC1NC(C)NC1N,4.663532201927978,4.628359,4.858389,0.23003006,3.3138509,2.5896459,-0.724205
gdb_111909,CCC1N=C(C)OC1=O,CCC1NC(C)OC1O,0.4010906914571706,0.7857153,0.9176809,0.13196564,0.8435324,1.1382788,0.29474646
gdb_111935,OCC1N=C2CC3C1N23,OCC1NC2CC3C1N23,2.49513441986727,2.2329924,2.664778,0.43178558,2.9042249,2.6700099,-0.23421502
gdb_111944,CC1C(CO)C=CC1=O,CC1C(O)CCC1CO,-1.2595395533074338,-1.1693552,-0.5348261,0.63452905,-1.2102635,-0.6392162,0.5710473
gdb_111945,CCC1C=CC(=O)C1C,CCC1CCC(O)C1C,-0.8571940428366815,-0.79944783,-0.16520482,0.634243,-0.8308008,-0.2713292,0.5594716
gdb_111946,CCC1C=CC(=O)C1O,CCC1CCC(O)C1O,-1.263821553307423,-1.1645868,-0.59844,0.5661468,-1.1280833,-0.6324396,0.49564373
gdb_111947,CCC1C=CC(=O)N1C,CCC1CCC(O)N1C,0.8346152019279884,0.79995936,1.4235556,0.62359625,0.9499663,1.0801965,0.13023019
gdb_111948,CN1C(CO)C=CC1=O,CN1C(O)CCC1CO,0.4321866914571615,0.4459898,1.0564482,0.61045843,0.28268367,0.6490831,0.3663994
gdb_111949,COC1C=CC(=O)C1C,COC1CCC(O)C1C,-1.2515315533074158,-1.198446,-0.5121668,0.68627924,-1.1485314,-0.6250485,0.5234829
gdb_111950,COC1C=CC(=O)C1O,COC1CCC(O)C1O,-1.652743063778189,-1.575361,-0.954851,0.62051004,-2.0471032,-1.0580709,0.98903227
gdb_111951,OCC1C=CC(=O)C1O,OCC1CCC(O)C1O,-1.6661040637782207,-1.5344865,-0.9670542,0.56743234,-1.3462371,-1.0192282,0.32700884
gdb_111956,CCC1N=CN(C)C1=N,CCC1NCN(C)C1N,4.677524201927952,4.681391,4.8344517,0.15306091,2.9577312,2.1534228,-0.8043084
gdb_111960,CCN1C=NC(C)C1=N,CCN1CNC(C)C1N,4.675716201927969,4.577799,4.873621,0.29582214,2.9158614,2.2036402,-0.71222115
gdb_111963,CN1C=NC(CO)C1=N,CN1CNC(CO)C1N,4.274044691457164,4.3336163,4.4610195,0.12740326,3.203375,1.7589449,-1.4444302
gdb_112046,CCC1N=COC11CC1,CCC1NCOC12CC2,0.9305131160396058,0.8285505,1.2001822,0.37163168,0.9847393,1.1309615,0.14622223
gdb_112053,OCC1N=COC11CC1,OCC1NCOC12CC2,0.5265836055688169,0.47749537,0.83888453,0.36138916,0.3976762,0.8998249,0.50214875
gdb_112054,CCC1N=CNC1=NC,CCC1NCNC1NC,4.680958201927979,4.4827175,5.058565,0.5758476,3.491236,2.476621,-1.014615
gdb_112055,CCN1C=NCC1=NC,CCN1CNCC1NC,4.682236201927935,4.59437,5.055086,0.46071625,3.0920913,2.1306844,-0.96140695
gdb_112056,CN=C1NC=NC1CO,CNC1NCNC1CO,4.277439691457175,4.135149,4.6868076,0.55165863,4.0766287,2.2302563,-1.8463724
gdb_112095,CCC1C=CCNC1=O,CCC1C=CCNC1O,0.8372102019279737,0.735491,1.1141684,0.37867743,1.0993301,0.68947065,-0.40985942
gdb_112105,COC1C=CCNC1=O,COC1C=CCNC1O,0.4455046914571881,0.34641474,0.7120916,0.36567688,0.42010912,0.19047427,-0.22963485
gdb_112109,OCC1C=CCNC1=O,OCC1C=CCNC1O,0.4343246914571637,0.38190287,0.74753016,0.3656273,0.7650607,0.70083094,-0.06422979
gdb_112135,CCC1CC(=O)C(=O)N1,CCC1CC(O)C(O)N1,0.4101766914571954,0.23884791,0.9549276,0.7160797,0.6514003,1.0009419,0.34954154
gdb_112147,OCC1CC(=O)C(=O)N1,OCC1CC(O)C(O)N1,0.0074801809864197,-0.12580663,0.5890867,0.71489334,0.21876393,0.022574587,-0.19618934
gdb_112152,CC1=CC(CO)CC1=O,CC1CC(CO)CC1O,-1.2700455533073978,-1.3788202,-0.6045092,0.774311,-1.105054,-0.6607867,0.44426733
gdb_112153,CC1=CC(CO)NC1=O,CC1CC(CO)NC1O,0.4206146914572173,0.24160594,1.0072005,0.76559454,0.57650805,0.60285354,0.026345491
gdb_112156,CCC1CC(=O)C(C)=C1,CCC1CC(C)C(O)C1,-0.8675930428366314,-1.0059869,-0.24816686,0.75782007,-0.8399172,-0.2468166,0.59310055
gdb_112158,CCC1NC(=O)C(C)=C1,CCC1CC(C)C(O)N1,0.8226632019279805,0.5997526,1.3730795,0.77332693,1.0489559,0.927936,-0.1210199
gdb_112161,COC1CC(=O)C(C)=C1,COC1CC(C)C(O)C1,-1.2611225533074162,-1.409147,-0.56364614,0.8455009,-1.2524762,-0.6219699,0.63050634
gdb_112196,CCC1OC(=N)C11CN1,CCC1OC(N)C12CN2,2.6637803608041963,2.4736884,2.6642478,0.19055939,2.9533803,2.9405377,-0.012842655
gdb_112213,OCC1OC(=N)C11CN1,NC1OC(CO)C12CN2,2.2628618503334224,2.123522,2.3008215,0.1772995,2.5299373,1.9486722,-0.5812651
gdb_112299,CCC1OC(=N)N2CC12,CCC1OC(N)N2CC12,2.6395583608041875,2.5144598,2.6920683,0.17760849,3.045811,2.0776875,-0.96812344
gdb_112300,CCC1OC(=O)C2CC12,CCC1OC(O)C2CC12,-1.2253596391958013,-1.1084993,-0.9009035,0.20759577,-1.0553558,-0.7731888,0.28216696
gdb_112312,COC1OC(=N)N2CC12,COC1OC(N)N2CC12,2.2388728503334505,2.1063178,2.2899306,0.18361282,1.6641709,0.85099715,-0.8131737
gdb_112313,COC1OC(=O)C2CC12,COC1OC(O)C2CC12,-1.6264171496665654,-1.5212839,-1.3023736,0.21891022,-1.4629234,-1.2262493,0.23667407
gdb_112322,OCC1NC(=N)C2OC12,NC1NC(CO)C2OC12,2.2358958503334065,2.1602728,2.2538512,0.09357834,2.4449935,2.0267036,-0.4182899
gdb_112330,OCC1OC(=N)N2CC12,NC1OC(CO)C2CN12,2.238380850333442,2.1521819,2.3208525,0.16867065,2.1437268,1.271362,-0.8723649
gdb_112331,OCC1OC(=O)C2CC12,OCC1OC(O)C2CC12,-1.627110149666578,-1.47241,-1.272371,0.20003891,-1.3690077,-1.1359054,0.23310232
gdb_112336,CC1=CC(=O)CC1CO,CC1CC(O)CC1CO,-1.2699495533074128,-1.5258768,-0.5950182,0.93085855,-1.073392,-0.65354097,0.41985106
gdb_112337,CC1=CC(=O)NC1CO,CC1CC(O)NC1CO,0.4224166914572151,0.19968623,1.0327475,0.8330613,0.57962525,0.65828496,0.07865971
gdb_112339,CCC1CC(=O)C=C1C,CCC1CC(O)CC1C,-0.8675630428366503,-1.1616952,-0.22731572,0.9343795,-0.860274,-0.24388672,0.6163873
gdb_112340,CCC1CC(=O)C=C1N,CCC1CC(O)CC1N,0.8330182019279846,0.55327433,1.1998351,0.6465607,1.025024,0.7659574,-0.25906664
gdb_112341,CCC1NC(=O)C=C1C,CCC1NC(O)CC1C,0.8241822019279539,0.5487463,1.4071639,0.8584176,1.0738117,0.92989326,-0.1439184
gdb_112342,CCC1NC(=O)C=C1N,CCC1NC(O)CC1N,2.5302854466925737,2.305319,2.8314917,0.52617264,2.9286776,2.17891,-0.74976754
gdb_112346,COC1CC(=O)C=C1C,COC1CC(O)CC1C,-1.2629515533074027,-1.5238626,-0.5674761,0.9563865,-1.2271541,-0.6130298,0.61412436
gdb_112347,COC1CC(=O)C=C1N,COC1CC(O)CC1N,0.4361996914572046,0.18920344,0.85526866,0.6660652,-0.0040135947,-0.116353296,-0.1123397
gdb_112353,NC1=CC(=O)CC1CO,NC1CC(O)CC1CO,0.4259586914571969,0.19041651,0.8312399,0.64082336,0.53677917,0.09691638,-0.4398628
gdb_112354,NC1=CC(=O)NC1CO,NC1CC(O)NC1CO,2.1246469362217795,1.95978,2.4580252,0.49824524,2.4312127,1.2989188,-1.1322938
gdb_112356,CCC1CC(=N)NC1=O,CCC1CC(N)NC1O,2.52001244669259,2.4653456,2.8019736,0.33662796,2.8154907,2.1792562,-0.6362345
gdb_112357,CCC1CC(=N)OC1=O,CCC1CC(N)OC1O,0.4047516914571929,0.637911,0.76569957,0.12778854,0.661201,1.0054606,0.34425962
gdb_112359,CCC1CC(=O)NC1=N,CCC1CC(O)NC1N,2.520798446692595,2.4283926,2.8225996,0.394207,2.803939,2.1792562,-0.6246829
gdb_112361,CCC1CC(=O)OC1=N,CCC1CC(O)OC1N,0.4054086914571826,0.6122381,0.77160853,0.15937042,0.66445804,1.0054606,0.34100258
gdb_112367,CCC1OC(=N)CC1=O,CCC1OC(N)CC1=O,0.4261486914571719,0.27000254,0.45440882,0.18440628,0.6155,0.30851254,-0.30698743
gdb_112378,CNC1CC(=N)OC1=O,CNC1CC(N)OC1O,2.131803936221786,2.3594382,2.4324172,0.07297897,2.197728,1.2690067,-0.9287212
gdb_112379,CNC1CC(=O)OC1=N,CNC1CC(O)OC1N,2.131331936221784,2.331114,2.4420989,0.1109848,2.202847,1.2675707,-0.93527627
gdb_112380,COC1CC(=N)NC1=O,COC1CC(N)NC1O,2.1286389362218188,2.121752,2.4491065,0.32735443,2.1263425,1.194067,-0.93227553
gdb_112381,COC1CC(=N)OC1=O,COC1CC(N)OC1O,0.014346180986422,0.28809565,0.40551585,0.1174202,0.056755316,-0.24974726,-0.30650258
gdb_112383,COC1CC(=O)NC1=N,COC1CC(O)NC1N,2.1278849362217898,2.080355,2.47423,0.39387512,2.1314616,1.2193248,-0.9121368
gdb_112385,COC1CC(=O)OC1=N,COC1CC(O)OC1N,0.013182180986405,0.25853556,0.41778392,0.15924835,0.056755316,-0.24974726,-0.30650258
gdb_112386,COC1OC(=N)CC1=O,COC1OC(N)CC1=O,0.030951180986392,-0.1602152,0.062231243,0.22244644,-0.04770323,-0.8135761,-0.7658729
gdb_112394,OCC1CC(=N)NC1=O,NC1CC(CO)C(O)N1,2.1139889362218014,2.1022437,2.433779,0.33153534,2.1464348,1.2989188,-0.84751594
gdb_112395,OCC1CC(=N)OC1=O,NC1CC(CO)C(O)O1,-8.281901358486721e-05,0.27478236,0.39837474,0.12359238,0.10453769,0.3480522,0.24351451
gdb_112397,OCC1CC(=O)NC1=N,NC1NC(O)CC1CO,2.112324936221796,2.0646384,2.4544356,0.3897972,2.157067,1.3095399,-0.84752715
gdb_112399,OCC1CC(=O)OC1=N,NC1OC(O)CC1CO,-0.0019128190135688,0.24934596,0.40413493,0.15478897,0.09737844,0.34091055,0.24353212
gdb_112404,OCC1OC(=N)CC1=O,NC1CC(=O)C(CO)O1,0.0255471809863934,-0.0801447,0.09059352,0.17073822,0.06585499,-0.25889924,-0.32475424
gdb_112415,CC1NC(=O)OC1CO,CC1NC(O)OC1CO,0.3016660360349306,0.29472178,0.5288641,0.2341423,0.83265555,6.7885965e-05,-0.83258766
gdb_112419,CC1OC(=O)NC1CO,CC1OC(O)NC1CO,0.3015360360349746,0.32012385,0.5286009,0.20847702,0.83265555,-0.0028961245,-0.8355517
gdb_112430,CCC1NC(=O)OC1C,CCC1NC(O)OC1C,0.703655546505729,0.68107814,0.90159434,0.2205162,1.4775717,1.1382788,-0.33929288
gdb_112436,CCC1OC(=O)NC1C,CCC1OC(O)NC1C,0.7029775465057355,0.6569616,0.90069026,0.24372864,1.4775717,1.1382788,-0.33929288
gdb_112450,COC1OC(=O)NC1C,COC1OC(O)NC1C,0.2994280360349535,0.24301738,0.50354594,0.26052856,0.7973719,-0.60431933,-1.4016912
gdb_112459,CCC1NC(=O)CC=C1,CCC1C=CCC(O)N1,0.8339312019279532,0.65538996,1.0956824,0.44029242,0.93818074,0.652804,-0.28537673
gdb_112473,OCC1NC(=O)CC=C1,OCC1C=CCC(O)N1,0.4306396914572019,0.2964651,0.72564906,0.42918396,0.5568214,0.668517,0.11169559
gdb_112497,C[NH2+]C1C[C-](C#N)C1=O,C[NH2+]C1C[C-](C#N)C1O,1.826429859929647,2.5984404,2.8945334,0.296093,1.0890257,2.1181774,1.0291517
gdb_112632,CC1=CC(=O)C(CO)C1,CC1CC(O)C(CO)C1,-1.2763185533074193,-1.4405038,-0.62985784,0.810646,-1.0624738,-0.65184665,0.41062713
gdb_112633,CCC1CC(C)=CC1=O,CCC1CC(C)CC1O,-0.868974042836669,-1.0774438,-0.26186162,0.8155822,-0.8589746,-0.24292025,0.6160543
gdb_112634,CCC1CC(N)=CC1=O,CCC1CC(N)CC1O,0.8317522019279409,0.5694906,1.1796935,0.61020285,1.025024,0.7659574,-0.25906664
gdb_112635,CCN1CC(=CC1=O)C,CCN1CC(C)CC1O,0.8262392019279332,0.68458766,1.4252532,0.7406655,0.94800794,1.0920587,0.14405072
gdb_112636,CCN1CC(=CC1=O)N,CCN1CC(N)CC1O,2.532966446692569,2.3777182,2.870745,0.49302673,2.3357313,1.3308338,-1.0048975
gdb_112637,COC1CC(C)=CC1=O,COC1CC(C)CC1O,-1.2607525533074408,-1.4258249,-0.6096743,0.8161506,-1.2242079,-0.6130298,0.6111781
gdb_112638,COC1CC(N)=CC1=O,COC1CC(N)CC1O,0.4388786914572051,0.22141474,0.8321478,0.61073303,-0.0033859725,-0.116353296,-0.11296732
gdb_112639,NC1=CC(=O)C(CO)C1,NC1CC(O)C(CO)C1,0.4229866914571971,0.2062208,0.81160945,0.60538864,0.55885124,0.09691638,-0.46193486
gdb_112671,CCC1CN(C)C(=O)O1,CCC1CN(C)C(O)O1,0.7063145465057232,0.70854396,0.99514216,0.2865982,0.8528419,0.9345445,0.08170259
gdb_112678,CN1CC(CO)OC1=O,CN1CC(CO)OC1O,0.3044410360349729,0.33936518,0.6236517,0.2842865,0.03363839,-1.0924847,-1.1261231
gdb_112688,COC1CN(C)C(=O)O1,COC1CN(C)C(O)O1,0.3041220360349825,0.28116435,0.6200506,0.33888626,-0.8012989,-5.609837,-4.808538
gdb_112885,CCN1CC(C)OC1=O,CCN1CC(C)OC1O,0.7048455465057373,0.73961085,1.0369208,0.29730994,0.9390434,1.1549561,0.2159127
gdb_112990,C[NH2+]C1C[C-](C=O)C1=O,C[NH2+]C1C[C-](CO)C1O,0.5208866914571786,1.5772116,1.0827124,-0.4944992,0.64498365,0.75339246,0.10840881
gdb_113159,CC1(NC1C[NH3+])C([O-])=O,CC1(C([O-])O)NC1C[NH3+],2.461652791270353,2.1310866,1.4211218,-0.70996475,2.8337824,1.2007173,-1.6330651
gdb_113160,CC1(NC1CO)C(N)=O,CC1(C(N)O)NC1CO,2.4577797912703545,2.4000456,2.54019,0.14014435,2.081355,1.0261859,-1.0551692
gdb_113169,CCC1NC1(C)C(N)=O,CCC1NC1(C)C(N)O,2.8628653017411807,2.7656157,2.904463,0.13884735,2.298715,1.6774764,-0.6212387
gdb_113173,CCN1CC1(C)C(N)=O,CCN1CC1(C)C(N)O,2.8712483017411614,2.6977942,2.8421156,0.14432144,2.6240525,1.2597485,-1.3643041
gdb_113487,CCC1CC11CN=CO1,CCC1CC12CNCO2,0.9313021160396032,0.786997,1.1625464,0.37554938,1.0076449,1.103076,0.09543109
gdb_113490,COC1CC11CN=CO1,COC1CC12CNCO2,0.5392736055687806,0.44402903,0.8196432,0.37561417,0.47385463,0.54360676,0.06975213
gdb_113492,OCC1CC11CN=CO1,OCC1CC12CNCO2,0.5302796055688077,0.4275686,0.80324763,0.37567902,0.43122554,0.8631037,0.43187815
gdb_113503,CCC1NC11COC1=N,CCC1NC12COC2N,2.6603723608042174,2.4883444,2.7325766,0.24423218,2.9560232,2.965693,0.009669781
gdb_113512,CCN1CC11COC1=N,CCN1CC12COC2N,2.673438360804198,2.4137213,2.653784,0.24006271,2.655535,1.9199841,-0.7355509
gdb_113528,OCC1NC11COC1=N,NC1OCC12NC2CO,2.259328850333418,2.1232703,2.367861,0.24459076,2.5036137,1.9542136,-0.5494001
gdb_113613,CCC1NC1C#CC=O,CCC1NC1C#CCO,0.1323356151650045,0.030233562,0.32026118,0.29002762,0.9041138,0.5946527,-0.30946112
gdb_113615,CCN1CC1C#CC=O,CCN1CC1C#CCO,0.1389656151650342,0.024851024,0.31644648,0.29159546,0.251259,0.0911934,-0.16006559
gdb_113618,OCC1NC1C#CC=O,OCC#CC1NC1CO,-0.2686188953057353,-0.34237844,-0.0528391,0.28953934,0.7225697,0.8739515,0.15138179
gdb_113622,CCC1CN1C(=N)C#N,CCC1CN1C(N)C#N,3.916627615165055,3.568514,3.8159125,0.24739838,3.2968764,3.7435803,0.4467039
gdb_113623,CCC1CN1C(=O)C#C,C#CC(O)N1CC1CC,0.1216956151650379,-0.0004900098,0.35934657,0.35983658,-0.06317831,0.0925571,0.1557354
gdb_113624,CCC1CN1C(=O)C#N,CCC1CN1C(O)C#N,1.7797728599296647,1.599436,1.9789755,0.3795395,1.947994,1.900914,-0.04708004
gdb_113625,CCC1NC1C(=O)C#C,C#CC(O)C1NC1CC,0.1340256151650578,0.04212016,0.34516352,0.30304337,0.45938033,0.3566228,-0.10275754
gdb_113626,CCC1NC1C(=O)C#N,CCC1NC1C(O)C#N,1.793134859929637,1.6353934,1.9687598,0.3333664,1.5691968,2.2985475,0.7293507
gdb_113629,CCN1CC1C(=O)C#C,C#CC(O)C1CN1CC,0.1401386151650285,0.02571696,0.33049983,0.30478287,0.07831256,0.048942428,-0.029370133
gdb_113630,CCN1CC1C(=O)C#N,CCN1CC1C(O)C#N,1.7998948599296227,1.6184981,1.9541876,0.33568954,1.2905555,1.8494749,0.5589194
gdb_113635,OCC1CN1C(=N)C#N,N#CC(N)N1CC1CO,3.5143321046942333,3.2076628,3.4459937,0.23833084,2.8373954,2.1566038,-0.6807916
gdb_113636,OCC1CN1C(=O)C#C,C#CC(O)N1CC1CO,-0.2811888953057178,-0.36137944,-0.010564625,0.35081482,-0.7405343,-0.6389602,0.10157412
gdb_113637,OCC1CN1C(=O)C#N,N#CC(O)N1CC1CO,1.378299349458871,1.2386534,1.6090987,0.37044525,0.8780342,0.463815,-0.41421917
gdb_113638,OCC1NC1C(=O)C#C,C#CC(O)C1NC1CO,-0.2671858953057153,-0.33096486,-0.02895528,0.30200958,0.13416186,-0.009488546,-0.14365041
gdb_113639,OCC1NC1C(=O)C#N,N#CC(O)C1NC1CO,1.3928423494588742,1.2622321,1.594599,0.33236694,1.0214989,1.7563747,0.7348758
gdb_113643,CCC1CN1C(=N)C=O,CCC1CN1C(N)CO,2.606316446692574,2.3933432,2.8763525,0.48300934,2.2886183,1.6231325,-0.66548586
gdb_113644,CCC1CN1C(=O)C=O,CCC1CN1C(O)CO,0.4674136914571818,0.32215708,1.0927374,0.77058035,0.48744535,0.83391654,0.3464712
gdb_113645,CCC1NC1C(=O)C=O,CCC1NC1C(O)CO,0.4806706914571919,0.46757716,1.0823576,0.6147805,0.34249637,1.1172808,0.77478445
gdb_113647,CCN1CC1C(=O)C=O,CCN1CC1C(O)CO,0.4873636914571762,0.45012492,1.0542738,0.6041489,0.16849415,0.7387389,0.5702447
gdb_113650,OCC1CN1C(=N)C=O,NC(CO)N1CC1CO,2.197493936221804,2.032511,2.506426,0.4739151,1.8001854,0.7044045,-1.095781
gdb_113651,OCC1CN1C(=O)C=O,OCC(O)N1CC1CO,0.0654701809864377,-0.038743794,0.7228033,0.7615471,-0.104139104,-0.40235317,-0.29821408
gdb_113652,OCC1NC1C(=O)C=O,OCC(O)C1NC1CO,0.0797901809864356,0.09454554,0.7086622,0.61411667,-0.42068395,0.27485272,0.6955367
gdb_113658,CCC(=O)N1CC1CO,CCC(O)N1CC1CO,0.765527546505723,0.6496374,1.0937979,0.44416052,0.9641188,0.83391654,-0.13020223
gdb_113663,CCC1CN1C(=O)CC,CCC(O)N1CC1CC,1.1722320569765543,1.0104697,1.4637129,0.45324326,1.1061903,1.1917851,0.08559477
gdb_113664,CCC1CN1C(=O)CO,CCC1CN1C(O)CO,0.7683325465057464,0.6645796,1.0927451,0.4281655,1.0012048,0.83391654,-0.1672883
gdb_113665,CCC1CN1C(=O)NC,CCC1CN1C(O)NC,2.871921301741168,2.5910056,3.1276572,0.5366516,3.009601,1.6223862,-1.3872149
gdb_113666,CCC1CN1C(=O)OC,CCC1CN1C(O)OC,0.754839546505707,0.46902674,1.0391486,0.5701218,0.9201354,0.9977337,0.07759833
gdb_113669,CCC1NC1C(=O)NC,CCC1NC1C(O)NC,2.879398301741162,2.7185118,3.100859,0.3823471,2.3618803,1.5445892,-0.81729114
gdb_113670,CCC1NC1C(=O)OC,CCC1NC1C(O)OC,0.7620685465057022,0.64705867,1.0153487,0.36829,0.6973195,0.18193018,-0.5153893
gdb_113677,CCN1CC1C(=O)NC,CCN1CC1C(O)NC,2.8839523017411466,2.7045195,3.0746481,0.37012863,2.8866615,1.6089733,-1.2776883
gdb_113678,CCN1CC1C(=O)OC,CCN1CC1C(O)OC,0.7671475465057256,0.62831324,0.9945776,0.36626434,0.7854427,0.99702245,0.21157974
gdb_113681,CNC(=O)C1NC1CO,CNC(O)C1NC1CO,2.477439791270342,2.3454802,2.7268698,0.38138962,2.5378633,1.0340953,-1.503768
gdb_113683,CNC(=O)N1CC1CO,CNC(O)N1CC1CO,2.4630867912703707,2.2303603,2.757685,0.5273247,2.429067,0.5236189,-1.905448
gdb_113684,COC(=N)N1CC1CO,COC(N)N1CC1CO,2.5015577912703293,2.197161,2.5672095,0.37004852,2.2477033,0.5380569,-1.7096465
gdb_113686,COC(=O)C1NC1CO,COC(O)C1NC1CO,0.3606280360349387,0.27401942,0.64113826,0.36711884,0.45570606,-0.2139634,-0.66966945
gdb_113688,COC(=O)N1CC1CO,COC(O)N1CC1CO,0.3515470360349582,0.108141124,0.66919535,0.5610542,0.26104128,-0.8458813,-1.1069226
gdb_113692,OCC1CN1C(=O)CO,OCC(O)N1CC1CO,0.365775036034961,0.30369776,0.7227995,0.41910172,0.027606193,-0.40235317,-0.42995936
gdb_113893,CCC1CN1CC(N)=O,CCC1CN1CC(N)O,2.8800813017412,2.6072867,2.8635504,0.25626373,2.43792,1.5589062,-0.8790139
gdb_113895,CCC1NC1CC(N)=O,CCC1NC1CC(N)O,2.869827301741168,2.5302489,2.8733275,0.3430786,2.3782804,2.1708608,-0.20741963
gdb_113900,CCN1CC1CC(N)=O,CCN1CC1CC(N)O,2.8830253017411565,2.49383,2.8269255,0.33309555,2.4311903,1.5589062,-0.87228405
gdb_113909,NC(=O)CC1NC1CO,NC(O)CC1NC1CO,2.468925791270351,2.156565,2.4996817,0.34311676,2.341784,1.2101196,-1.1316644
gdb_113911,NC(=O)CN1CC1CO,NC(O)CN1CC1CO,2.4796747912703268,2.2378638,2.4977515,0.2598877,1.5790807,0.65107715,-0.92800355
gdb_113915,[NH3+]CC1CN1CC([O-])=O,[NH3+]CC1CN1CC([O-])O,2.4832167912703653,1.9832366,1.3919775,-0.591259,1.8832598,1.1389985,-0.74426126
gdb_113916,[NH3+]CC1NC1CC([O-])=O,[NH3+]CC1NC1CC([O-])O,2.464376791270354,1.8937514,1.3977606,-0.49599075,2.7322605,1.8213375,-0.910923
gdb_114003,CCC1NC1CNC=O,CCC1NC1CNCO,2.8838033017411817,2.638407,3.1089118,0.47050476,2.0381885,1.7390708,-0.29911768
gdb_114004,CCC1NC1COC=O,CCC1NC1COCO,0.7728455465057209,0.8002035,1.0688002,0.2685967,0.76211977,0.579212,-0.18290776
gdb_114010,CCN1CC1CNC=O,CCN1CC1CNCO,2.8950223017411645,2.6122077,3.0629065,0.45069885,2.7151823,1.5965582,-1.1186241
gdb_114011,CCN1CC1COC=O,CCN1CC1COCO,0.7849235465057518,0.779669,1.0265563,0.24688727,0.6614481,0.8984321,0.23698395
gdb_114025,OCC1NC1CNC=O,OCNCC1NC1CO,2.4823607912703665,2.2647536,2.7353308,0.47057724,1.8202161,0.73445123,-1.0857649
gdb_114026,OCC1NC1COC=N,NCOCC1NC1CO,2.5153807912703314,2.3794196,2.7102683,0.3308487,1.5173197,0.8084145,-0.70890516
gdb_114027,OCC1NC1COC=O,OCOCC1NC1CO,0.3716180360349312,0.42658442,0.6952879,0.26870346,0.43726504,-0.19337228,-0.6306373
gdb_114909,CC1=CCC(CO)C1=O,CC1CCC(CO)C1O,-1.2750875533074009,-1.3049219,-0.54386693,0.76105493,-1.0573101,-0.6392162,0.41809392
gdb_114910,CCC1CC=C(C)C1=O,CCC1CCC(C)C1O,-0.8681010428366562,-0.941305,-0.17524892,0.76605606,-0.81817955,-0.2711934,0.54698616
gdb_114912,CCN1CC=C(C1=O)C,CCN1CCC(C)C1O,0.8252862019279519,0.7770712,1.488169,0.7110978,0.9410042,1.1064801,0.1654759
gdb_114914,COC1CC=C(C)C1=O,COC1CCC(C)C1O,-1.25951455330744,-1.2956254,-0.5327509,0.76287454,-1.1847694,-0.6234527,0.56131667
gdb_115082,CCN1CC=CCC1=O,CCN1CC=CCC1O,0.8387162019279799,0.8282568,1.249407,0.42115027,0.98308307,0.70110404,-0.28197902
gdb_115120,CCC1CNC(=O)C1=O,CCC1CNC(O)C1O,0.4129026914571909,0.31656092,0.95189875,0.6353378,0.7456669,1.1109936,0.3653267
gdb_115124,CCC1OCC(=O)C1=O,CCC1OCC(O)C1O,-1.668537063778217,-1.7097528,-1.0743158,0.635437,-1.6065743,-0.8892904,0.7172839
gdb_115126,CCN1CCC(=O)C1=O,CCN1CCC(O)C1O,0.4120786914571681,0.36398524,1.069422,0.70543677,0.5560891,1.036159,0.48006994
gdb_115128,CNC1CNC(=O)C1=O,CNC1CNC(O)C1O,2.140422936221796,2.0364783,2.6200583,0.58358,2.2697587,1.232155,-1.0376037
gdb_115133,COC1CNC(=O)C1=O,COC1CNC(O)C1O,0.0229771809864018,-0.04062444,0.5980932,0.63871765,0.17164132,-0.12892786,-0.30056918
gdb_115136,COC1OCC(=O)C1=O,COC1OCC(O)C1O,-2.066621574248984,-2.068197,-1.4714639,0.5967331,-2.4368694,-1.8424715,0.5943979
gdb_115139,OCC1CNC(=O)C1=O,OCC1CNC(O)C1O,0.008100180986446,-0.046632588,0.5835249,0.6301575,0.41042313,0.088346675,-0.32207644
gdb_115143,OCC1OCC(=O)C1=O,OCC1OCC(O)C1O,-2.06985057424896,-2.0703485,-1.4444749,0.62587357,-2.1685922,-1.3345081,0.83408415
gdb_115160,CCC1COC(=O)N1C,CCC1COC(O)N1C,0.710960546505703,0.63519496,0.9233038,0.28810883,0.9531482,0.9711931,0.018044889
gdb_115167,CN1C(CO)COC1=O,CN1C(CO)COC1O,0.3099680360349452,0.2752058,0.5527975,0.2775917,0.14523806,-1.043316,-1.188554
gdb_115216,CCC1COC(=O)CO1,CCC1COC(O)CO1,-1.3848102087296752,-1.3667734,-1.0870187,0.27975464,-1.2936155,-0.9018205,0.39179498
gdb_115230,COC1COC(=O)CO1,COC1COC(O)CO1,-1.7834997192004494,-1.7435434,-1.4548967,0.2886467,-1.4448959,-2.0720365,-0.62714064
gdb_115246,OCC1COC(=O)CO1,OCC1COC(O)CO1,-1.786152719200402,-1.7379625,-1.457525,0.28043747,-1.5993075,-1.5666044,0.03270316
gdb_116053,CCC1CCN=COC1,CCC1CCNCOC1,1.175591056976543,1.1553442,1.3926146,0.23727036,1.1254395,0.9444007,-0.1810388
gdb_116057,COC1CCN=COC1,COC1CCNCOC1,0.7803675465057154,0.82653636,1.0729544,0.24641806,0.74334526,0.29737923,-0.44596604
gdb_116060,OCC1CCN=COC1,OCC1CCNCOC1,0.7727515465057309,0.79175776,1.034056,0.24229819,0.76854247,0.64294344,-0.12559903
gdb_116084,CCC1COCC(=O)O1,CCC1COCC(O)O1,-1.384993208729668,-1.3021982,-1.084791,0.21740723,-1.2862868,-0.88012874,0.4061581
gdb_116106,COC1COCC(=O)O1,COC1COCC(O)O1,-1.782687719200453,-1.7185762,-1.465986,0.25259018,-1.3972471,-2.0119147,-0.61466765
gdb_116129,OCC1COCC(=O)O1,OCC1COCC(O)O1,-1.7863357192004514,-1.668638,-1.4566247,0.21201324,-1.5835062,-1.5452504,0.03825581
gdb_116363,CCC1CCCN=CO1,CCC1CCCNCO1,1.1692000569765355,1.099169,1.4362624,0.33709335,1.1255001,0.95982903,-0.16567105
gdb_116364,CCC1CCOC=NC1,CCC1CCOCNC1,1.175682056976541,1.1193221,1.4036772,0.28435516,1.1255001,0.9444007,-0.18109936
gdb_116370,COC1CCCN=CO1,COC1CCCNCO1,0.7704865465057082,0.6834814,1.0679648,0.3844834,0.7588384,0.33170292,-0.4271355
gdb_116371,COC1CCOC=NC1,COC1CCOCNC1,0.7793415465057478,0.80070704,1.0938513,0.2931443,0.7350978,0.29589203,-0.4392058
gdb_116375,OCC1CCCN=CO1,OCC1CCCNCO1,0.765939546505706,0.7369558,1.0659506,0.3289948,0.80419576,0.81407255,0.009876788
gdb_116376,OCC1CCOC=NC1,OCC1CCOCNC1,0.773330546505747,0.75697535,1.0472281,0.29025275,0.7414197,0.64294344,-0.09847623
gdb_116395,CCC1OCCOC1=O,CCC1OCCOC1O,-1.3840612087296336,-1.3670251,-1.0921457,0.27487946,-1.2391105,-0.88690674,0.35220373
gdb_116418,COC1OCCOC1=O,COC1OCCOC1O,-1.7811327192004,-1.7075632,-1.4923532,0.21520996,-1.2996626,-1.8821795,-0.5825169
gdb_116435,OCC1OCCOC1=O,OCC1OCCOC1O,-1.7859257192004063,-1.7263353,-1.4626062,0.2637291,-1.4232503,-1.4955859,-0.0723356
gdb_116476,CCC1CCCOC=N1,CCC1CCCOCN1,1.1715240569765797,1.1069815,1.4528868,0.3459053,1.1058459,0.9444007,-0.1614452
gdb_116487,OCC1CCCOC=N1,OCC1CCCOCN1,0.7650785465057197,0.74080104,1.0894225,0.34862143,0.74635077,0.7869868,0.040636063
gdb_116522,CCN=C(C#N)N1CC1,CCNC(C#N)N1CC1,3.922294615165015,3.6485693,4.115568,0.46699882,2.96357,2.9852493,0.021679163
gdb_116540,CCN=C(C=O)N1CC1,CCNC(CO)N1CC1,2.617093446692593,2.34952,3.0924017,0.7428818,2.1151555,1.6017573,-0.5133982
gdb_116543,CCN=C(N1CC1)OC,CCNC(OC)N1CC1,2.91716630174119,2.6331046,3.1581671,0.52506256,2.680081,1.1328092,-1.5472717
gdb_116554,CCN=C1C=CC(=O)N1,CCNC1CCC(O)N1,2.23369959164404,1.8588583,3.0450613,1.186203,1.2390932,2.4673562,1.228263
gdb_116582,CCN=C1CN=C(N1)C,CCNC1CNC(C)N1,4.671490201927952,4.7674503,4.9948444,0.2273941,3.1542253,2.6832583,-0.47096705
gdb_116584,CCN=C1CN=CN1C,CCNC1CNCN1C,4.682020201927969,4.7849293,4.9643345,0.17940521,3.0208685,2.030175,-0.99069357
gdb_116585,CCN=C1NC=NC1C,CCNC1NCNC1C,4.678244201927953,4.6049404,4.981024,0.37608337,3.2787733,2.533119,-0.74565434
gdb_116586,CCN=C1CC(=O)CO1,CCNC1CC(=O)CO1,0.4367326914571663,0.36904353,0.58855647,0.21951294,0.48003405,0.63160825,0.1515742
gdb_116587,CCN=C1CCC(=O)N1,CCNC1CCC(O)N1,2.523702446692596,2.4858115,3.0450575,0.55924606,2.4742746,2.4673562,-0.0069184303
gdb_116588,CCN=C1CCC(=O)O1,CCNC1CCC(O)O1,0.4092456914572153,0.69078654,0.9990141,0.30822754,0.7855955,0.91677785,0.13118237
gdb_116609,CCN=C1OCC11CN1,CCNC1OCC12CN2,2.670275360804169,2.554972,2.813986,0.25901413,2.562044,2.4600358,-0.102008104
gdb_116620,CCN=C1NCC2OC12,CCNC1NCC2OC12,2.646903360804174,2.6482832,2.7909415,0.14265823,3.1044807,2.4869988,-0.61748195
gdb_116622,CCN=C1OCC2CN12,CCNC1OCC2CN21,2.6493533608041844,2.4906638,2.827593,0.33692932,2.7193959,1.6225164,-1.0968795
gdb_116655,COC=NC(C)C1CN1,COCNC(C)C1CN1,2.924991301741158,2.6950324,3.031397,0.33636475,1.8273221,0.9637992,-0.86352295
gdb_116690,COC=NC12CC1OC2,COCNC12COC1C2,0.5802446055687938,0.35383815,0.70822734,0.3543892,0.44241074,0.7095085,0.26709774
gdb_116698,COC=NC1C2COC12,COCNC1C2COC21,0.5846586055687908,0.38431376,0.8301031,0.44578934,0.37575045,0.4910756,0.11532515
gdb_116705,CCN=CN1CC1C#N,CCNCN1CC1C#N,3.9250976151650434,3.6326354,4.0109615,0.37832618,2.8218615,3.0221052,0.20024371
gdb_116779,COC=NCC1(C)CN1,COCNCC1(C)CN1,2.9262083017411555,2.6824934,3.09178,0.4092865,1.824753,0.88560706,-0.939146
gdb_116786,COC=NCC1CN1C,COCNCC1CN1C,2.938313301741175,2.639643,3.003565,0.36392212,2.5079467,1.2129301,-1.2950166
gdb_116787,COC=NCC1NC1C,COCNCC1NC1C,2.9270983017411822,2.6823676,3.0580847,0.37571716,1.9032079,0.99394125,-0.90926665
gdb_116807,CCN=COCC1CN1,CCNCOCC1CN1,2.926082301741189,2.7272742,2.9866354,0.25936127,1.8817811,1.2941651,-0.58761597
gdb_116811,COC=NCCN1CC1,COCNCCN1CC1,2.934593301741188,2.7183974,3.066172,0.3477745,2.4022825,1.3221377,-1.0801448
gdb_117196,CCNC(=O)C1(C)CN1,CCNC(O)C1(C)CN1,2.869374301741175,2.740206,3.0032256,0.26301956,2.1659787,1.4043249,-0.7616538
gdb_117200,CCOC(=N)C1(C)CN1,CCOC(N)C1(C)CN1,2.8968823017411864,2.569506,2.8863013,0.31679535,2.1167223,1.3302186,-0.7865038
gdb_117204,CCOC(=O)C1(C)CN1,CCOC(O)C1(C)CN1,0.7504005465057162,0.61079234,0.95888346,0.34809113,0.734096,0.14412557,-0.5899704
gdb_117214,CC1CN1C(=O)CCO,CC1CN1C(O)CCO,0.7721185465057374,0.646475,1.1216414,0.47516638,0.81477344,0.5312689,-0.28350455
gdb_117222,CCCC(=O)N1CC1C,CCCC(O)N1CC1C,1.1727360569765324,0.99160975,1.4632132,0.47160345,1.0980527,1.182817,0.08476424
gdb_117225,CCNC(=O)C1CN1C,CCNC(O)C1CN1C,2.884139301741186,2.774851,3.0067847,0.2319336,2.7105792,1.5944494,-1.1161298
gdb_117226,CCNC(=O)C1NC1C,CCNC(O)C1NC1C,2.876871301741176,2.7690146,3.0351202,0.26610565,2.3273525,1.5813123,-0.7460402
gdb_117228,CCNC(=O)N1CC1C,CCNC(O)N1CC1C,2.8696833017411905,2.6404212,3.0647185,0.42429733,2.9418783,1.5889432,-1.3529351
gdb_117231,CCOC(=N)C1CN1C,CCOC(N)C1CN1C,2.9117513017411625,2.7329543,2.8892424,0.15628815,2.7160146,1.0321254,-1.6838893
gdb_117232,CCOC(=N)C1NC1C,CCOC(N)C1NC1C,2.8968543017412003,2.7251456,2.915377,0.19023132,2.079072,1.50712,-0.571952
gdb_117236,CCOC(=O)C1CN1C,CCOC(O)C1CN1C,0.7647405465057204,0.7200796,0.9710104,0.2509308,0.6858538,0.96790844,0.28205466
gdb_117237,CCOC(=O)C1NC1C,CCOC(O)C1NC1C,0.7568975465057406,0.7161047,0.9940359,0.2779312,0.73925674,0.5572014,-0.18205535
gdb_117239,CCOC(=O)N1CC1C,CCOC(O)N1CC1C,0.7499405465057407,0.5765402,1.026335,0.44979483,0.8494296,1.1527168,0.30328715
gdb_117246,COCC(=O)N1CC1C,COCC(O)N1CC1C,0.7851295465057433,0.58208674,1.0407431,0.45865637,0.69116575,1.1380544,0.44688863
gdb_117364,CCNC(=O)CC1CN1,CCNC(O)CC1CN1,2.879437301741177,2.5662901,2.9800742,0.41378403,2.1296325,1.7553986,-0.37423384
gdb_117366,CCNC(=O)CN1CC1,CCNC(O)CN1CC1,2.883964301741173,2.7056067,3.045519,0.3399124,2.5833967,1.706692,-0.8767047
gdb_117370,CCOC(=N)CC1CN1,CCOC(N)CC1CN1,2.9046923017411928,2.599272,2.865866,0.26659393,1.9991415,1.7008764,-0.2982651
gdb_117372,CCOC(=N)CN1CC1,CCOC(N)CN1CC1,2.9107803017411698,2.7404845,2.935053,0.19456863,2.3369055,0.98597693,-1.3509285
gdb_117375,CCOC(=O)CC1CN1,CCOC(O)CC1CN1,0.7607035465057379,0.5635931,0.9539816,0.3903885,0.5921601,0.57391715,-0.018242955
gdb_117377,CCOC(=O)CN1CC1,CCOC(O)CN1CC1,0.7701305465057544,0.701708,1.0213912,0.31968313,0.6302088,0.88840437,0.25819558
gdb_117493,CCOC(=NC)C1CN1,CCOC(NC)C1CN1,2.9109523017411902,2.7129653,3.0885947,0.37562943,1.9258877,1.2212609,-0.7046268
gdb_118815,CC1(CCO)CN1C=O,CC1(CCO)CN1CO,0.7795085465057241,0.8048269,1.2369711,0.43214422,0.77131706,0.3784657,-0.39285135
gdb_118819,CCCC1(C)CN1C=O,CCCC1(C)CN1CO,1.1786600569765824,1.1407149,1.5730193,0.43230438,1.0827856,0.9832542,-0.09953141
gdb_118825,COCC1(C)CN1C=O,COCC1(C)CN1CO,0.7854915465057388,0.7403509,1.1793692,0.4390183,0.71903795,1.0181918,0.29915386
gdb_119116,CCCC1(CN1)C(N)=O,CCCC1(C(N)O)CN1,2.867547301741183,2.6991446,2.8472235,0.14807892,2.281124,2.0275989,-0.25352526
gdb_119123,C[NH2+]CC1(CN1)C([O-])=O,C[NH2+]CC1(C([O-])O)CN1,2.4735887912703447,2.5454047,1.8308432,-0.71456146,2.4904082,1.040304,-1.4501042
gdb_119128,COCC1(CN1)C(N)=O,COCC1(C(N)O)CN1,2.479430791270317,2.2947485,2.4455817,0.15083313,1.9996461,0.8067981,-1.192848
gdb_119132,NC(=O)C1(CCO)CN1,NC(O)C1(CCO)CN1,2.4644997912703275,2.3617003,2.51079,0.14908981,2.4534934,1.3299526,-1.1235408
gdb_119135,[NH3+]CCC1(CN1)C([O-])=O,[NH3+]CCC1(C([O-])O)CN1,2.468494791270359,2.071623,1.3561957,-0.7154274,2.9966445,1.8687341,-1.1279104
gdb_119439,CCCC12CC1C(=O)O2,CCCC12CC1C(O)O2,-1.1918876391957838,-1.0827539,-0.963209,0.11954492,-0.95423216,-0.76785475,0.1863774
gdb_119447,COCC12CC1C(=O)O2,COCC12CC1C(O)O2,-1.5817891496665766,-1.4913194,-1.3661706,0.12514877,-1.5016062,-1.3893998,0.11220646
gdb_119454,OCCC12CC1C(=O)O2,OCCC12CC1C(O)O2,-1.5920611496665629,-1.4220254,-1.2996004,0.12242508,-1.3254126,-1.2212675,0.10414517
gdb_119537,CCCC12CC1OC2=O,CCCC12CC1OC2O,-1.1876056391957943,-1.1608942,-0.9255808,0.23531336,-0.9275165,-0.76267785,0.16483867
gdb_119542,CCNC12CC1OC2=O,CCNC12CC1OC2O,0.5329726055688297,0.44200724,0.66846675,0.2264595,0.81858313,1.1840391,0.36545599
gdb_119546,CCOC12CC1OC2=O,CCOC12CC1OC2O,-1.5813861496665709,-1.5717065,-1.3380525,0.23365402,-1.2584311,-1.1561017,0.10232937
gdb_119550,COCC12CC1OC2=O,COCC12CC1OC2O,-1.5781011496665656,-1.5607812,-1.3208368,0.23994446,-1.3391231,-1.2649162,0.07420695
gdb_119557,OCCC12CC1OC2=O,OCCC12CC1OC2O,-1.5882521496665731,-1.4988534,-1.2620981,0.23675537,-1.3255259,-1.1838582,0.14166772
gdb_119751,CCCC1=CC(=O)CC1,CCCC1CCC(O)C1,-0.8664280428366737,-1.0173433,-0.1635645,0.8537788,-0.89781624,-0.23036633,0.6674499
gdb_119752,CCCC1=CC(=O)NC1,CCCC1CNC(O)C1,0.8285872019279736,0.69408625,1.3839133,0.689827,1.0372239,1.1453668,0.10814285
gdb_119755,CCNC1=CC(=O)CC1,CCNC1CCC(O)C1,0.8347412019279545,0.9152166,1.4323981,0.51718146,0.6985966,-0.24916781,-0.9477644
gdb_119756,CCNC1=CC(=O)NC1,CCNC1CNC(O)C1,2.5361574466925845,2.7065604,2.9798567,0.27329636,2.6654105,2.3348558,-0.33055472
gdb_119761,COCC1=CC(=O)CC1,COCC1CCC(O)C1,-1.2585065533074271,-1.4522455,-0.57520086,0.8770446,-1.3207695,-0.6279167,0.69285285
gdb_119762,COCC1=CC(=O)NC1,COCC1CNC(O)C1,0.4373886914572154,0.24856013,0.9705908,0.72203064,0.26731947,0.6409912,0.37367174
gdb_119765,C1CC(=O)C=C1CCO,OCCC1CCC(O)C1,-1.2664615533074084,-1.3707407,-0.5050562,0.86568445,-0.8760591,-0.66647935,0.20957977
gdb_119766,C1C(=CC(=O)N1)CCO,OCCC1CNC(O)C1,0.4283286914571818,0.3392622,1.0423949,0.7031327,0.5946792,0.7489701,0.15429091
gdb_119809,CCCC1=NCC(=N)N1,CCCC1NCC(N)N1,4.668473201927952,4.687563,4.863344,0.17578125,3.3992414,2.7388844,-0.660357
gdb_119811,CCCC1=NCC(=O)O1,CCCC1NCC(O)O1,0.4057816914572072,0.77340907,0.96635264,0.19294357,0.65095705,0.9280895,0.27713245
gdb_119813,CCOC1=NCC(=N)N1,CCOC1NCC(N)N1,4.256231691457174,4.2395954,4.481386,0.24179077,4.1086717,2.1672466,-1.9414251
gdb_119819,COCC1=NCC(=N)N1,COCC1NCC(N)N1,4.284434691457193,4.28034,4.4413013,0.16096115,3.5854716,1.6997849,-1.8856868
gdb_119821,COCC1=NCC(=O)O1,COCC1NCC(O)O1,0.0201121809864162,0.36606425,0.54333705,0.1772728,0.21154322,-0.80001116,-1.0115544
gdb_119825,OCCC1=NCC(=N)N1,NC1CNC(CCO)N1,4.267635691457201,4.340685,4.5205173,0.17983246,3.255361,2.1522582,-1.1031029
gdb_119827,C1C(=O)OC(=N1)CCO,OCCC1NCC(O)O1,0.005706180986408,0.42685908,0.6247961,0.19793701,0.26225075,-0.1597014,-0.42195216
gdb_119856,CCCC1=CCCC1=O,CCCC1CCCC1O,-0.8667160428366287,-0.9437159,-0.1576441,0.7860718,-0.8887902,-0.24347562,0.6453146
gdb_119857,CCCC1=CCNC1=O,CCCC1CCNC1O,0.826640201927944,0.64222544,1.4136794,0.7714539,1.1251111,1.1508936,0.025782466
gdb_119863,COCC1=CCCC1=O,COCC1CCCC1O,-1.2589285533074417,-1.3789766,-0.5755823,0.80339426,-1.3037064,-0.62136745,0.68233895
gdb_119864,COCC1=CCNC1=O,COCC1CCNC1O,0.4348506914571999,0.21022242,0.99588984,0.7856674,0.38913175,0.4943209,0.105189145
gdb_119867,C1CC(=O)C(=C1)CCO,OCCC1CCCC1O,-1.268160553307439,-1.2950952,-0.5003565,0.7947387,-0.7889186,-0.6768879,0.112030685
gdb_119868,C1C=C(C(=O)N1)CCO,OCCC1CCNC1O,0.4252296914571616,0.29081553,1.0709822,0.7801667,0.7506819,0.73657554,-0.014106333
gdb_119949,CC1C(CCO)N1C=O,CC1C(CCO)N1CO,0.7810755465057468,0.69252604,1.2456,0.55307394,0.9078876,0.5929358,-0.31495178
gdb_119951,CCCC1C(C)N1C=O,CCCC1C(C)N1CO,1.1812390569765512,1.0345862,1.5884802,0.55389404,1.1129435,1.0868635,-0.026080012
gdb_119959,COCC1C(C)N1C=O,COCC1C(C)N1CO,0.7897985465057218,0.62441844,1.1713889,0.5469704,0.760914,0.9651206,0.20420659
gdb_120115,CCCC1C2OC(=O)C12,CCCC1C2OC(O)C12,-1.1844556391957894,-1.1054742,-0.8938044,0.21166986,-0.95745105,-0.6458932,0.31155783
gdb_120120,CCOC1C2OC(=O)C12,CCOC1C2OC(O)C12,-1.581256149666558,-1.5167902,-1.3138025,0.20298767,-1.2151643,-1.0339855,0.18117881
gdb_120126,COCC1C2OC(=O)C12,COCC1C2OC(O)C12,-1.5760011496665811,-1.5194147,-1.3093431,0.21007156,-1.3074656,-1.213368,0.094097495
gdb_120132,OCCC1C2OC(=O)C12,OCCC1C2OC(O)C12,-1.58479014966656,-1.4483621,-1.2366922,0.21166992,-1.1975981,-1.0509288,0.14666927
gdb_120355,CCCC1N=CNC1=N,CCCC1NCNC1N,4.67626420192795,4.4769,4.8550854,0.37818527,3.5576222,2.704278,-0.8533442
gdb_120357,CCCC1N=COC1=O,CCCC1NCOC1O,0.4162186914571748,0.62761515,0.9653036,0.33768845,0.6468568,0.87601644,0.22915965
gdb_120359,CCCN1C=NCC1=N,CCCN1CNCC1N,4.676421201927951,4.5764904,4.856722,0.28023148,3.1594174,2.3742313,-0.78518605
gdb_120365,COCC1N=CNC1=N,COCC1NCNC1N,4.288090691457171,4.066225,4.433523,0.36729813,3.5721757,1.7142509,-1.8579248
gdb_120367,COCC1N=COC1=O,COCC1NCOC1O,0.0269861809863982,0.21811122,0.54359263,0.3254814,0.08475128,-0.8362314,-0.9209827
gdb_120370,OCCC1N=CNC1=N,NC1NCNC1CCO,4.275794691457179,4.1333103,4.512186,0.37887573,3.4919467,2.0938606,-1.3980861
gdb_120372,OCCC1N=COC1=O,OCCC1NCOC1O,0.0162811809864251,0.28417414,0.62242717,0.33825302,0.27785134,-0.17783076,-0.4556821
gdb_120374,OCCN1C=NCC1=N,NC1CNCN1CCO,4.274071691457209,4.2370586,4.5255375,0.28847885,2.7913895,1.8513857,-0.94000375
gdb_120425,CCCC1CC(=O)C=C1,CCCC1CCC(O)C1,-0.8582290428366264,-0.9054392,-0.16354924,0.74188995,-0.88908064,-0.23036633,0.6587143
gdb_120426,CCCC1NC(=O)C=C1,CCCC1CCC(O)N1,0.8325532019279649,0.7006437,1.4544394,0.7537957,0.94077176,1.1454412,0.20466942
gdb_120428,CCOC1CC(=O)C=C1,CCOC1CCC(O)C1,-1.2568165533074307,-1.3034799,-0.5286501,0.7748298,-1.3955876,-0.57005715,0.8255304
gdb_120432,COCC1CC(=O)C=C1,COCC1CCC(O)C1,-1.253372553307429,-1.3284891,-0.57520086,0.7532882,-1.3870348,-0.6279167,0.7591181
gdb_120433,COCC1NC(=O)C=C1,COCC1CCC(O)N1,0.4382806914571802,0.28430766,1.0314543,0.74714667,0.17169267,0.63191706,0.4602244
gdb_120436,OCCC1CC(=O)C=C1,OCCC1CCC(O)C1,-1.2580415533074074,-1.2470987,-0.5050562,0.7420425,-1.0131693,-0.66647935,0.34668994
gdb_120437,OCCC1NC(=O)C=C1,OCCC1CCC(O)N1,0.4329166914571942,0.35756892,1.1122916,0.75472265,0.5187698,0.76825184,0.24948204
gdb_120693,CC(=O)N1CC1CCO,CC(O)N1CC1CCO,0.766264546505738,0.77781886,1.0535605,0.27574164,0.7688651,0.5609441,-0.20792103
gdb_120696,CCCC1CN1C(C)=O,CCCC1CN1C(C)O,1.1725380569765775,1.1194746,1.3961318,0.2766571,1.0980527,1.1781294,0.080076694
gdb_120697,CCCC1CN1C(N)=O,CCCC1CN1C(N)O,2.866776301741197,2.5884573,2.8931906,0.30473328,3.5137503,1.6689414,-1.8448089
gdb_120699,CCCC1NC1C(N)=O,CCCC1NC1C(N)O,2.875065301741188,2.7227576,2.9077094,0.18495178,2.5304015,2.171137,-0.35926437
gdb_120703,CCCN1CC1C(N)=O,CCCN1CC1C(N)O,2.880039301741192,2.7207892,2.9000723,0.17928314,2.5986137,1.6667585,-0.9318552
gdb_120708,C[NH2+]CC1NC1C([O-])=O,C[NH2+]CC1NC1C([O-])O,2.4694837912703638,2.4291632,1.7607367,-0.6684265,2.416308,1.4036373,-1.0126706
gdb_120712,COCC1CN1C(C)=O,COCC1CN1C(C)O,0.78329654650571,0.7041113,0.9749777,0.2708664,0.7438329,1.1412868,0.39745396
gdb_120713,COCC1CN1C(N)=O,COCC1CN1C(N)O,2.477215791270339,2.1731284,2.4720137,0.29888535,2.1897519,0.44146916,-1.7482827
gdb_120715,COCC1NC1C(N)=O,COCC1NC1C(N)O,2.482372791270336,2.3005278,2.4846785,0.1841507,1.8073038,0.8588371,-0.94846666
gdb_120719,NC(=O)C1CN1CCO,NC(O)C1CN1CCO,2.4783737912703714,2.3857977,2.5688498,0.18305206,1.7183509,0.6467723,-1.0715785
gdb_120720,NC(=O)C1NC1CCO,NC(O)C1NC1CCO,2.475414791270339,2.3798697,2.5648406,0.18497086,2.5353658,1.3119051,-1.2234607
gdb_120722,NC(=O)N1CC1CCO,NC(O)N1CC1CCO,2.460359791270321,2.2468855,2.550543,0.30365753,2.2260153,0.6467723,-1.579243
gdb_120724,[NH3+]CCC1NC1C([O-])=O,[NH3+]CCC1NC1C([O-])O,2.4656397912703483,2.076235,1.407984,-0.66825104,2.9670436,1.8834122,-1.0836314
gdb_120726,[NH3+]CCN1CC1C([O-])=O,[NH3+]CCN1CC1C([O-])O,2.4751087912703724,2.084738,1.4014113,-0.6833267,1.9399261,1.1847018,-0.75522435
gdb_121010,CCCC1CC=CC1=O,CCCC1CCCC1O,-0.8590110428366415,-0.7945116,-0.1576441,0.6368675,-0.87978005,-0.24347562,0.63630444
gdb_121011,CCCN1CC=CC1=O,CCCN1CCCC1O,0.8350482019279752,0.82505244,1.5166495,0.69159704,0.8789449,1.2125536,0.33360875
gdb_121012,CCOC1CC=CC1=O,CCOC1CCCC1O,-1.2556915533074289,-1.1846902,-0.5612429,0.62344736,-1.3214349,-0.5840779,0.73735696
gdb_121014,COCC1CC=CC1=O,COCC1CCCC1O,-1.25177355330743,-1.2106836,-0.5755823,0.63510126,-1.3584738,-0.62136745,0.7371063
gdb_121015,OCCC1CC=CC1=O,OCCC1CCCC1O,-1.2601105533074133,-1.1360757,-0.5003374,0.6357383,-1.0192218,-0.6768879,0.34233385
gdb_121016,C1C=CC(=O)N1CCO,OCCN1CCCC1O,0.4321846914571665,0.48325938,1.1854384,0.702179,0.20748053,0.79581004,0.5883295
gdb_121036,CCCC1CNC(=O)O1,CCCC1CNC(O)O1,0.7054285465057433,0.67461604,0.9465658,0.27194977,1.5081702,0.9280895,-0.58008075
gdb_121040,CCCC1COC(=O)N1,CCCC1COC(O)N1,0.7086145465057143,0.58966273,0.9054586,0.3157959,1.4885392,0.97471046,-0.51382875
gdb_121050,CCOC1CNC(=O)O1,CCOC1CNC(O)O1,0.2980880360349829,0.23909587,0.5292608,0.29016495,0.38358122,-0.5845752,-0.9681564
gdb_121063,COCC1CNC(=O)O1,COCC1CNC(O)O1,0.316299036034934,0.2547323,0.52252406,0.26779175,0.36722898,-0.78864914,-1.1558781
gdb_121067,COCC1COC(=O)N1,COCC1COC(O)N1,0.3140800360349658,0.17201442,0.4821455,0.31013107,0.37641802,-0.7798415,-1.1562595
gdb_121078,OCCC1CNC(=O)O1,OCCC1CNC(O)O1,0.3052540360349667,0.33260554,0.60373896,0.27113342,0.703352,-0.14769277,-0.8510448
gdb_121082,OCCC1COC(=O)N1,OCCC1COC(O)N1,0.3092530360349315,0.24819392,0.56329936,0.31510544,0.6992106,-0.14441812,-0.8436287
gdb_121316,CCCN1CCOC1=O,CCCN1CCOC1O,0.7124285465057483,0.58951396,1.0688498,0.47933584,0.99629873,0.8347744,-0.16152436
gdb_121344,C1COC(=O)N1CCO,OCCN1CCOC1O,0.3100220360349794,0.24775141,0.7376959,0.48994446,0.07013677,-1.0909421,-1.1610789
gdb_121453,CCCN=C1CN=CN1,CCCNC1CNCN1,4.682782201927978,4.6296597,4.97381,0.34415054,3.3000293,2.267574,-1.0324552
gdb_121454,C1C(=NCCO)NC=N1,OCCNC1CNCN1,4.2776346914571945,4.2854443,4.6518803,0.366436,3.3494518,1.7465246,-1.6029272
gdb_121501,CCOC=NCC1CN1,CCOCNCC1CN1,2.9253473017411693,2.7292616,3.020754,0.29149246,1.8811536,1.2756593,-0.60549426
gdb_121643,CCCCC(=O)N1CC1,CCCCC(O)N1CC1,1.177884056976552,1.0171874,1.5263312,0.5091438,1.0699881,1.2370356,0.1670475
gdb_121645,CCCNC(=O)C1CN1,CCCNC(O)C1CN1,2.8739053017411607,2.7221625,3.0065062,0.28434372,2.1961317,1.8302814,-0.36585033
gdb_121647,CCCNC(=O)N1CC1,CCCNC(O)N1CC1,2.8731533017411834,2.6362288,3.1277258,0.49149704,2.8848786,1.7289785,-1.1559001
gdb_121649,CCCOC(=O)C1CN1,CCCOC(O)C1CN1,0.7556675465057197,0.7195112,0.96723384,0.24772263,0.7695617,0.46732804,-0.30223367
gdb_121651,CCCOC(=O)N1CC1,CCCOC(O)N1CC1,0.7557185465057046,0.6170446,1.1004431,0.4833985,0.86381555,0.84972906,-0.014086485
gdb_121655,CCOCC(=O)N1CC1,CCOCC(O)N1CC1,0.7850935465057205,0.6188871,1.098593,0.47970587,0.64991903,0.87753624,0.2276172
gdb_121659,COCCC(=O)N1CC1,COCCC(O)N1CC1,0.7846845465057299,0.6073591,1.1233923,0.51603323,0.5459282,0.68792105,0.14199287
gdb_121663,C1CN1C(=O)CCCO,OCCCC(O)N1CC1,0.7780155465057419,0.6940481,1.2061522,0.5121041,0.92342067,0.568101,-0.35531968
gdb_121665,OCCNC(=O)C1CN1,OCCNC(O)C1CN1,2.471166791270321,2.3909018,2.6845763,0.29367447,2.023488,1.2013824,-0.82210565
gdb_121667,C1CN1C(=O)NCCO,OCCNC(O)N1CC1,2.4705597912703183,2.3050482,2.8057425,0.5006943,2.0359168,0.6801853,-1.3557315
gdb_121669,OCCOC(=O)C1CN1,OCCOC(O)C1CN1,0.3547580360349798,0.36773127,0.6375372,0.2698059,0.39367115,-0.12870441,-0.5223756
gdb_121671,C1CN1C(=O)OCCO,OCCOC(O)N1CC1,0.3539360360349519,0.26195735,0.7707769,0.5088196,0.04545279,-1.0687977,-1.1142505
gdb_122489,CCCCC1CN1C=O,CCCCC1CN1CO,1.184335056976579,1.071646,1.5907881,0.51914215,1.0094819,1.151904,0.14242208
gdb_122495,CCOCC1CN1C=O,CCOCC1CN1CO,0.7893605465057476,0.64879054,1.1620352,0.5132447,0.59248835,0.8584324,0.26594406
gdb_122499,COCCC1CN1C=O,COCCC1CN1CO,0.7916955465057072,0.6694891,1.1872962,0.51780707,0.51498646,0.75906825,0.2440818
gdb_122504,OCCCC1CN1C=O,OCCCC1CN1CO,0.7841905465057266,0.75142497,1.2707312,0.51930624,0.7937715,0.6072485,-0.18652302
gdb_123823,c1c2c(on1)CCC=C2,c1noc2c1CCCC2,-1.2656809815884458,-0.6637258,-0.5722936,0.091432214,-1.2754314,-0.7984082,0.47702318
gdb_123834,C1Cc2c([nH]nn2)C=C1,C1CCc2[nH]nnc2C1,2.5486600184115678,2.2071488,2.2889812,0.08183241,1.7607687,2.769946,1.0091774
gdb_123840,c1c2c(n[nH]1)C=CCC2,c1[nH]nc2c1CCCC2,0.8245457736469461,0.8033983,0.8818006,0.07840228,0.61138463,1.1012752,0.48989058
gdb_123842,c1c2c(no1)C=CCC2,c1onc2c1CCCC2,-1.2663449815884746,-0.5869693,-0.5372903,0.04967904,-1.2923626,-0.7984082,0.49395436
gdb_123844,c1nc2n(n1)C=CCC2,c1nc2n(n1)CCCC2,2.5226080184115176,2.2589688,2.5943148,0.33534598,2.2939808,2.976559,0.6825781
gdb_123966,c1c2c([nH]n1)CN=CN2,c1n[nH]c2c1NCNC2,4.244350263176159,3.910003,4.277245,0.3672421,4.114762,3.6531584,-0.4616034
gdb_123975,C1c2c(non2)NC=N1,C1NCc2nonc2N1,3.881981752705372,4.535448,4.9080563,0.37260818,3.9546494,3.8043554,-0.15029407
gdb_123980,C1c2c(nn[nH]2)OC=N1,C1NCc2[nH]nnc2O1,3.854619752705389,3.6063879,3.7289746,0.12258673,3.9261248,3.7320814,-0.1940434
gdb_124001,c1c2c([nH]n1)C=CCN2,c1n[nH]c2c1NCCC2,2.5499560184115357,2.2291954,2.3693724,0.14017701,2.0784326,2.747274,0.66884136
gdb_124007,c1c2c(n[nH]1)C=CCN2,c1[nH]nc2c1NCCC2,2.5487410184115333,2.2291977,2.369375,0.14017725,2.0784326,2.746467,0.66803455
gdb_124017,c1c2c(on1)N=CNC2,c1noc2c1CNCN2,2.1437185079407755,2.6506233,2.8629398,0.21231651,2.361512,1.6940651,-0.66744685
gdb_124049,c1c2c(no1)OCC=C2,c1onc2c1CCCO2,-1.6632124920592446,-0.7777019,-0.9944418,-0.2167399,-1.817581,-1.1503221,0.667259
gdb_124056,C1c2c([nH]nn2)N=CO1,C1Nc2[nH]nnc2CO1,3.84891275270536,3.3623936,3.3246894,-0.03770423,3.9005718,3.799946,-0.10062575
gdb_124062,c1c2c(no1)COC=N2,c1onc2c1NCOC2,0.0370197527053619,0.5418944,0.42032462,-0.12156975,0.03210339,0.008661789,-0.023441602
gdb_124064,C1c2c(n[nH]n2)N=CO1,C1Nc2n[nH]nc2CO1,3.844509752705392,3.3623993,3.3246872,-0.037712097,3.3747883,3.799946,0.4251578
gdb_124066,C1c2c(non2)N=CO1,C1Nc2nonc2CO1,1.7724399974699736,2.5597904,2.4719527,-0.087837696,1.790303,2.1214395,0.33113647
gdb_124207,CC(=N)Nc1c[nH]nn1,CC(N)Nc1c[nH]nn1,6.219993448877688,5.6338387,5.277893,-0.3559456,5.7419353,6.026963,0.28502798
gdb_124218,CC(=N)Nc1cnon1,CC(N)Nc1cnon1,4.133572693642293,4.688084,4.3328104,-0.35527372,4.0303893,4.7313213,0.700932
gdb_124224,CC(=N)OC1=CNN=N1,CC(N)Oc1c[nH]nn1,4.101970693642329,3.7157233,3.1543863,-0.561337,3.826743,4.791705,0.96496224
gdb_124234,CC(=N)OC1=NON=C1,CC(N)Oc1cnon1,2.026206938406915,2.7687752,2.2056525,-0.56312275,1.9253744,3.6634438,1.7380694
gdb_124238,Cc1c([nH]nn1)C(=O)C,Cc1nn[nH]c1C(C)O,2.3734114488776754,1.6648583,1.6433005,-0.021557808,1.3061315,2.1916895,0.885558
gdb_124241,Cc1c(nn[nH]1)C(=O)C,Cc1[nH]nnc1C(C)O,2.367313448877667,1.6648574,1.6432991,-0.021558285,1.3072436,2.1916895,0.8844459
gdb_124246,CC(=O)c1c(nn[nH]1)N,CC(O)c1[nH]nnc1N,4.076842693642334,3.442395,3.392838,-0.04955697,3.6105187,3.983851,0.37333226
gdb_124293,Cc1c(non1)C(=O)C,Cc1nonc1C(C)O,0.293254693642325,0.8687863,0.8618986,-0.0068876743,0.21034768,0.6850874,0.4747397
gdb_124294,CC(=O)c1c(non1)N,CC(O)c1nonc1N,1.9986669384069276,2.608202,2.5797057,-0.028496265,1.7172238,2.6137598,0.896536
gdb_124295,CC(=O)c1c(non1)O,CC(O)c1nonc1O,-0.1086198168284795,0.35461038,0.33166522,-0.022945166,-0.01897788,0.99937737,1.0183553
gdb_124322,Cc1cn(nn1)C(=O)C,Cc1cn(C(C)O)nn1,2.365648448877721,2.232183,2.14624,-0.08594298,1.8019217,2.0062823,0.2043606
gdb_124324,CC(=O)n1cc(nn1)N,CC(O)n1cc(N)nn1,4.077694693642286,3.7664042,3.6907625,-0.07564163,3.8673396,4.495113,0.6277733
gdb_124325,CC(=O)n1cc(nn1)O,CC(O)n1cc(O)nn1,1.9594389384069475,1.5426769,1.4629545,-0.079722404,1.3619914,3.4887078,2.1267164
gdb_124351,Cc1cnnn1C(=O)C,Cc1cnnn1C(C)O,2.366750448877667,1.6615939,1.7520003,0.09040642,2.110335,1.7796496,-0.3306855
gdb_124352,CC(=O)n1c(cnn1)N,CC(O)n1nncc1N,4.074466693642307,3.3695993,3.4488208,0.07922149,3.5723677,3.3871293,-0.18523836
gdb_124361,CC(=O)Nc1c[nH]nn1,CC(O)Nc1c[nH]nn1,4.066729693642287,3.4203017,3.052951,-0.36735058,4.0931077,4.6780677,0.58496
gdb_124371,CC(=O)Nc1cnon1,CC(O)Nc1cnon1,1.990522938406912,2.4745424,2.1078503,-0.36669207,2.2619035,3.9140882,1.6521847
gdb_124377,CC(=O)Oc1c[nH]nn1,CC(O)Oc1c[nH]nn1,1.9572379384069336,1.6070535,0.9069745,-0.700079,1.832424,3.8814662,2.0490422
gdb_124386,CC(=O)Oc1cnon1,CC(O)Oc1cnon1,-0.1177378168284803,0.6600923,-0.041769564,-0.70186186,0.10845864,1.5201724,1.4117137
gdb_124945,Cc1c(n(nn1)C=O)C,Cc1nnn(CO)c1C,2.3795404488777194,1.8237374,2.3714457,0.5477083,-3.0462558,1.98888,5.0351357
gdb_125033,Cc1c(n(nn1)C=O)N,Cc1nnn(CO)c1N,4.093505693642328,3.4175003,3.9777906,0.56029034,2.2017822,1.9324584,-0.26932383
gdb_125035,Cc1c(nnn1C=O)N,Cc1c(N)nnn1CO,4.091837693642333,3.547537,4.0949354,0.5473983,2.2422009,1.9324584,-0.30974245
gdb_125056,Cc1c(nn[nH]1)N=CN,Cc1[nH]nnc1NCN,6.20637544887768,4.8890233,5.4248033,0.53577995,6.0309563,5.3085365,-0.72241974
gdb_125057,Cc1c(nn[nH]1)C(=N)N,Cc1[nH]nnc1C(N)N,6.199533448877673,5.0380654,5.558776,0.52071047,5.167989,4.815044,-0.35294485
gdb_125069,Cc1c(nn[nH]1)NC=N,Cc1[nH]nnc1NCN,6.215464448877697,5.2096195,5.4248047,0.21518517,6.0519695,5.3085365,-0.743433
gdb_125075,Cc1c(nn[nH]1)NC=O,Cc1[nH]nnc1NCO,4.072685693642313,3.1217442,3.2626088,0.14086461,3.9283195,3.856651,-0.07166839
gdb_125078,Cc1c([nH]nn1)NC=O,Cc1nn[nH]c1NCO,4.072486693642304,3.121742,3.2626126,0.14087057,3.8646631,3.8018591,-0.06280398
gdb_125095,Cc1c([nH]nn1)C(=O)N,Cc1nn[nH]c1C(N)O,4.065180693642333,3.013223,3.1915936,0.17837071,3.606353,2.9240468,-0.6823063
gdb_125101,CC1=C(NN=N1)OC=N,Cc1nn[nH]c1OCN,4.105244693642305,3.535144,3.2720942,-0.26304984,3.4227746,3.8674302,0.44465566
gdb_125102,Cc1c([nH]nn1)OC=O,Cc1nn[nH]c1OCO,1.972220938406906,1.4657335,1.0314729,-0.4342606,2.2240918,2.1532292,-0.07086253
gdb_125116,Cc1c(nnn1C=O)O,Cc1c(O)nnn1CO,1.972404938406896,1.3260424,1.8741236,0.54808116,-0.54534,1.1078801,1.6532202
gdb_125128,CC1=C(OC=N)N=NN1,Cc1[nH]nnc1OCN,4.106713693642291,3.535137,3.2720907,-0.26304626,3.6724095,3.8928971,0.2204876
gdb_125134,Cc1c(nn[nH]1)OC=O,Cc1[nH]nnc1OCO,1.9651519384069047,1.4657345,1.0314772,-0.43425727,2.3266146,2.2165618,-0.110052824
gdb_125325,Cc1cn(nn1)C(=O)N,Cc1cn(C(N)O)nn1,4.055430693642279,3.649618,3.7780447,0.12842679,3.8320162,2.1759999,-1.6560163
gdb_125352,Cc1cnnn1C(=O)N,Cc1cnnn1C(N)O,4.055986693642296,3.1026094,3.3515873,0.2489779,3.381569,2.0507731,-1.3307958
gdb_125828,Cc1c(non1)C(=N)N,Cc1nonc1C(N)N,4.12383569364232,4.225871,4.777399,0.551528,3.2264612,3.2440743,0.017613173
gdb_125829,Cc1c(non1)C(=O)N,Cc1nonc1C(N)O,1.9802229384069392,2.1992664,2.4109037,0.21163726,1.7088422,1.4581151,-0.25072706
gdb_125838,Cc1c(non1)N=CN,Cc1nonc1NCN,4.125392693642311,4.0637884,4.55575,0.49196148,2.3635669,4.13185,1.7682829
gdb_125839,Cc1c(non1)NC=N,Cc1nonc1NCN,4.142461693642304,4.3370576,4.555749,0.21869135,3.7016551,4.13185,0.43019462
gdb_125840,Cc1c(non1)NC=O,Cc1nonc1NCO,2.0016009384069093,2.2491915,2.3933394,0.14414787,2.3184872,2.159849,-0.15863824
gdb_125841,CC1=NON=C1OC=N,Cc1nonc1OCN,2.027765938406901,2.6904306,2.4183178,-0.27211285,2.1228216,2.0411289,-0.081692696
gdb_125842,Cc1c(non1)OC=O,Cc1nonc1OCO,-0.1119418168284482,0.6210256,0.17770547,-0.44332016,-0.09329586,0.29444215,0.387738
gdb_126121,CCC(=O)c1c[nH]nn1,CCC(O)c1c[nH]nn1,2.377472448877711,1.5693519,1.8631656,0.2938137,1.4916277,2.471061,0.9794333
gdb_126129,CCC(=O)c1cnon1,CCC(O)c1cnon1,0.3039096936423107,0.7028076,0.9425935,0.23978591,0.6853764,1.1020645,0.41668808
gdb_126132,CCC(=O)n1ccnn1,CCC(O)n1ccnn1,2.3741164488777144,1.8459756,1.9724686,0.12649298,1.9557717,2.1310384,0.17526674
gdb_126206,CCc1c(nn[nH]1)C=O,CCc1[nH]nnc1CO,2.3888404488777155,1.8384464,2.0988185,0.26037216,-0.20566107,2.537471,2.743132
gdb_126254,CCc1c([nH]nn1)C=O,CCc1nn[nH]c1CO,2.382840448877687,1.8384435,2.098819,0.2603755,-0.21254914,2.5538633,2.7664125
gdb_126319,CCc1cn(nn1)C=O,CCc1cn(CO)nn1,2.3872874488777143,2.1507106,2.5254323,0.37472177,1.1131974,2.2085085,1.095311
gdb_126323,CCc1cnnn1C=O,CCc1cnnn1CO,2.389353448877671,1.675195,2.124538,0.44934297,0.6830993,2.2123318,1.5292325
gdb_126487,CCc1c(non1)C=O,CCc1nonc1CO,0.3156906936422956,1.0067167,1.2495615,0.24284482,-0.17754345,1.0120465,1.1895899
gdb_126715,CCn1cc(nn1)C=O,CCn1cc(CO)nn1,2.3917484488777063,2.4260736,2.6479616,0.22188807,1.0452214,2.167533,1.1223115
gdb_126849,CCn1c(cnn1)C=O,CCn1nncc1CO,2.392099448877673,1.8941412,2.1885722,0.29443097,0.8191864,2.0600314,1.240845
gdb_127161,CN(C=N)c1c[nH]nn1,CN(CN)c1c[nH]nn1,6.226689448877721,5.598379,5.6381445,0.039765358,5.9584317,5.151064,-0.8073678
gdb_127172,CN(C=N)c1cnon1,CN(CN)c1cnon1,4.14888769364228,4.706163,4.7515583,0.045395374,4.254548,3.1595848,-1.0949633
gdb_127178,CN(C=O)c1c[nH]nn1,CN(CO)c1c[nH]nn1,4.086268693642296,3.6362631,3.6289008,-0.0073623657,4.536894,3.5529706,-0.9839232
gdb_127187,CN(C=O)c1cnon1,CN(CO)c1cnon1,2.009989938406932,2.7440295,2.7420309,-0.001998663,2.257154,2.9742775,0.7171235
gdb_127259,Cn1cc(nn1)N=CN,Cn1cc(NCN)nn1,6.214109448877707,5.707489,6.131411,0.42392206,4.571485,4.9068303,0.33534527
gdb_127260,CC(=O)c1cn(nn1)C,CC(O)c1cn(C)nn1,2.37614444887771,2.6927712,2.5782862,-0.114485025,1.5300441,2.0278127,0.49776864
gdb_127261,Cn1cc(nn1)C(=N)N,Cn1cc(C(N)N)nn1,6.20804144887768,6.093459,6.529347,0.4358878,5.774431,4.2208705,-1.5535607
gdb_127262,Cn1cc(nn1)C(=O)N,Cn1cc(C(N)O)nn1,4.062834693642287,4.026422,4.2046556,0.17823362,3.8646727,2.1689389,-1.6957338
gdb_127268,Cn1cc(nn1)NC=N,Cn1cc(NCN)nn1,6.2176314488776825,5.9887133,6.1314154,0.1427021,6.2072506,4.9068303,-1.3004203
gdb_127270,Cn1cc(nn1)NC=O,Cn1cc(NCO)nn1,4.076039693642315,3.893202,3.9606373,0.067435265,5.4171877,3.8617907,-1.555397
gdb_127277,CN1C=C(OC=N)N=N1,Cn1cc(OCN)nn1,4.113830693642285,4.119482,4.0857563,-0.03372574,4.9709954,3.6030178,-1.3679776
gdb_127279,Cn1cc(nn1)OC=O,Cn1cc(OCO)nn1,1.972389938406934,2.0498152,1.81474,-0.23507524,2.6612573,2.66071,-0.00054717064
gdb_127721,Cc1c(n(nn1)C)C=O,Cc1nnn(C)c1CO,2.380815448877684,2.32191,2.5802805,0.25837064,-3.0096235,2.4538217,5.463445
gdb_127727,Cc1c(nnn1C)C=O,Cc1c(CO)nnn1C,2.3863274488776938,2.44788,2.6970627,0.2491827,-3.3014312,2.0028937,5.304325
gdb_127728,Cn1c(c(nn1)C=O)N,Cn1nnc(CO)c1N,4.09800769364233,4.0400896,4.2936683,0.25357866,2.231922,2.0153394,-0.21658254
gdb_127739,Cn1c(c(nn1)N)C=O,Cn1nnc(N)c1CO,4.087109693642333,4.037443,4.315775,0.27833176,2.5886042,1.3665222,-1.222082
gdb_127750,Cn1c(c(nn1)O)C=O,Cn1nnc(O)c1CO,1.9720849384069083,1.7999885,2.0944479,0.29445934,0.6130257,0.4182682,-0.19475752
gdb_127791,CC(=O)c1cnnn1C,CC(O)c1cnnn1C,2.377938448877672,1.9229257,1.9146101,-0.008315563,1.9665238,1.7615199,-0.20500386
gdb_127792,Cn1c(cnn1)C(=O)N,Cn1nncc1C(N)O,4.068481693642298,3.229034,3.4796395,0.25060558,3.7310765,1.9715383,-1.7595382
gdb_127801,Cn1c(cnn1)NC=N,Cn1nncc1NCN,6.22760244887769,5.502925,5.710958,0.20803308,5.6935587,4.681425,-1.0121336
gdb_127802,Cn1c(cnn1)NC=O,Cn1nncc1NCO,4.086794693642332,3.4145367,3.5513892,0.1368525,4.297098,3.2148695,-1.0822287
gdb_127803,CN1N=NC=C1OC=N,Cn1nncc1OCN,4.117841693642333,3.8094075,3.560642,-0.24876547,3.8067207,2.6403227,-1.166398
gdb_127804,Cn1c(cnn1)OC=O,Cn1nncc1OCO,1.977983938406908,1.7399809,1.3190794,-0.42090154,1.9053679,1.902663,-0.0027048588
gdb_127818,Cn1c(=O)c(=O)onn1,CN1N=NOC(O)=C1O,-50.54073793197887,-50.97964,2.9498465,53.92949,-51.220356,4.082331,55.30269
gdb_127822,CN=C(c1c[nH]nn1)N,CNC(N)c1c[nH]nn1,6.214500448877686,5.318039,5.9014797,0.5834408,6.8799157,5.022023,-1.8578925
gdb_127833,CN=C(c1cnon1)N,CNC(N)c1cnon1,4.1385006936423,4.445802,4.981085,0.5352826,4.743949,3.5643451,-1.1796038
gdb_128019,CN=CNc1cnn[nH]1,CNCNc1cnn[nH]1,6.232329448877692,5.6154957,5.506918,-0.10857773,6.4148536,5.323399,-1.0914545
gdb_128022,CN=CNc1c[nH]nn1,CNCNc1c[nH]nn1,6.222803448877698,5.6154985,5.506918,-0.10858059,6.3244615,5.159515,-1.1649466
gdb_128033,CN=CNc1cnon1,CNCNc1cnon1,4.145886693642296,4.662403,4.5591397,-0.10326338,4.267383,4.6257267,0.3583436
gdb_128039,CN=COc1c[nH]nn1,CNCOc1c[nH]nn1,4.119425693642313,3.5955088,3.5275505,-0.067958355,4.071352,4.593342,0.5219898
gdb_128049,CN=COc1cnon1,CNCOc1cnon1,2.0421899384069206,2.6457517,2.5784924,-0.06725931,1.7169403,3.7414892,2.024549
gdb_128054,CNC(=N)c1c[nH]nn1,CNC(N)c1c[nH]nn1,6.216214448877679,5.099799,5.9014792,0.8016801,6.2433395,5.022023,-1.2213163
gdb_128063,CNC(=N)c1cnon1,CNC(N)c1cnon1,4.141315693642298,4.2274103,4.981086,0.75367546,4.342976,3.5643451,-0.778631
gdb_128077,CNC(=O)c1cnon1,CNC(O)c1cnon1,1.9955199384069149,2.2006788,2.7717614,0.5710826,2.5490453,2.2635167,-0.28552866
gdb_128080,CNC(=O)n1ccnn1,CNC(O)n1ccnn1,4.068287693642333,3.5144236,3.8050058,0.29058218,3.65401,2.8610194,-0.7929907
gdb_128154,CNc1c([nH]nn1)C=O,CNc1nn[nH]c1CO,4.097630693642316,3.4301682,3.6966252,0.26645708,3.1838417,4.4023566,1.2185149
gdb_128220,CNc1cn(nn1)C=O,CNc1cn(CO)nn1,4.104220693642333,3.6599767,4.059988,0.4000113,4.1692886,3.1174695,-1.0518191
gdb_128224,CNc1cnnn1C=O,CNc1cnnn1CO,4.108127693642302,3.1817765,3.662381,0.4806044,3.5558343,3.6232681,0.067433834
gdb_128381,CNc1c(non1)C=O,CNc1nonc1CO,2.030878938406943,2.59662,2.8427336,0.24611354,1.6386441,2.9231687,1.2845246
gdb_128396,CNC=Nc1c[nH]nn1,CNCNc1c[nH]nn1,6.219704448877678,5.485737,5.50692,0.021183014,6.109787,5.159515,-0.9502721
gdb_128432,COC(=N)N1C=CN=N1,COC(N)n1ccnn1,4.112111693642305,3.271455,3.6191542,0.34769917,3.0817714,2.1782842,-0.9034872
gdb_128451,COC(=O)c1cnon1,COC(O)c1cnon1,-0.1149098168284581,0.062449872,0.39253324,0.33008337,0.5840059,0.7023026,0.11829668
gdb_128454,COC(=O)n1ccnn1,COC(O)n1ccnn1,1.9624209384069216,1.343498,1.4220452,0.07854724,0.8531551,1.6533986,0.80024356
gdb_128591,COc1cn(nn1)C=O,COc1cn(CO)nn1,1.9918269384069165,1.6877766,2.078655,0.39087844,1.798055,1.6472359,-0.15081918
gdb_128595,COc1cnnn1C=O,COc1cnnn1CO,1.9942449384068937,1.20047,1.6840518,0.48358178,1.0692232,2.3111188,1.2418957
gdb_128734,COc1c(non1)C=O,COc1nonc1CO,-0.081882816828454,0.6439466,0.8936507,0.24970412,-0.40541318,1.1147437,1.5201569
gdb_128747,COC=Nc1cnn[nH]1,COCNc1cnn[nH]1,4.115225693642287,3.7233832,3.2358425,-0.48754072,4.5049663,4.7148256,0.20985937
gdb_128750,COC=Nc1c[nH]nn1,COCNc1c[nH]nn1,4.113174693642293,3.723385,3.2358449,-0.48754025,4.413247,4.7514052,0.33815813
gdb_128758,COC=Nc1cnon1,COCNc1cnon1,2.0360139384069385,2.7812932,2.2880635,-0.49322963,2.1977162,4.0546827,1.8569665
gdb_129028,N=C1C=CC(=O)NN=C1,NC1=CC=C(O)NN=C1,-28.15513643684534,-33.915127,2.0739005,35.98903,-28.19773,5.6232743,33.821003
gdb_129046,N=C1C=CNN=NC1=O,NC1=C(O)N=NNC=C1,-26.40318919208073,-30.084433,3.099024,33.183456,-26.40498,15.3586855,41.763664
gdb_129050,N=C1C=CON=CC1=N,NC1=C(N)C=NOC=C1,-28.08128543684535,-29.94354,4.0860653,34.029606,-27.700825,12.513402,40.214226
gdb_129053,N=C1C=CON=NC1=O,NC1=C(O)N=NOC=C1,-28.46862494731613,-31.685099,2.1643965,33.849495,-28.637606,14.17767,42.815277
gdb_129057,N=C1C=NC=NNC1=O,NC1=C(O)NN=CN=C1,-26.43459519208073,-29.837606,4.539854,34.37746,-26.404995,14.89686,41.301857
gdb_129074,N=C1C=NNC=CC1=O,NC1=C(O)C=CNN=C1,-28.135656436845352,-30.626982,2.049414,32.676395,-28.099447,11.802484,39.90193
gdb_129093,N=C1C=NOC=NC1=O,NC1=C(O)N=CON=C1,-28.51782394731612,-31.765116,3.098036,34.86315,-28.647432,14.146627,42.79406
gdb_129107,N=C1CC2=C(NN=C2)O1,NC1Cc2cn[nH]c2O1,2.133934507940751,2.3712008,1.9526427,-0.41855812,2.0743823,2.2514915,0.17710924
gdb_129128,N=C1N=CN=NNC1=O,NC1=C(O)NN=NC=N1,-24.704058947316128,-29.53554,5.0129185,34.54846,-24.782589,15.721916,40.504505
gdb_129158,N=C1N=NON=NC1=O,NC1=C(O)N=NON=N1,-24.97147745778693,-29.815205,4.6530437,34.468246,-25.67428,14.996842,40.671124
gdb_129185,N=C1NCC2=C1ON=N2,NC1NCc2nnoc21,3.880086752705381,3.5897443,4.4338546,0.84411025,3.7015846,4.0433292,0.34174466
gdb_129287,N=C1ON=CC(=O)C=C1,NC1=CC=C(O)C=NO1,-30.22788019208076,-35.247787,1.274584,36.522373,-30.281166,4.7384663,35.01963
gdb_129306,N=C1ON=CN=CC1=N,NC1=C(N)ON=CN=C1,-26.379454192080743,-29.227663,6.0084743,35.236137,-26.39483,15.324035,41.718864
gdb_129317,N=C1ON=NC(=O)N=C1,NC1=CN=C(O)N=NO1,-26.93978470255155,-34.14304,4.5387516,38.681793,-26.920961,7.471302,34.392265
gdb_129353,N=COCC1=CN=NN1,NCOCc1cnn[nH]1,4.121210693642297,3.4629614,3.6641333,0.20117188,3.8312902,2.494461,-1.3368292
gdb_129356,N=COCC1=CNN=N1,NCOCc1c[nH]nn1,4.116652693642322,3.4629595,3.6641324,0.20117283,3.7427604,2.333897,-1.4088633
gdb_129366,N=COCC1=NON=C1,NCOCc1cnon1,2.0407209384069347,2.5226157,2.7148917,0.192276,2.2165372,1.8643179,-0.35221934
gdb_129370,c1(c([nH]nn1)N)C(=N)N,Nc1[nH]nnc1C(N)N,7.905801693642331,6.7930584,7.30833,0.51527166,7.901926,4.9741325,-2.9277935
gdb_129399,c1(c(non1)N)C(=N)N,Nc1nonc1C(N)N,5.828158938406943,5.9479947,6.495209,0.5472145,5.7547417,4.09976,-1.6549816
gdb_129406,NC(=[NH2+])N1N=NC=C1[O-],NC([NH2+])n1nncc1[O-],5.792660938406925,4.8343973,5.4861727,0.65177536,5.1785665,2.7311735,-2.447393
gdb_129427,c1(c(nn[nH]1)N)C(=O)N,Nc1nn[nH]c1C(N)O,5.770534938406911,4.7674537,4.9418416,0.17438793,5.8884487,4.3584046,-1.5300441
gdb_129459,c1(c(non1)N)C(=O)N,Nc1nonc1C(N)O,3.685675183171554,3.9210503,4.1291437,0.2080934,3.6988082,2.529088,-1.1697202
gdb_129462,c1c([nH]nn1)CC(=O)N,NC(O)Cc1cnn[nH]1,4.0666576936422985,3.327,3.3569262,0.0299263,4.145081,4.046067,-0.099013805
gdb_129465,c1c(nn[nH]1)CC(=O)N,NC(O)Cc1c[nH]nn1,4.068591693642304,3.326998,3.356929,0.029931068,4.145081,4.0192037,-0.12587738
gdb_129475,c1c(non1)CC(=O)N,NC(O)Cc1cnon1,1.990628938406928,2.3824832,2.4078481,0.025364876,2.3644233,2.4098582,0.04543495
gdb_129478,c1cn(nn1)CC(=O)N,NC(O)Cn1ccnn1,4.07464569364231,3.3788764,3.4569604,0.07808399,3.0640395,2.619216,-0.4448235
gdb_129486,c1c(nnn1C(=O)N)N,Nc1cn(C(N)O)nn1,5.768008938406922,5.1872525,5.3214865,0.13423395,6.2876205,4.9548845,-1.332736
gdb_129487,c1c(nnn1C(=O)N)O,NC(O)n1cc(O)nn1,3.649522183171541,2.9608548,3.0936975,0.13284278,3.583398,3.6584518,0.07505369
gdb_129507,c1c(n(nn1)C(=O)N)N,Nc1cnnn1C(N)O,5.763713938406909,4.81518,5.0482664,0.23308659,5.096013,3.1846495,-1.9113636
gdb_129516,c1c(nn[nH]1)NC(=O)N,NC(O)Nc1c[nH]nn1,5.764954938406902,4.9011,4.5384464,-0.36265373,6.1694155,5.0073333,-1.1620822
gdb_129526,c1c(non1)NC(=O)N,NC(O)Nc1cnon1,3.687782183171521,3.9553602,3.5933526,-0.36200762,3.7180614,3.714347,-0.0037145615
gdb_129532,c1c(nn[nH]1)OC(=O)N,NC(O)Oc1c[nH]nn1,3.651836183171554,3.1179101,2.3372157,-0.7806945,3.5796628,3.6222215,0.04255867
gdb_129541,c1c(non1)OC(=O)N,NC(O)Oc1cnon1,1.575721427936173,2.1709592,1.3884928,-0.7824664,1.7301552,2.5451663,0.815011
gdb_129664,C(=O)n1c(c(nn1)N)N,Nc1nnn(CO)c1N,5.806221938406907,5.1157913,5.6696215,0.55383015,4.927379,3.785801,-1.1415782
gdb_129674,C(=N)Nc1c([nH]nn1)N,NCNc1nn[nH]c1N,7.92326669364229,6.940875,7.1528835,0.21200848,7.4517393,7.814091,0.3623519
gdb_129680,C(=O)Nc1c([nH]nn1)N,Nc1[nH]nnc1NCO,5.781624938406935,4.85301,4.990475,0.137465,5.954591,5.8240447,-0.1305461
gdb_129683,C(=O)Nc1c(nn[nH]1)N,Nc1nn[nH]c1NCO,5.784645938406925,4.8530173,4.99047,0.1374526,6.002169,5.770756,-0.23141336
gdb_129699,NC1=C(NN=N1)OC=N,NCOc1[nH]nnc1N,5.826906938406921,5.2559814,4.9797707,-0.27621078,5.626954,5.5077915,-0.11916256
gdb_129700,C(=O)Oc1c(nn[nH]1)N,Nc1nn[nH]c1OCO,3.685278183171533,3.186582,2.739152,-0.44743013,3.6288378,4.849891,1.2210534
gdb_129720,C(=O)n1c(c(nn1)N)O,Nc1nnn(CO)c1O,3.6886251831715526,2.9277508,3.4935431,0.5657923,2.9865131,2.15437,-0.83214307
gdb_129722,C(=O)n1c(c(nn1)O)N,Nc1c(O)nnn1CO,3.688077183171515,2.8786476,3.4342186,0.5555711,3.0052207,2.157772,-0.8474486
gdb_129739,NC1=C(OC=N)N=NN1,NCOc1nn[nH]c1N,5.822897938406925,5.255984,4.979769,-0.2762146,5.657161,5.494529,-0.16263247
gdb_129745,C(=O)Oc1c([nH]nn1)N,Nc1[nH]nnc1OCO,3.681001183171532,3.1865807,2.7391522,-0.44742846,3.5976746,5.0457335,1.4480588
gdb_130014,c1nc2n(n1)CC(=N2)N,NC1Cn2ncnc2N1,5.93554850794078,6.0174847,5.6097517,-0.40773296,4.133513,5.17749,1.0439773
gdb_130033,c1c2c([nH]n1)CN=C2N,NC1NCc2[nH]ncc21,4.242185263176168,3.3133094,4.4032125,1.0899031,4.360383,4.1310015,-0.22938156
gdb_130036,NC1=NCC2=C1N=NO2,NC1NCc2onnc21,3.836235752705363,3.7227728,4.584236,0.8614633,4.2657895,4.0433292,-0.22246027
gdb_130332,C(=N)Nc1c(non1)N,NCNc1nonc1N,5.841442938406942,6.0398307,6.254407,0.21457624,5.791974,5.583007,-0.20896721
gdb_130333,C(=O)Nc1c(non1)N,Nc1nonc1NCO,3.7012541831715566,3.9519799,4.0920362,0.14005637,3.7312415,4.9997263,1.2684848
gdb_130334,NC1=NON=C1OC=N,NCOc1nonc1N,3.739164183171511,4.3808947,4.095965,-0.28492975,3.924598,4.619547,0.6949489
gdb_130335,C(=O)Oc1c(non1)N,Nc1nonc1OCO,1.5992154279361444,2.3114738,1.8553426,-0.45613122,1.8448743,4.007795,2.1629205
gdb_130354,C(=Nc1c([nH]nn1)N)N,NCNc1nn[nH]c1N,7.921075693642308,6.6132517,7.1528907,0.539639,7.764955,7.814091,0.04913616
gdb_130384,C(=Nc1c(non1)N)N,NCNc1nonc1N,5.835501938406935,5.757652,6.254409,0.49675703,6.140793,5.583007,-0.557786
gdb_130551,C#CC(=O)c1cnon1,C#CC(O)c1cnon1,-0.7430307481690193,-0.3078416,-0.13287693,0.17496467,-1.086423,-0.27968416,0.80673885
gdb_130554,C#CC(=O)n1ccnn1,C#CC(O)n1ccnn1,1.3299090070663624,0.89752024,0.8633458,-0.034174442,1.2425834,0.048562147,-1.1940212
gdb_130573,c1c(non1)C(=O)C#N,N#CC(O)c1cnon1,0.9209724965955388,1.5091565,1.6499999,0.14084339,0.8773461,1.4936149,0.6162688
gdb_130576,c1cn(nn1)C(=O)C#N,N#CC(O)n1ccnn1,2.994655251830977,2.7428076,2.6478188,-0.09498882,4.5230627,1.9399389,-2.5831237
gdb_130589,c1c2c([nH]n1)C(=O)C=C2,OC1CCc2cn[nH]c21,0.1255264081275982,-1.1262558,0.2820794,1.4083352,0.010079912,0.4735765,0.46349657
gdb_130598,c1c2n(nn1)C=CC2=O,OC1CCn2nncc21,1.8470826528922544,0.214719,1.6737027,1.4589837,0.8148665,1.854918,1.0400515
gdb_130616,c1c(=O)c(=O)ncon1,OC1=C(O)N=CON=C1,-30.646603702551545,-34.2104,0.6362478,34.84665,-30.855902,12.346643,43.202545
gdb_130625,c1c2c([nH]n1)CC(=O)N2,OC1Cc2[nH]ncc2N1,2.104408507940775,1.8207378,1.7225978,-0.09814,2.0976586,2.224027,0.12636828
gdb_130658,c1c2n(nn1)C(=O)CO2,OC1COc2cnnn21,1.730562997469974,1.0076942,1.43904,0.4313457,1.5993389,0.72180796,-0.87753093
gdb_130697,c1c2n(nn1)C(=O)NC2,OC1NCc2cnnn21,3.821173752705363,3.1271129,3.7117531,0.58464026,3.2931314,2.5012271,-0.7919042
gdb_130749,c1c2c(on1)C(=O)OC2,OC1OCc2cnoc21,-2.0967410025299955,-2.3691468,-1.8402283,0.5289185,-1.9713709,-1.5911293,0.38024163
gdb_130781,c1cnoc(=O)c(=O)n1,OC1=C(O)ON=CC=N1,-30.653921702551543,-34.49284,1.1804144,35.673256,-30.923851,11.741342,42.66519
gdb_130794,O=C1ON=NC(=O)N=C1,OC1=CN=C(O)N=NO1,-29.03612045778692,-36.407734,2.397196,38.80493,-29.219448,5.4109054,34.630352
gdb_130806,c1c(nn[nH]1)C#CC=O,OCC#Cc1c[nH]nn1,1.328208007066337,0.18853873,0.7198383,0.5312996,0.8765856,-0.7384998,-1.6150854
gdb_130816,c1c(non1)C#CC=O,OCC#Cc1cnon1,-0.7430787481690686,-0.7051788,-0.1734801,0.5316987,-0.7994952,-0.83716786,-0.03767264
gdb_130829,c1c(non1)C(=O)C=O,OCC(O)c1cnon1,-0.3889686718769098,-0.018310368,0.4738044,0.49211478,-0.61126095,0.4750727,1.0863336
gdb_130832,c1cn(nn1)C(=O)C=O,OCC(O)n1ccnn1,1.6817220833585225,1.1858013,1.5218458,0.33604455,2.2474623,1.3059211,-0.9415412
gdb_130846,C#Cc1c([nH]nn1)C=O,C#Cc1nn[nH]c1CO,1.326043007066346,0.6824791,0.952516,0.27003694,1.2116449,0.8817633,-0.3298816
gdb_130915,C#Cc1c(non1)C=O,C#Cc1nonc1CO,-0.7380047481690326,-0.0917986,0.15972644,0.25152504,-0.985726,-0.7236454,0.2620806
gdb_130916,C(=O)c1c(non1)C#N,N#Cc1nonc1CO,0.9255824965955526,1.4713349,1.722558,0.2512231,1.1079513,1.0056032,-0.10234809
gdb_130917,C(=O)c1c(non1)C=O,OCc1nonc1CO,-0.3833066718768805,0.3542809,0.841924,0.48764312,-0.3542864,0.86835855,1.2226449
gdb_131006,c1c(nnn1C=O)C=O,OCc1cn(CO)nn1,1.6799300833584994,1.4878554,2.128473,0.6406176,0.2582182,1.1044139,0.8461957
gdb_131007,C#Cc1cn(nn1)C=O,C#Cc1cn(CO)nn1,1.330777007066331,0.9490332,1.3785777,0.4295445,0.56935894,-0.72499114,-1.2943501
gdb_131008,c1c(nnn1C=O)C#N,N#Cc1cn(CO)nn1,2.989764251830934,2.667975,3.0974631,0.42948818,1.8100185,1.4473095,-0.36270905
gdb_131037,C#Cc1cnnn1C=O,C#Cc1cnnn1CO,1.3293690070663615,0.4719264,0.9588837,0.4869573,0.040613085,-0.39915088,-0.43976396
gdb_131038,c1c(n(nn1)C=O)C#N,N#Cc1cnnn1CO,2.99122925183093,2.0401337,2.5279336,0.48779988,0.417671,0.87578213,0.45811114
gdb_131039,c1c(n(nn1)C=O)C=O,OCc1cnnn1CO,1.6819780833585014,0.95947903,1.7282691,0.76879007,-1.036355,1.1242884,2.1606436
gdb_131052,c1c([nH]nn1)CNC=O,OCNCc1cnn[nH]1,4.0796006936423055,3.5693152,3.8388903,0.26957512,4.2866626,2.7280219,-1.5586407
gdb_131055,c1c(nn[nH]1)CNC=O,OCNCc1c[nH]nn1,4.081380693642302,3.5693228,3.8388846,0.26956177,4.279163,2.7331226,-1.5460403
gdb_131065,c1c(non1)CNC=O,OCNCc1cnon1,2.0040799384069032,2.6259615,2.8878334,0.2618718,2.2087047,1.5125971,-0.6961076
gdb_131077,c1c([nH]nn1)COC=O,OCOCc1cnn[nH]1,1.978530938406948,1.3812087,1.5188696,0.13766098,2.1716034,1.2225338,-0.9490696
gdb_131080,c1c(nn[nH]1)COC=O,OCOCc1c[nH]nn1,1.973307938406947,1.3812029,1.5188687,0.13766575,1.9740533,1.2129685,-0.7610848
gdb_131090,c1c(non1)COC=O,OCOCc1cnon1,-0.1016238168284644,0.44085568,0.56962746,0.12877178,0.32041517,0.038763892,-0.2816513
gdb_131164,C(=N)Nc1c([nH]nn1)O,NCNc1nn[nH]c1O,5.794263938406914,4.648532,4.859493,0.21096087,5.5523725,5.758349,0.20597649
gdb_131166,C(=N)Nc1c(nn[nH]1)O,NCNc1[nH]nnc1O,5.805594938406898,4.6485295,4.8594885,0.21095896,5.547545,5.70506,0.15751505
gdb_131168,C(=O)Nc1c(nn[nH]1)O,OCNc1[nH]nnc1O,3.666274183171538,2.5606728,2.697097,0.1364243,3.5398047,4.0402555,0.50045085
gdb_131181,OC1=C(OC=N)N=NN1,NCOc1nn[nH]c1O,3.7072111831715233,2.9690726,2.6915421,-0.27753043,3.6076136,4.589445,0.98183155
gdb_131184,C(=O)Oc1c([nH]nn1)O,OCOc1nn[nH]c1O,1.5656654279361533,0.8996598,0.45091885,-0.44874096,1.8117458,3.7569017,1.945156
gdb_131461,OC1=NON=C1OC=N,NCOc1nonc1O,1.6262674279361704,2.099491,1.8135188,-0.28597212,1.8373373,4.0116525,2.1743152
gdb_131462,C(=O)Oc1c(non1)O,OCOc1nonc1O,-0.5137143272992262,0.030083597,-0.42710596,-0.45718956,0.6263941,2.2514212,1.6250272
gdb_131594,c1c(non1)C(=O)CO,OCC(O)c1cnon1,-0.0896698168284615,0.19582194,0.4738018,0.27797985,-0.09510659,0.4750727,0.5701793
gdb_131597,c1cn(nn1)C(=O)CO,OCC(O)n1ccnn1,1.9808339384069316,1.3601143,1.5218484,0.1617341,0.40066838,1.3059211,0.9052527
gdb_131674,c1c(nnn1C=O)CO,OCc1cn(CO)nn1,1.9879459384069376,1.7509284,2.1284702,0.37754178,-0.079303846,1.1044139,1.1837177
gdb_131676,c1c(n(nn1)C=O)CO,OCc1cnnn1CO,1.9926389384069123,1.2822287,1.7282703,0.44604158,0.11576487,1.1242884,1.0085236
gdb_131765,C(c1c(non1)C=O)O,OCc1nonc1CO,-0.093672816828473,0.5990626,0.8419259,0.2428633,-0.2307012,0.86835855,1.0990597
gdb_131918,c1cnc(cn1)N(=O)=O,[O-][NH+](O)c1cnccn1,23.62302341259891,22.743958,24.65832,1.914362,24.073864,24.129614,0.055749893
gdb_131922,c1cnc(cn1)N(=O)=O,[O-][NH+](O)c1cnccn1,23.623022412598917,22.74396,24.658323,1.9143639,24.073864,24.129614,0.055749893
gdb_131962,Cc1c(non1)N(=O)=O,Cc1nonc1[NH+]([O-])O,1.697387427936178,1.9665344,3.0208576,1.0543232,1.8388394,1.0769308,-0.76190865
gdb_131964,Cn1cc(nn1)N(=O)=O,Cn1cc([NH+]([O-])O)nn1,3.774984183171512,3.732853,4.9763436,1.2434907,3.077482,2.2100902,-0.8673918
gdb_131971,Cn1c(cnn1)N(=O)=O,Cn1nncc1[NH+]([O-])O,3.777883183171525,3.0460436,4.2356267,1.1895831,2.7748792,1.346024,-1.4288552
gdb_131990,c1(c(non1)N(=O)=O)N,Nc1nonc1[NH+]([O-])O,3.4033166727007256,3.676259,4.7812433,1.1049843,3.3286512,1.3518988,-1.9767524
gdb_132416,c1c(nc(cn1)F)C=O,OCc1cncc(F)n1,15.563193412598936,13.901584,14.658856,0.7572727,15.520114,15.8719,0.35178566
gdb_132707,c1c(ncc(n1)F)C=O,OCc1cnc(F)cn1,15.562423412598946,13.624369,14.456229,0.83186054,15.364995,15.147767,-0.21722794
gdb_132711,c1c(ncc(n1)F)C=O,OCc1cnc(F)cn1,15.562423412598946,13.624371,14.456228,0.8318577,15.364995,15.147767,-0.21722794
gdb_132845,c1cnc(c(n1)C=O)F,OCc1nccnc1F,15.56023141259891,14.2459755,14.599708,0.3537321,14.976931,15.824175,0.84724426
gdb_133510,FC(F)(F)C(=N)N1CC1,NC(N1CC1)C(F)(F)F,-16.72531398490662,-15.868605,-16.061628,-0.19302368,-16.625555,-15.955611,0.6699438
gdb_133514,C1CN1C(=O)C(F)(F)F,OC(N1CC1)C(F)(F)F,-18.863424740142023,-17.853743,-18.022612,-0.16886902,-18.288994,-20.433031,-2.1440372
gdb_133585,FC(F)(F)C1CN1C=O,OCN1CC1C(F)(F)F,-18.86681474014199,-17.722143,-17.876806,-0.15466309,-19.871948,-20.974926,-1.1029778
